entity_id,account_id,entity_type,date,amount,type,narration
E001,CURR001,msme,2022-01-01,5217.7,credit,UPI/GPAY CUSTOMER
E001,CURR001,msme,2022-01-01,12238.55,credit,UPI/GPAY CUSTOMER
E001,CURR001,msme,2022-01-01,6718.88,credit,RTGS/INVOICE 1234
E001,CURR001,msme,2022-01-01,6718.97,credit,RTGS/INVOICE 1234
E001,CURR001,msme,2022-01-01,14845.45,debit,TDS PAYMENT
E001,CURR001,msme,2022-01-02,14972.16,credit,UPI/CUSTOMER PAY
E001,CURR001,msme,2022-01-02,9764.18,credit,UPI/CUSTOMER PAY
E001,CURR001,msme,2022-01-02,5337.95,debit,EMI/HDFC LOAN
E001,CURR001,msme,2022-01-03,1002.21,credit,NEFT/SALES PAYMENT
E001,CURR001,msme,2022-01-03,17331.76,credit,RTGS/INVOICE 1234
E001,CURR001,msme,2022-01-03,3603.77,credit,NEFT/SALES BULK ORDER
E001,CURR001,msme,2022-01-03,6124.01,debit,TDS PAYMENT
E001,CURR001,msme,2022-01-03,5741.38,debit,GST PAYMENT
E001,CURR001,msme,2022-01-03,2871.0,debit,ELECTRICITY BILL
E001,CURR001,msme,2022-01-04,8935.39,credit,UPI/GPAY CUSTOMER
E001,CURR001,msme,2022-01-04,5365.0,credit,NEFT/SALES PAYMENT
E001,CURR001,msme,2022-01-04,1189.51,debit,UPI/VENDOR PAY
E001,CURR001,msme,2022-01-04,10760.06,debit,RENT/OFFICE
E001,CURR001,msme,2022-01-04,2909.24,debit,GST PAYMENT
E001,CURR001,msme,2022-01-05,4347.23,credit,NEFT/SALES BULK ORDER
E001,CURR001,msme,2022-01-05,5287.39,credit,IMPS/CUSTOMER PAY
E001,CURR001,msme,2022-01-05,8067.33,credit,NEFT/SALES PAYMENT
E001,CURR001,msme,2022-01-05,15647.02,credit,UPI/CUSTOMER PAY
E001,CURR001,msme,2022-01-05,2091.02,debit,TDS PAYMENT
E001,CURR001,msme,2022-01-05,6161.65,debit,RENT/OFFICE
E001,CURR001,msme,2022-01-06,2657.83,credit,UPI/CUSTOMER PAY
E001,CURR001,msme,2022-01-06,9651.91,credit,IMPS/CUSTOMER PAY
E001,CURR001,msme,2022-01-06,16406.11,credit,NEFT/SALES BULK ORDER
E001,CURR001,msme,2022-01-06,7387.03,credit,UPI/GPAY CUSTOMER
E001,CURR001,msme,2022-01-06,3980.76,debit,ELECTRICITY BILL
E001,CURR001,msme,2022-01-06,3560.13,debit,GST PAYMENT
E001,CURR001,msme,2022-01-07,18876.97,credit,NEFT/SALES PAYMENT
E001,CURR001,msme,2022-01-07,4126.83,credit,NEFT/SALES PAYMENT
E001,CURR001,msme,2022-01-07,3431.22,debit,EMI/HDFC LOAN
E001,CURR001,msme,2022-01-07,3059.95,debit,NEFT/SUPPLIER PAY
E001,CURR001,msme,2022-01-07,7541.48,debit,ELECTRICITY BILL
E001,CURR001,msme,2022-01-08,13481.1,credit,RTGS/INVOICE 1234
E001,CURR001,msme,2022-01-08,3923.05,credit,NEFT/SALES PAYMENT
E001,CURR001,msme,2022-01-08,14168.16,credit,UPI/CUSTOMER PAY
E001,CURR001,msme,2022-01-08,9310.35,credit,NEFT/SALES PAYMENT
E001,CURR001,msme,2022-01-08,4368.86,debit,EMI/HDFC LOAN
E001,CURR001,msme,2022-01-08,11107.08,debit,NEFT/SUPPLIER PAY
E001,CURR001,msme,2022-01-08,13742.64,debit,RENT/OFFICE
E001,CURR001,msme,2022-01-09,3297.37,credit,NEFT/SALES BULK ORDER
E001,CURR001,msme,2022-01-09,15801.12,credit,NEFT/SALES PAYMENT
E001,CURR001,msme,2022-01-09,10272.74,credit,RTGS/INVOICE 1234
E001,CURR001,msme,2022-01-09,10821.7,credit,NEFT/SALES PAYMENT
E001,CURR001,msme,2022-01-09,3128.84,debit,UPI/VENDOR PAY
E001,CURR001,msme,2022-01-10,7874.14,credit,NEFT/SALES PAYMENT
E001,CURR001,msme,2022-01-10,28331.09,credit,UPI/CUSTOMER PAY
E001,CURR001,msme,2022-01-10,8687.48,credit,NEFT/SALES BULK ORDER
E001,CURR001,msme,2022-01-10,6379.18,credit,UPI/GPAY CUSTOMER
E001,CURR001,msme,2022-01-10,6053.28,debit,ELECTRICITY BILL
E001,CURR001,msme,2022-01-10,2393.04,debit,NEFT/SALARY
E001,CURR001,msme,2022-01-11,4243.76,credit,UPI/CUSTOMER PAY
E001,CURR001,msme,2022-01-11,5424.03,credit,UPI/CUSTOMER PAY
E001,CURR001,msme,2022-01-11,3205.98,debit,GST PAYMENT
E001,CURR001,msme,2022-01-12,6292.21,credit,IMPS/CUSTOMER PAY
E001,CURR001,msme,2022-01-12,24281.98,credit,NEFT/SALES BULK ORDER
E001,CURR001,msme,2022-01-12,9324.89,credit,NEFT/SALES PAYMENT
E001,CURR001,msme,2022-01-12,4102.17,debit,NEFT/SALARY
E001,CURR001,msme,2022-01-12,6786.35,debit,TDS PAYMENT
E001,CURR001,msme,2022-01-12,2672.55,debit,NEFT/SALARY
E001,CURR001,msme,2022-01-13,5402.87,credit,IMPS/CUSTOMER PAY
E001,CURR001,msme,2022-01-13,5905.19,credit,NEFT/SALES BULK ORDER
E001,CURR001,msme,2022-01-13,4014.24,debit,NEFT/SALARY
E001,CURR001,msme,2022-01-13,5712.76,debit,EMI/HDFC LOAN
E001,CURR001,msme,2022-01-13,1193.18,debit,GST PAYMENT
E001,CURR001,msme,2022-01-14,8003.33,credit,NEFT/SALES BULK ORDER
E001,CURR001,msme,2022-01-14,7927.55,credit,IMPS/CUSTOMER PAY
E001,CURR001,msme,2022-01-14,1282.88,debit,EMI/HDFC LOAN
E001,CURR001,msme,2022-01-14,4824.39,debit,NEFT/SUPPLIER PAY
E001,CURR001,msme,2022-01-14,5279.8,debit,UPI/VENDOR PAY
E001,CURR001,msme,2022-01-15,5732.53,credit,UPI/GPAY CUSTOMER
E001,CURR001,msme,2022-01-15,21798.86,credit,IMPS/CUSTOMER PAY
E001,CURR001,msme,2022-01-15,2588.46,credit,UPI/CUSTOMER PAY
E001,CURR001,msme,2022-01-15,6234.63,debit,NEFT/SUPPLIER PAY
E001,CURR001,msme,2022-01-16,8055.38,credit,NEFT/SALES BULK ORDER
E001,CURR001,msme,2022-01-16,6826.32,credit,NEFT/SALES PAYMENT
E001,CURR001,msme,2022-01-16,4668.74,credit,IMPS/CUSTOMER PAY
E001,CURR001,msme,2022-01-16,24890.35,credit,IMPS/CUSTOMER PAY
E001,CURR001,msme,2022-01-16,1842.18,debit,NEFT/SALARY
E001,CURR001,msme,2022-01-16,7035.31,debit,EMI/HDFC LOAN
E001,CURR001,msme,2022-01-17,12516.35,credit,IMPS/CUSTOMER PAY
E001,CURR001,msme,2022-01-17,15240.91,credit,NEFT/SALES BULK ORDER
E001,CURR001,msme,2022-01-17,11443.66,credit,RTGS/INVOICE 1234
E001,CURR001,msme,2022-01-17,14393.08,credit,RTGS/INVOICE 1234
E001,CURR001,msme,2022-01-17,2524.93,debit,GST PAYMENT
E001,CURR001,msme,2022-01-17,4445.18,debit,ELECTRICITY BILL
E001,CURR001,msme,2022-01-17,7569.65,debit,UPI/VENDOR PAY
E001,CURR001,msme,2022-01-18,20647.84,credit,UPI/CUSTOMER PAY
E001,CURR001,msme,2022-01-18,16295.65,credit,IMPS/CUSTOMER PAY
E001,CURR001,msme,2022-01-18,8685.95,debit,UPI/VENDOR PAY
E001,CURR001,msme,2022-01-18,2076.41,debit,NEFT/SUPPLIER PAY
E001,CURR001,msme,2022-01-19,2062.3,credit,NEFT/SALES PAYMENT
E001,CURR001,msme,2022-01-19,8912.26,credit,IMPS/CUSTOMER PAY
E001,CURR001,msme,2022-01-19,5895.34,debit,EMI/HDFC LOAN
E001,CURR001,msme,2022-01-20,15145.49,credit,RTGS/INVOICE 1234
E001,CURR001,msme,2022-01-20,15567.21,credit,NEFT/SALES BULK ORDER
E001,CURR001,msme,2022-01-20,6837.62,debit,NEFT/SUPPLIER PAY
E001,CURR001,msme,2022-01-20,8935.6,debit,NEFT/SUPPLIER PAY
E001,CURR001,msme,2022-01-21,33889.99,credit,NEFT/SALES PAYMENT
E001,CURR001,msme,2022-01-21,9319.52,credit,IMPS/CUSTOMER PAY
E001,CURR001,msme,2022-01-21,3061.06,credit,RTGS/INVOICE 1234
E001,CURR001,msme,2022-01-21,8218.56,debit,EMI/HDFC LOAN
E001,CURR001,msme,2022-01-22,3775.93,credit,UPI/GPAY CUSTOMER
E001,CURR001,msme,2022-01-22,5596.96,credit,RTGS/INVOICE 1234
E001,CURR001,msme,2022-01-22,3327.59,credit,NEFT/SALES PAYMENT
E001,CURR001,msme,2022-01-22,7661.54,debit,TDS PAYMENT
E001,CURR001,msme,2022-01-23,93795.88,credit,IMPS/CUSTOMER PAY
E001,CURR001,msme,2022-01-23,16365.63,credit,RTGS/INVOICE 1234
E001,CURR001,msme,2022-01-23,6689.7,credit,RTGS/INVOICE 1234
E001,CURR001,msme,2022-01-23,8187.81,credit,NEFT/SALES BULK ORDER
E001,CURR001,msme,2022-01-23,13595.22,debit,NEFT/SUPPLIER PAY
E001,CURR001,msme,2022-01-23,3785.06,debit,NEFT/SUPPLIER PAY
E001,CURR001,msme,2022-01-23,6991.97,debit,NEFT/SALARY
E001,CURR001,msme,2022-01-24,8028.34,credit,IMPS/CUSTOMER PAY
E001,CURR001,msme,2022-01-24,9437.81,credit,UPI/GPAY CUSTOMER
E001,CURR001,msme,2022-01-24,10527.84,credit,UPI/GPAY CUSTOMER
E001,CURR001,msme,2022-01-24,12152.14,credit,UPI/GPAY CUSTOMER
E001,CURR001,msme,2022-01-24,21659.95,debit,GST PAYMENT
E001,CURR001,msme,2022-01-25,27923.65,credit,NEFT/SALES BULK ORDER
E001,CURR001,msme,2022-01-25,4115.7,credit,NEFT/SALES PAYMENT
E001,CURR001,msme,2022-01-25,1702.08,debit,NEFT/SUPPLIER PAY
E001,CURR001,msme,2022-01-25,1921.8,debit,TDS PAYMENT
E001,CURR001,msme,2022-01-25,1579.42,debit,UPI/VENDOR PAY
E001,CURR001,msme,2022-01-26,3995.46,credit,IMPS/CUSTOMER PAY
E001,CURR001,msme,2022-01-26,9163.47,credit,UPI/CUSTOMER PAY
E001,CURR001,msme,2022-01-26,4087.99,credit,UPI/CUSTOMER PAY
E001,CURR001,msme,2022-01-26,3562.97,credit,NEFT/SALES PAYMENT
E001,CURR001,msme,2022-01-26,6588.28,debit,ELECTRICITY BILL
E001,CURR001,msme,2022-01-27,4525.38,credit,UPI/CUSTOMER PAY
E001,CURR001,msme,2022-01-27,12234.66,credit,NEFT/SALES PAYMENT
E001,CURR001,msme,2022-01-27,7042.02,debit,GST PAYMENT
E001,CURR001,msme,2022-01-28,5193.92,credit,RTGS/INVOICE 1234
E001,CURR001,msme,2022-01-28,7315.95,credit,NEFT/SALES BULK ORDER
E001,CURR001,msme,2022-01-28,2325.18,credit,IMPS/CUSTOMER PAY
E001,CURR001,msme,2022-01-28,19935.23,debit,EMI/HDFC LOAN
E001,CURR001,msme,2022-01-28,5458.25,debit,EMI/HDFC LOAN
E001,CURR001,msme,2022-01-28,5424.25,debit,GST PAYMENT
E001,CURR001,msme,2022-01-29,5555.0,credit,NEFT/SALES BULK ORDER
E001,CURR001,msme,2022-01-29,19363.8,credit,UPI/GPAY CUSTOMER
E001,CURR001,msme,2022-01-29,28234.62,credit,NEFT/SALES BULK ORDER
E001,CURR001,msme,2022-01-29,5377.54,debit,ELECTRICITY BILL
E001,CURR001,msme,2022-01-30,8403.95,credit,RTGS/INVOICE 1234
E001,CURR001,msme,2022-01-30,4811.29,credit,NEFT/SALES BULK ORDER
E001,CURR001,msme,2022-01-30,2846.0,credit,UPI/CUSTOMER PAY
E001,CURR001,msme,2022-01-30,1219.97,debit,UPI/VENDOR PAY
E001,CURR001,msme,2022-01-30,6998.78,debit,RENT/OFFICE
E001,CURR001,msme,2022-01-30,9009.44,debit,EMI/HDFC LOAN
E001,CURR001,msme,2022-01-31,7388.07,credit,IMPS/CUSTOMER PAY
E001,CURR001,msme,2022-01-31,15762.15,credit,IMPS/CUSTOMER PAY
E001,CURR001,msme,2022-01-31,17262.73,credit,UPI/GPAY CUSTOMER
E001,CURR001,msme,2022-01-31,11926.1,debit,NEFT/SUPPLIER PAY
E001,CURR001,msme,2022-02-01,10958.13,credit,IMPS/CUSTOMER PAY
E001,CURR001,msme,2022-02-01,30366.06,credit,UPI/GPAY CUSTOMER
E001,CURR001,msme,2022-02-01,5221.79,debit,NEFT/SALARY
E001,CURR001,msme,2022-02-01,3245.36,debit,RENT/OFFICE
E001,CURR001,msme,2022-02-01,3875.5,debit,GST PAYMENT
E001,CURR001,msme,2022-02-02,4220.81,credit,NEFT/SALES PAYMENT
E001,CURR001,msme,2022-02-02,14175.55,credit,NEFT/SALES BULK ORDER
E001,CURR001,msme,2022-02-02,7479.55,debit,TDS PAYMENT
E001,CURR001,msme,2022-02-03,5790.43,credit,IMPS/CUSTOMER PAY
E001,CURR001,msme,2022-02-03,9057.63,credit,UPI/GPAY CUSTOMER
E001,CURR001,msme,2022-02-03,6250.92,credit,UPI/CUSTOMER PAY
E001,CURR001,msme,2022-02-03,7095.57,debit,NEFT/SALARY
E001,CURR001,msme,2022-02-03,11094.61,debit,RENT/OFFICE
E001,CURR001,msme,2022-02-04,8169.69,credit,NEFT/SALES BULK ORDER
E001,CURR001,msme,2022-02-04,12761.84,credit,UPI/CUSTOMER PAY
E001,CURR001,msme,2022-02-04,5451.94,debit,GST PAYMENT
E001,CURR001,msme,2022-02-05,13177.56,credit,RTGS/INVOICE 1234
E001,CURR001,msme,2022-02-05,18508.96,credit,NEFT/SALES BULK ORDER
E001,CURR001,msme,2022-02-05,9716.57,credit,RTGS/INVOICE 1234
E001,CURR001,msme,2022-02-05,6523.92,credit,UPI/GPAY CUSTOMER
E001,CURR001,msme,2022-02-05,6981.36,debit,NEFT/SALARY
E001,CURR001,msme,2022-02-05,10326.28,debit,GST PAYMENT
E001,CURR001,msme,2022-02-05,2648.75,debit,TDS PAYMENT
E001,CURR001,msme,2022-02-06,4630.86,credit,UPI/GPAY CUSTOMER
E001,CURR001,msme,2022-02-06,10145.58,credit,NEFT/SALES PAYMENT
E001,CURR001,msme,2022-02-06,4923.82,credit,UPI/CUSTOMER PAY
E001,CURR001,msme,2022-02-06,3253.36,debit,GST PAYMENT
E001,CURR001,msme,2022-02-07,15989.41,credit,UPI/GPAY CUSTOMER
E001,CURR001,msme,2022-02-07,12376.42,credit,NEFT/SALES BULK ORDER
E001,CURR001,msme,2022-02-07,6994.55,credit,NEFT/SALES PAYMENT
E001,CURR001,msme,2022-02-07,5092.48,debit,RENT/OFFICE
E001,CURR001,msme,2022-02-08,12036.27,credit,RTGS/INVOICE 1234
E001,CURR001,msme,2022-02-08,7968.72,credit,UPI/CUSTOMER PAY
E001,CURR001,msme,2022-02-08,5335.45,debit,ELECTRICITY BILL
E001,CURR001,msme,2022-02-09,28065.26,credit,NEFT/SALES PAYMENT
E001,CURR001,msme,2022-02-09,5700.94,credit,RTGS/INVOICE 1234
E001,CURR001,msme,2022-02-09,23026.09,credit,IMPS/CUSTOMER PAY
E001,CURR001,msme,2022-02-09,8240.39,credit,UPI/GPAY CUSTOMER
E001,CURR001,msme,2022-02-09,6466.75,debit,ELECTRICITY BILL
E001,CURR001,msme,2022-02-09,4504.5,debit,NEFT/SUPPLIER PAY
E001,CURR001,msme,2022-02-09,1920.58,debit,NEFT/SUPPLIER PAY
E001,CURR001,msme,2022-02-10,549.34,credit,UPI/GPAY CUSTOMER
E001,CURR001,msme,2022-02-10,3623.47,credit,RTGS/INVOICE 1234
E001,CURR001,msme,2022-02-10,2100.79,debit,GST PAYMENT
E001,CURR001,msme,2022-02-11,13350.32,credit,UPI/GPAY CUSTOMER
E001,CURR001,msme,2022-02-11,13395.53,credit,UPI/GPAY CUSTOMER
E001,CURR001,msme,2022-02-11,17493.18,debit,ELECTRICITY BILL
E001,CURR001,msme,2022-02-11,6523.77,debit,GST PAYMENT
E001,CURR001,msme,2022-02-12,13241.0,credit,UPI/GPAY CUSTOMER
E001,CURR001,msme,2022-02-12,24011.9,credit,IMPS/CUSTOMER PAY
E001,CURR001,msme,2022-02-12,1794.31,debit,EMI/HDFC LOAN
E001,CURR001,msme,2022-02-12,3757.69,debit,UPI/VENDOR PAY
E001,CURR001,msme,2022-02-12,1624.32,debit,NEFT/SUPPLIER PAY
E001,CURR001,msme,2022-02-13,8631.79,credit,NEFT/SALES PAYMENT
E001,CURR001,msme,2022-02-13,6286.16,credit,NEFT/SALES PAYMENT
E001,CURR001,msme,2022-02-13,6774.42,debit,GST PAYMENT
E001,CURR001,msme,2022-02-14,7107.51,credit,NEFT/SALES BULK ORDER
E001,CURR001,msme,2022-02-14,35904.66,credit,IMPS/CUSTOMER PAY
E001,CURR001,msme,2022-02-14,3585.05,credit,RTGS/INVOICE 1234
E001,CURR001,msme,2022-02-14,8798.8,debit,TDS PAYMENT
E001,CURR001,msme,2022-02-14,3977.36,debit,GST PAYMENT
E001,CURR001,msme,2022-02-14,4899.1,debit,TDS PAYMENT
E001,CURR001,msme,2022-02-15,16019.4,credit,NEFT/SALES PAYMENT
E001,CURR001,msme,2022-02-15,14983.0,credit,NEFT/SALES PAYMENT
E001,CURR001,msme,2022-02-15,3349.69,credit,NEFT/SALES PAYMENT
E001,CURR001,msme,2022-02-15,8375.79,debit,GST PAYMENT
E001,CURR001,msme,2022-02-15,7967.3,debit,TDS PAYMENT
E001,CURR001,msme,2022-02-15,3711.33,debit,RENT/OFFICE
E001,CURR001,msme,2022-02-16,1776.86,credit,IMPS/CUSTOMER PAY
E001,CURR001,msme,2022-02-16,13085.69,credit,UPI/GPAY CUSTOMER
E001,CURR001,msme,2022-02-16,11836.01,credit,UPI/CUSTOMER PAY
E001,CURR001,msme,2022-02-16,5105.36,debit,EMI/HDFC LOAN
E001,CURR001,msme,2022-02-16,3007.1,debit,EMI/HDFC LOAN
E001,CURR001,msme,2022-02-16,2497.44,debit,RENT/OFFICE
E001,CURR001,msme,2022-02-17,16282.67,credit,NEFT/SALES PAYMENT
E001,CURR001,msme,2022-02-17,9383.18,credit,RTGS/INVOICE 1234
E001,CURR001,msme,2022-02-17,7414.96,credit,NEFT/SALES BULK ORDER
E001,CURR001,msme,2022-02-17,9734.35,debit,NEFT/SUPPLIER PAY
E001,CURR001,msme,2022-02-18,7142.52,credit,UPI/CUSTOMER PAY
E001,CURR001,msme,2022-02-18,2740.66,credit,NEFT/SALES BULK ORDER
E001,CURR001,msme,2022-02-18,4414.69,credit,NEFT/SALES PAYMENT
E001,CURR001,msme,2022-02-18,5460.39,debit,TDS PAYMENT
E001,CURR001,msme,2022-02-18,16472.1,debit,NEFT/SUPPLIER PAY
E001,CURR001,msme,2022-02-18,1728.79,debit,RENT/OFFICE
E001,CURR001,msme,2022-02-19,2818.09,credit,IMPS/CUSTOMER PAY
E001,CURR001,msme,2022-02-19,35072.3,credit,UPI/CUSTOMER PAY
E001,CURR001,msme,2022-02-19,11221.74,debit,NEFT/SUPPLIER PAY
E001,CURR001,msme,2022-02-19,3538.92,debit,ELECTRICITY BILL
E001,CURR001,msme,2022-02-19,6044.08,debit,ELECTRICITY BILL
E001,CURR001,msme,2022-02-20,3368.16,credit,IMPS/CUSTOMER PAY
E001,CURR001,msme,2022-02-20,9965.99,credit,NEFT/SALES PAYMENT
E001,CURR001,msme,2022-02-20,11646.49,debit,EMI/HDFC LOAN
E001,CURR001,msme,2022-02-20,1609.86,debit,NEFT/SUPPLIER PAY
E001,CURR001,msme,2022-02-21,5016.56,credit,IMPS/CUSTOMER PAY
E001,CURR001,msme,2022-02-21,10656.93,credit,UPI/GPAY CUSTOMER
E001,CURR001,msme,2022-02-21,37392.43,credit,IMPS/CUSTOMER PAY
E001,CURR001,msme,2022-02-21,9257.08,credit,UPI/GPAY CUSTOMER
E001,CURR001,msme,2022-02-21,8649.78,debit,UPI/VENDOR PAY
E001,CURR001,msme,2022-02-22,2750.18,credit,NEFT/SALES PAYMENT
E001,CURR001,msme,2022-02-22,4866.9,credit,IMPS/CUSTOMER PAY
E001,CURR001,msme,2022-02-22,4110.02,credit,NEFT/SALES BULK ORDER
E001,CURR001,msme,2022-02-22,2551.99,debit,EMI/HDFC LOAN
E001,CURR001,msme,2022-02-22,10324.89,debit,GST PAYMENT
E001,CURR001,msme,2022-02-23,27808.49,credit,UPI/CUSTOMER PAY
E001,CURR001,msme,2022-02-23,501.43,credit,RTGS/INVOICE 1234
E001,CURR001,msme,2022-02-23,6538.02,credit,RTGS/INVOICE 1234
E001,CURR001,msme,2022-02-23,17148.36,credit,NEFT/SALES BULK ORDER
E001,CURR001,msme,2022-02-23,3299.32,debit,TDS PAYMENT
E001,CURR001,msme,2022-02-24,11282.07,credit,UPI/GPAY CUSTOMER
E001,CURR001,msme,2022-02-24,23710.44,credit,UPI/GPAY CUSTOMER
E001,CURR001,msme,2022-02-24,20326.86,credit,IMPS/CUSTOMER PAY
E001,CURR001,msme,2022-02-24,7098.57,debit,TDS PAYMENT
E001,CURR001,msme,2022-02-24,15175.0,debit,ELECTRICITY BILL
E001,CURR001,msme,2022-02-25,22453.34,credit,RTGS/INVOICE 1234
E001,CURR001,msme,2022-02-25,6532.04,credit,IMPS/CUSTOMER PAY
E001,CURR001,msme,2022-02-25,14386.33,credit,NEFT/SALES PAYMENT
E001,CURR001,msme,2022-02-25,5489.7,credit,UPI/CUSTOMER PAY
E001,CURR001,msme,2022-02-25,12507.85,debit,EMI/HDFC LOAN
E001,CURR001,msme,2022-02-25,4864.39,debit,GST PAYMENT
E001,CURR001,msme,2022-02-25,8582.53,debit,GST PAYMENT
E001,CURR001,msme,2022-02-26,8063.0,credit,UPI/GPAY CUSTOMER
E001,CURR001,msme,2022-02-26,11186.86,credit,IMPS/CUSTOMER PAY
E001,CURR001,msme,2022-02-26,1375.39,debit,ELECTRICITY BILL
E001,CURR001,msme,2022-02-26,9322.85,debit,EMI/HDFC LOAN
E001,CURR001,msme,2022-02-26,25320.83,debit,NEFT/SALARY
E001,CURR001,msme,2022-02-27,3356.04,credit,NEFT/SALES BULK ORDER
E001,CURR001,msme,2022-02-27,5371.74,credit,RTGS/INVOICE 1234
E001,CURR001,msme,2022-02-27,3472.5,credit,RTGS/INVOICE 1234
E001,CURR001,msme,2022-02-27,2465.11,debit,UPI/VENDOR PAY
E001,CURR001,msme,2022-02-27,6994.17,debit,NEFT/SALARY
E001,CURR001,msme,2022-02-27,2777.07,debit,RENT/OFFICE
E001,CURR001,msme,2022-02-28,5181.14,credit,NEFT/SALES PAYMENT
E001,CURR001,msme,2022-02-28,1455.81,credit,IMPS/CUSTOMER PAY
E001,CURR001,msme,2022-02-28,12214.18,credit,UPI/CUSTOMER PAY
E001,CURR001,msme,2022-02-28,19444.27,debit,EMI/HDFC LOAN
E001,CURR001,msme,2022-03-01,8334.93,credit,NEFT/SALES PAYMENT
E001,CURR001,msme,2022-03-01,39003.33,credit,IMPS/CUSTOMER PAY
E001,CURR001,msme,2022-03-01,6920.36,credit,RTGS/INVOICE 1234
E001,CURR001,msme,2022-03-01,5567.44,debit,ELECTRICITY BILL
E001,CURR001,msme,2022-03-01,5038.91,debit,ELECTRICITY BILL
E001,CURR001,msme,2022-03-01,4795.16,debit,GST PAYMENT
E001,CURR001,msme,2022-03-02,8478.15,credit,IMPS/CUSTOMER PAY
E001,CURR001,msme,2022-03-02,30211.39,credit,IMPS/CUSTOMER PAY
E001,CURR001,msme,2022-03-02,6639.36,credit,RTGS/INVOICE 1234
E001,CURR001,msme,2022-03-02,16012.45,credit,IMPS/CUSTOMER PAY
E001,CURR001,msme,2022-03-02,2461.3,debit,ELECTRICITY BILL
E001,CURR001,msme,2022-03-02,2167.14,debit,NEFT/SUPPLIER PAY
E001,CURR001,msme,2022-03-02,1538.61,debit,EMI/HDFC LOAN
E001,CURR001,msme,2022-03-03,6977.71,credit,NEFT/SALES PAYMENT
E001,CURR001,msme,2022-03-03,7799.13,credit,NEFT/SALES PAYMENT
E001,CURR001,msme,2022-03-03,4830.68,credit,NEFT/SALES BULK ORDER
E001,CURR001,msme,2022-03-03,3411.0,credit,NEFT/SALES PAYMENT
E001,CURR001,msme,2022-03-03,3847.39,debit,UPI/VENDOR PAY
E001,CURR001,msme,2022-03-04,1497.33,credit,NEFT/SALES PAYMENT
E001,CURR001,msme,2022-03-04,4027.18,credit,IMPS/CUSTOMER PAY
E001,CURR001,msme,2022-03-04,8081.75,credit,UPI/CUSTOMER PAY
E001,CURR001,msme,2022-03-04,42940.98,credit,NEFT/SALES BULK ORDER
E001,CURR001,msme,2022-03-04,13012.07,debit,UPI/VENDOR PAY
E001,CURR001,msme,2022-03-04,2662.62,debit,UPI/VENDOR PAY
E001,CURR001,msme,2022-03-04,1866.91,debit,NEFT/SUPPLIER PAY
E001,CURR001,msme,2022-03-05,8030.63,credit,IMPS/CUSTOMER PAY
E001,CURR001,msme,2022-03-05,2185.51,credit,UPI/GPAY CUSTOMER
E001,CURR001,msme,2022-03-05,4945.97,credit,NEFT/SALES BULK ORDER
E001,CURR001,msme,2022-03-05,2036.14,debit,NEFT/SALARY
E001,CURR001,msme,2022-03-05,5551.24,debit,NEFT/SALARY
E001,CURR001,msme,2022-03-06,16752.41,credit,IMPS/CUSTOMER PAY
E001,CURR001,msme,2022-03-06,8046.3,credit,IMPS/CUSTOMER PAY
E001,CURR001,msme,2022-03-06,11627.51,credit,RTGS/INVOICE 1234
E001,CURR001,msme,2022-03-06,12747.27,credit,RTGS/INVOICE 1234
E001,CURR001,msme,2022-03-06,8797.94,debit,NEFT/SALARY
E001,CURR001,msme,2022-03-06,3635.29,debit,UPI/VENDOR PAY
E001,CURR001,msme,2022-03-07,12035.95,credit,NEFT/SALES BULK ORDER
E001,CURR001,msme,2022-03-07,10135.57,credit,NEFT/SALES PAYMENT
E001,CURR001,msme,2022-03-07,904.37,credit,NEFT/SALES BULK ORDER
E001,CURR001,msme,2022-03-07,9810.86,debit,TDS PAYMENT
E001,CURR001,msme,2022-03-07,8391.24,debit,RENT/OFFICE
E001,CURR001,msme,2022-03-07,8391.52,debit,RENT/OFFICE
E001,CURR001,msme,2022-03-08,8173.39,credit,RTGS/INVOICE 1234
E001,CURR001,msme,2022-03-08,7195.12,credit,UPI/CUSTOMER PAY
E001,CURR001,msme,2022-03-08,5849.03,credit,UPI/GPAY CUSTOMER
E001,CURR001,msme,2022-03-08,18124.76,credit,NEFT/SALES PAYMENT
E001,CURR001,msme,2022-03-08,3281.89,debit,RENT/OFFICE
E001,CURR001,msme,2022-03-08,26184.29,debit,NEFT/SALARY
E001,CURR001,msme,2022-03-08,3219.27,debit,TDS PAYMENT
E001,CURR001,msme,2022-03-09,9281.55,credit,NEFT/SALES BULK ORDER
E001,CURR001,msme,2022-03-09,8703.8,credit,RTGS/INVOICE 1234
E001,CURR001,msme,2022-03-09,8684.3,credit,IMPS/CUSTOMER PAY
E001,CURR001,msme,2022-03-09,7154.22,credit,NEFT/SALES BULK ORDER
E001,CURR001,msme,2022-03-09,6224.96,debit,TDS PAYMENT
E001,CURR001,msme,2022-03-10,5828.4,credit,RTGS/INVOICE 1234
E001,CURR001,msme,2022-03-10,11109.56,credit,RTGS/INVOICE 1234
E001,CURR001,msme,2022-03-10,5786.09,credit,IMPS/CUSTOMER PAY
E001,CURR001,msme,2022-03-10,4056.88,debit,UPI/VENDOR PAY
E001,CURR001,msme,2022-03-10,7522.69,debit,EMI/HDFC LOAN
E001,CURR001,msme,2022-03-11,6633.59,credit,IMPS/CUSTOMER PAY
E001,CURR001,msme,2022-03-11,22944.69,credit,RTGS/INVOICE 1234
E001,CURR001,msme,2022-03-11,14276.06,credit,NEFT/SALES PAYMENT
E001,CURR001,msme,2022-03-11,23061.4,debit,EMI/HDFC LOAN
E001,CURR001,msme,2022-03-12,14037.19,credit,UPI/GPAY CUSTOMER
E001,CURR001,msme,2022-03-12,1246.79,credit,RTGS/INVOICE 1234
E001,CURR001,msme,2022-03-12,1745.84,debit,NEFT/SUPPLIER PAY
E001,CURR001,msme,2022-03-12,10944.89,debit,GST PAYMENT
E001,CURR001,msme,2022-03-12,7020.32,debit,GST PAYMENT
E001,CURR001,msme,2022-03-13,21979.42,credit,RTGS/INVOICE 1234
E001,CURR001,msme,2022-03-13,5486.71,credit,NEFT/SALES PAYMENT
E001,CURR001,msme,2022-03-13,11193.14,credit,UPI/GPAY CUSTOMER
E001,CURR001,msme,2022-03-13,3471.0,debit,GST PAYMENT
E001,CURR001,msme,2022-03-14,11051.0,credit,UPI/CUSTOMER PAY
E001,CURR001,msme,2022-03-14,11886.8,credit,NEFT/SALES PAYMENT
E001,CURR001,msme,2022-03-14,10582.21,credit,IMPS/CUSTOMER PAY
E001,CURR001,msme,2022-03-14,1021.1,debit,RENT/OFFICE
E001,CURR001,msme,2022-03-14,7887.75,debit,NEFT/SUPPLIER PAY
E001,CURR001,msme,2022-03-15,5679.2,credit,NEFT/SALES BULK ORDER
E001,CURR001,msme,2022-03-15,10958.17,credit,NEFT/SALES BULK ORDER
E001,CURR001,msme,2022-03-15,23490.49,credit,UPI/CUSTOMER PAY
E001,CURR001,msme,2022-03-15,40112.92,credit,RTGS/INVOICE 1234
E001,CURR001,msme,2022-03-15,2342.87,debit,UPI/VENDOR PAY
E001,CURR001,msme,2022-03-15,3432.21,debit,NEFT/SUPPLIER PAY
E001,CURR001,msme,2022-03-15,1415.02,debit,ELECTRICITY BILL
E001,CURR001,msme,2022-03-16,26818.18,credit,IMPS/CUSTOMER PAY
E001,CURR001,msme,2022-03-16,14906.24,credit,IMPS/CUSTOMER PAY
E001,CURR001,msme,2022-03-16,9605.82,credit,UPI/CUSTOMER PAY
E001,CURR001,msme,2022-03-16,9022.66,debit,NEFT/SALARY
E001,CURR001,msme,2022-03-17,3830.65,credit,UPI/GPAY CUSTOMER
E001,CURR001,msme,2022-03-17,4305.38,credit,NEFT/SALES BULK ORDER
E001,CURR001,msme,2022-03-17,6836.48,debit,UPI/VENDOR PAY
E001,CURR001,msme,2022-03-17,3167.84,debit,GST PAYMENT
E001,CURR001,msme,2022-03-17,3474.58,debit,TDS PAYMENT
E001,CURR001,msme,2022-03-18,61756.4,credit,UPI/GPAY CUSTOMER
E001,CURR001,msme,2022-03-18,12322.25,credit,NEFT/SALES PAYMENT
E001,CURR001,msme,2022-03-18,4284.66,credit,NEFT/SALES PAYMENT
E001,CURR001,msme,2022-03-18,13747.61,credit,UPI/GPAY CUSTOMER
E001,CURR001,msme,2022-03-18,2420.01,debit,EMI/HDFC LOAN
E001,CURR001,msme,2022-03-18,1543.18,debit,UPI/VENDOR PAY
E001,CURR001,msme,2022-03-19,7689.55,credit,RTGS/INVOICE 1234
E001,CURR001,msme,2022-03-19,15458.8,credit,UPI/CUSTOMER PAY
E001,CURR001,msme,2022-03-19,9219.56,credit,RTGS/INVOICE 1234
E001,CURR001,msme,2022-03-19,15068.75,credit,NEFT/SALES BULK ORDER
E001,CURR001,msme,2022-03-19,4138.05,debit,ELECTRICITY BILL
E001,CURR001,msme,2022-03-19,4060.63,debit,GST PAYMENT
E001,CURR001,msme,2022-03-19,8630.93,debit,EMI/HDFC LOAN
E001,CURR001,msme,2022-03-20,7145.43,credit,RTGS/INVOICE 1234
E001,CURR001,msme,2022-03-20,3591.22,credit,NEFT/SALES BULK ORDER
E001,CURR001,msme,2022-03-20,7056.25,debit,EMI/HDFC LOAN
E001,CURR001,msme,2022-03-21,8847.43,credit,NEFT/SALES PAYMENT
E001,CURR001,msme,2022-03-21,20004.64,credit,NEFT/SALES PAYMENT
E001,CURR001,msme,2022-03-21,4037.21,credit,RTGS/INVOICE 1234
E001,CURR001,msme,2022-03-21,1590.22,debit,NEFT/SUPPLIER PAY
E001,CURR001,msme,2022-03-21,4535.13,debit,RENT/OFFICE
E001,CURR001,msme,2022-03-21,5478.17,debit,EMI/HDFC LOAN
E001,CURR001,msme,2022-03-22,19319.77,credit,RTGS/INVOICE 1234
E001,CURR001,msme,2022-03-22,5909.6,credit,UPI/CUSTOMER PAY
E001,CURR001,msme,2022-03-22,4111.39,debit,UPI/VENDOR PAY
E001,CURR001,msme,2022-03-23,26989.26,credit,NEFT/SALES BULK ORDER
E001,CURR001,msme,2022-03-23,5161.52,credit,RTGS/INVOICE 1234
E001,CURR001,msme,2022-03-23,466.58,credit,NEFT/SALES BULK ORDER
E001,CURR001,msme,2022-03-23,3303.03,debit,NEFT/SALARY
E001,CURR001,msme,2022-03-24,6787.12,credit,UPI/CUSTOMER PAY
E001,CURR001,msme,2022-03-24,8526.26,credit,NEFT/SALES PAYMENT
E001,CURR001,msme,2022-03-24,17347.63,credit,NEFT/SALES BULK ORDER
E001,CURR001,msme,2022-03-24,4106.1,debit,EMI/HDFC LOAN
E001,CURR001,msme,2022-03-24,10066.82,debit,ELECTRICITY BILL
E001,CURR001,msme,2022-03-25,14433.94,credit,UPI/GPAY CUSTOMER
E001,CURR001,msme,2022-03-25,3283.81,credit,IMPS/CUSTOMER PAY
E001,CURR001,msme,2022-03-25,15522.54,credit,RTGS/INVOICE 1234
E001,CURR001,msme,2022-03-25,1799.83,credit,NEFT/SALES PAYMENT
E001,CURR001,msme,2022-03-25,8985.57,debit,NEFT/SUPPLIER PAY
E001,CURR001,msme,2022-03-25,7603.62,debit,TDS PAYMENT
E001,CURR001,msme,2022-03-25,11788.31,debit,NEFT/SUPPLIER PAY
E001,CURR001,msme,2022-03-26,11341.91,credit,IMPS/CUSTOMER PAY
E001,CURR001,msme,2022-03-26,4789.65,credit,UPI/CUSTOMER PAY
E001,CURR001,msme,2022-03-26,2550.01,debit,UPI/VENDOR PAY
E001,CURR001,msme,2022-03-26,1527.14,debit,UPI/VENDOR PAY
E001,CURR001,msme,2022-03-26,16903.58,debit,EMI/HDFC LOAN
E001,CURR001,msme,2022-03-27,2443.22,credit,UPI/CUSTOMER PAY
E001,CURR001,msme,2022-03-27,20157.39,credit,RTGS/INVOICE 1234
E001,CURR001,msme,2022-03-27,2332.5,credit,UPI/GPAY CUSTOMER
E001,CURR001,msme,2022-03-27,13158.3,credit,UPI/GPAY CUSTOMER
E001,CURR001,msme,2022-03-27,3168.09,debit,RENT/OFFICE
E001,CURR001,msme,2022-03-27,11803.55,debit,GST PAYMENT
E001,CURR001,msme,2022-03-28,17631.78,credit,NEFT/SALES PAYMENT
E001,CURR001,msme,2022-03-28,7904.86,credit,UPI/CUSTOMER PAY
E001,CURR001,msme,2022-03-28,45441.98,credit,NEFT/SALES PAYMENT
E001,CURR001,msme,2022-03-28,13874.47,credit,IMPS/CUSTOMER PAY
E001,CURR001,msme,2022-03-28,1994.38,debit,ELECTRICITY BILL
E001,CURR001,msme,2022-03-28,5274.15,debit,RENT/OFFICE
E001,CURR001,msme,2022-03-29,8924.16,credit,UPI/CUSTOMER PAY
E001,CURR001,msme,2022-03-29,23148.23,credit,NEFT/SALES BULK ORDER
E001,CURR001,msme,2022-03-29,4412.91,credit,UPI/GPAY CUSTOMER
E001,CURR001,msme,2022-03-29,8081.39,credit,NEFT/SALES PAYMENT
E001,CURR001,msme,2022-03-29,3538.99,debit,UPI/VENDOR PAY
E001,CURR001,msme,2022-03-29,7107.15,debit,TDS PAYMENT
E001,CURR001,msme,2022-03-30,3947.98,credit,RTGS/INVOICE 1234
E001,CURR001,msme,2022-03-30,3913.91,credit,UPI/CUSTOMER PAY
E001,CURR001,msme,2022-03-30,2434.19,debit,RENT/OFFICE
E001,CURR001,msme,2022-03-31,12188.37,credit,UPI/CUSTOMER PAY
E001,CURR001,msme,2022-03-31,24912.33,credit,IMPS/CUSTOMER PAY
E001,CURR001,msme,2022-03-31,3474.29,debit,GST PAYMENT
E001,CURR001,msme,2022-03-31,5448.23,debit,RENT/OFFICE
E001,CURR001,msme,2022-04-01,6781.59,credit,RTGS/INVOICE 1234
E001,CURR001,msme,2022-04-01,3871.56,credit,NEFT/SALES PAYMENT
E001,CURR001,msme,2022-04-01,1908.02,debit,ELECTRICITY BILL
E001,CURR001,msme,2022-04-01,7177.46,debit,ELECTRICITY BILL
E001,CURR001,msme,2022-04-01,5394.07,debit,ELECTRICITY BILL
E001,CURR001,msme,2022-04-02,7786.55,credit,UPI/CUSTOMER PAY
E001,CURR001,msme,2022-04-02,3310.02,credit,NEFT/SALES BULK ORDER
E001,CURR001,msme,2022-04-02,3024.3,credit,NEFT/SALES BULK ORDER
E001,CURR001,msme,2022-04-02,5440.68,debit,EMI/HDFC LOAN
E001,CURR001,msme,2022-04-02,29497.45,debit,UPI/VENDOR PAY
E001,CURR001,msme,2022-04-02,4595.16,debit,EMI/HDFC LOAN
E001,CURR001,msme,2022-04-03,1487.0,credit,NEFT/SALES PAYMENT
E001,CURR001,msme,2022-04-03,6119.94,credit,NEFT/SALES PAYMENT
E001,CURR001,msme,2022-04-03,39340.98,credit,UPI/CUSTOMER PAY
E001,CURR001,msme,2022-04-03,4754.82,debit,ELECTRICITY BILL
E001,CURR001,msme,2022-04-04,12085.84,credit,NEFT/SALES BULK ORDER
E001,CURR001,msme,2022-04-04,12407.74,credit,RTGS/INVOICE 1234
E001,CURR001,msme,2022-04-04,13325.68,credit,RTGS/INVOICE 1234
E001,CURR001,msme,2022-04-04,2307.27,credit,UPI/GPAY CUSTOMER
E001,CURR001,msme,2022-04-04,4665.25,debit,ELECTRICITY BILL
E001,CURR001,msme,2022-04-04,7589.12,debit,GST PAYMENT
E001,CURR001,msme,2022-04-04,10354.72,debit,NEFT/SUPPLIER PAY
E001,CURR001,msme,2022-04-05,8916.73,credit,UPI/GPAY CUSTOMER
E001,CURR001,msme,2022-04-05,15426.51,credit,IMPS/CUSTOMER PAY
E001,CURR001,msme,2022-04-05,17055.07,credit,NEFT/SALES PAYMENT
E001,CURR001,msme,2022-04-05,10033.05,credit,RTGS/INVOICE 1234
E001,CURR001,msme,2022-04-05,8218.29,debit,EMI/HDFC LOAN
E001,CURR001,msme,2022-04-05,6639.11,debit,ELECTRICITY BILL
E001,CURR001,msme,2022-04-06,9567.72,credit,UPI/GPAY CUSTOMER
E001,CURR001,msme,2022-04-06,1699.37,credit,UPI/GPAY CUSTOMER
E001,CURR001,msme,2022-04-06,6479.51,credit,NEFT/SALES PAYMENT
E001,CURR001,msme,2022-04-06,4780.55,debit,TDS PAYMENT
E001,CURR001,msme,2022-04-06,7919.24,debit,GST PAYMENT
E001,CURR001,msme,2022-04-06,3548.16,debit,UPI/VENDOR PAY
E001,CURR001,msme,2022-04-07,16468.65,credit,NEFT/SALES PAYMENT
E001,CURR001,msme,2022-04-07,2924.11,credit,NEFT/SALES BULK ORDER
E001,CURR001,msme,2022-04-07,25115.3,credit,NEFT/SALES BULK ORDER
E001,CURR001,msme,2022-04-07,18308.3,credit,RTGS/INVOICE 1234
E001,CURR001,msme,2022-04-07,4745.33,debit,ELECTRICITY BILL
E001,CURR001,msme,2022-04-07,13506.43,debit,NEFT/SUPPLIER PAY
E001,CURR001,msme,2022-04-08,1765.86,credit,NEFT/SALES BULK ORDER
E001,CURR001,msme,2022-04-08,4815.2,credit,UPI/CUSTOMER PAY
E001,CURR001,msme,2022-04-08,10203.46,debit,NEFT/SUPPLIER PAY
E001,CURR001,msme,2022-04-09,2752.95,credit,RTGS/INVOICE 1234
E001,CURR001,msme,2022-04-09,12944.2,credit,UPI/CUSTOMER PAY
E001,CURR001,msme,2022-04-09,8098.06,debit,NEFT/SALARY
E001,CURR001,msme,2022-04-09,5079.22,debit,NEFT/SALARY
E001,CURR001,msme,2022-04-10,64741.89,credit,NEFT/SALES BULK ORDER
E001,CURR001,msme,2022-04-10,4816.02,credit,NEFT/SALES PAYMENT
E001,CURR001,msme,2022-04-10,5673.71,credit,NEFT/SALES BULK ORDER
E001,CURR001,msme,2022-04-10,25918.38,credit,UPI/GPAY CUSTOMER
E001,CURR001,msme,2022-04-10,3662.38,debit,TDS PAYMENT
E001,CURR001,msme,2022-04-11,6467.68,credit,UPI/CUSTOMER PAY
E001,CURR001,msme,2022-04-11,3628.91,credit,NEFT/SALES PAYMENT
E001,CURR001,msme,2022-04-11,4384.2,credit,NEFT/SALES PAYMENT
E001,CURR001,msme,2022-04-11,4796.88,debit,EMI/HDFC LOAN
E001,CURR001,msme,2022-04-12,9772.93,credit,NEFT/SALES BULK ORDER
E001,CURR001,msme,2022-04-12,17808.98,credit,IMPS/CUSTOMER PAY
E001,CURR001,msme,2022-04-12,4231.06,debit,TDS PAYMENT
E001,CURR001,msme,2022-04-12,2239.69,debit,GST PAYMENT
E001,CURR001,msme,2022-04-12,6423.3,debit,GST PAYMENT
E001,CURR001,msme,2022-04-13,20141.48,credit,IMPS/CUSTOMER PAY
E001,CURR001,msme,2022-04-13,6215.06,credit,UPI/GPAY CUSTOMER
E001,CURR001,msme,2022-04-13,7313.16,credit,NEFT/SALES PAYMENT
E001,CURR001,msme,2022-04-13,5426.71,credit,NEFT/SALES PAYMENT
E001,CURR001,msme,2022-04-13,3145.82,debit,RENT/OFFICE
E001,CURR001,msme,2022-04-13,11297.22,debit,TDS PAYMENT
E001,CURR001,msme,2022-04-14,8753.74,credit,NEFT/SALES BULK ORDER
E001,CURR001,msme,2022-04-14,2440.92,credit,UPI/CUSTOMER PAY
E001,CURR001,msme,2022-04-14,2081.4,credit,RTGS/INVOICE 1234
E001,CURR001,msme,2022-04-14,9338.49,credit,UPI/CUSTOMER PAY
E001,CURR001,msme,2022-04-14,2744.49,debit,NEFT/SUPPLIER PAY
E001,CURR001,msme,2022-04-14,6836.22,debit,NEFT/SALARY
E001,CURR001,msme,2022-04-15,24406.87,credit,NEFT/SALES PAYMENT
E001,CURR001,msme,2022-04-15,14000.78,credit,NEFT/SALES PAYMENT
E001,CURR001,msme,2022-04-15,1344.08,credit,RTGS/INVOICE 1234
E001,CURR001,msme,2022-04-15,2657.5,debit,EMI/HDFC LOAN
E001,CURR001,msme,2022-04-16,12516.45,credit,UPI/GPAY CUSTOMER
E001,CURR001,msme,2022-04-16,19281.24,credit,RTGS/INVOICE 1234
E001,CURR001,msme,2022-04-16,7033.52,credit,IMPS/CUSTOMER PAY
E001,CURR001,msme,2022-04-16,4278.52,credit,RTGS/INVOICE 1234
E001,CURR001,msme,2022-04-16,5074.15,debit,RENT/OFFICE
E001,CURR001,msme,2022-04-17,4891.27,credit,NEFT/SALES BULK ORDER
E001,CURR001,msme,2022-04-17,500.37,credit,UPI/GPAY CUSTOMER
E001,CURR001,msme,2022-04-17,2672.7,debit,UPI/VENDOR PAY
E001,CURR001,msme,2022-04-17,18133.24,debit,NEFT/SUPPLIER PAY
E001,CURR001,msme,2022-04-17,8728.4,debit,NEFT/SALARY
E001,CURR001,msme,2022-04-18,12927.89,credit,RTGS/INVOICE 1234
E001,CURR001,msme,2022-04-18,6078.82,credit,NEFT/SALES BULK ORDER
E001,CURR001,msme,2022-04-18,4079.11,debit,RENT/OFFICE
E001,CURR001,msme,2022-04-19,6536.07,credit,UPI/GPAY CUSTOMER
E001,CURR001,msme,2022-04-19,19021.78,credit,RTGS/INVOICE 1234
E001,CURR001,msme,2022-04-19,20649.3,credit,IMPS/CUSTOMER PAY
E001,CURR001,msme,2022-04-19,9469.98,credit,UPI/GPAY CUSTOMER
E001,CURR001,msme,2022-04-19,4398.1,debit,EMI/HDFC LOAN
E001,CURR001,msme,2022-04-19,3792.47,debit,TDS PAYMENT
E001,CURR001,msme,2022-04-20,4159.51,credit,UPI/CUSTOMER PAY
E001,CURR001,msme,2022-04-20,11323.12,credit,UPI/GPAY CUSTOMER
E001,CURR001,msme,2022-04-20,11162.66,credit,NEFT/SALES BULK ORDER
E001,CURR001,msme,2022-04-20,9441.59,credit,NEFT/SALES PAYMENT
E001,CURR001,msme,2022-04-20,5077.15,debit,UPI/VENDOR PAY
E001,CURR001,msme,2022-04-20,7722.08,debit,NEFT/SALARY
E001,CURR001,msme,2022-04-20,22343.22,debit,NEFT/SUPPLIER PAY
E001,CURR001,msme,2022-04-21,20933.58,credit,NEFT/SALES BULK ORDER
E001,CURR001,msme,2022-04-21,6707.07,credit,NEFT/SALES BULK ORDER
E001,CURR001,msme,2022-04-21,12654.18,credit,IMPS/CUSTOMER PAY
E001,CURR001,msme,2022-04-21,3002.72,debit,GST PAYMENT
E001,CURR001,msme,2022-04-21,10420.62,debit,TDS PAYMENT
E001,CURR001,msme,2022-04-22,3564.53,credit,UPI/CUSTOMER PAY
E001,CURR001,msme,2022-04-22,4645.54,credit,RTGS/INVOICE 1234
E001,CURR001,msme,2022-04-22,4773.81,debit,UPI/VENDOR PAY
E001,CURR001,msme,2022-04-22,20217.05,debit,GST PAYMENT
E001,CURR001,msme,2022-04-23,4483.24,credit,NEFT/SALES BULK ORDER
E001,CURR001,msme,2022-04-23,7296.64,credit,RTGS/INVOICE 1234
E001,CURR001,msme,2022-04-23,1182.44,debit,UPI/VENDOR PAY
E001,CURR001,msme,2022-04-23,7901.51,debit,NEFT/SALARY
E001,CURR001,msme,2022-04-23,4752.28,debit,RENT/OFFICE
E001,CURR001,msme,2022-04-24,11521.98,credit,UPI/GPAY CUSTOMER
E001,CURR001,msme,2022-04-24,5422.74,credit,RTGS/INVOICE 1234
E001,CURR001,msme,2022-04-24,2961.92,debit,NEFT/SALARY
E001,CURR001,msme,2022-04-24,8199.28,debit,NEFT/SALARY
E001,CURR001,msme,2022-04-25,13631.8,credit,UPI/GPAY CUSTOMER
E001,CURR001,msme,2022-04-25,7485.02,credit,RTGS/INVOICE 1234
E001,CURR001,msme,2022-04-25,1849.34,credit,UPI/CUSTOMER PAY
E001,CURR001,msme,2022-04-25,5149.55,credit,NEFT/SALES BULK ORDER
E001,CURR001,msme,2022-04-25,2988.09,debit,NEFT/SUPPLIER PAY
E001,CURR001,msme,2022-04-25,3076.71,debit,EMI/HDFC LOAN
E001,CURR001,msme,2022-04-26,12111.83,credit,NEFT/SALES BULK ORDER
E001,CURR001,msme,2022-04-26,32101.7,credit,RTGS/INVOICE 1234
E001,CURR001,msme,2022-04-26,4398.16,debit,UPI/VENDOR PAY
E001,CURR001,msme,2022-04-26,2141.69,debit,GST PAYMENT
E001,CURR001,msme,2022-04-27,3806.65,credit,UPI/GPAY CUSTOMER
E001,CURR001,msme,2022-04-27,10494.4,credit,NEFT/SALES BULK ORDER
E001,CURR001,msme,2022-04-27,30046.16,credit,NEFT/SALES BULK ORDER
E001,CURR001,msme,2022-04-27,26925.55,credit,NEFT/SALES BULK ORDER
E001,CURR001,msme,2022-04-27,4778.54,debit,ELECTRICITY BILL
E001,CURR001,msme,2022-04-28,2579.57,credit,IMPS/CUSTOMER PAY
E001,CURR001,msme,2022-04-28,16524.35,credit,RTGS/INVOICE 1234
E001,CURR001,msme,2022-04-28,2050.35,credit,UPI/GPAY CUSTOMER
E001,CURR001,msme,2022-04-28,3580.96,debit,ELECTRICITY BILL
E001,CURR001,msme,2022-04-29,1165.49,credit,RTGS/INVOICE 1234
E001,CURR001,msme,2022-04-29,15193.76,credit,IMPS/CUSTOMER PAY
E001,CURR001,msme,2022-04-29,11388.58,credit,NEFT/SALES PAYMENT
E001,CURR001,msme,2022-04-29,2497.68,debit,EMI/HDFC LOAN
E001,CURR001,msme,2022-04-29,4753.34,debit,GST PAYMENT
E001,CURR001,msme,2022-04-29,26407.9,debit,GST PAYMENT
E001,CURR001,msme,2022-04-30,7957.88,credit,UPI/CUSTOMER PAY
E001,CURR001,msme,2022-04-30,8518.56,credit,NEFT/SALES PAYMENT
E001,CURR001,msme,2022-04-30,2846.0,debit,TDS PAYMENT
E001,CURR001,msme,2022-05-01,5558.67,credit,UPI/CUSTOMER PAY
E001,CURR001,msme,2022-05-01,19150.79,credit,IMPS/CUSTOMER PAY
E001,CURR001,msme,2022-05-01,7650.16,debit,ELECTRICITY BILL
E001,CURR001,msme,2022-05-01,2477.15,debit,UPI/VENDOR PAY
E001,CURR001,msme,2022-05-01,5277.64,debit,NEFT/SUPPLIER PAY
E001,CURR001,msme,2022-05-02,6507.92,credit,UPI/GPAY CUSTOMER
E001,CURR001,msme,2022-05-02,34530.01,credit,UPI/CUSTOMER PAY
E001,CURR001,msme,2022-05-02,10789.63,credit,NEFT/SALES BULK ORDER
E001,CURR001,msme,2022-05-02,5097.11,credit,RTGS/INVOICE 1234
E001,CURR001,msme,2022-05-02,10533.41,debit,ELECTRICITY BILL
E001,CURR001,msme,2022-05-02,7754.17,debit,TDS PAYMENT
E001,CURR001,msme,2022-05-02,19605.81,debit,UPI/VENDOR PAY
E001,CURR001,msme,2022-05-03,42625.53,credit,NEFT/SALES PAYMENT
E001,CURR001,msme,2022-05-03,4668.76,credit,NEFT/SALES BULK ORDER
E001,CURR001,msme,2022-05-03,6029.28,credit,IMPS/CUSTOMER PAY
E001,CURR001,msme,2022-05-03,5671.36,debit,GST PAYMENT
E001,CURR001,msme,2022-05-03,2387.25,debit,ELECTRICITY BILL
E001,CURR001,msme,2022-05-03,3393.07,debit,RENT/OFFICE
E001,CURR001,msme,2022-05-04,12146.46,credit,RTGS/INVOICE 1234
E001,CURR001,msme,2022-05-04,1639.38,credit,RTGS/INVOICE 1234
E001,CURR001,msme,2022-05-04,7041.09,credit,UPI/GPAY CUSTOMER
E001,CURR001,msme,2022-05-04,4412.98,credit,UPI/GPAY CUSTOMER
E001,CURR001,msme,2022-05-04,10548.43,debit,ELECTRICITY BILL
E001,CURR001,msme,2022-05-04,4548.2,debit,UPI/VENDOR PAY
E001,CURR001,msme,2022-05-05,11013.04,credit,NEFT/SALES BULK ORDER
E001,CURR001,msme,2022-05-05,18491.6,credit,NEFT/SALES BULK ORDER
E001,CURR001,msme,2022-05-05,5750.93,debit,GST PAYMENT
E001,CURR001,msme,2022-05-05,10228.86,debit,UPI/VENDOR PAY
E001,CURR001,msme,2022-05-06,28423.38,credit,UPI/CUSTOMER PAY
E001,CURR001,msme,2022-05-06,2357.06,credit,NEFT/SALES BULK ORDER
E001,CURR001,msme,2022-05-06,2639.26,debit,NEFT/SALARY
E001,CURR001,msme,2022-05-06,1892.91,debit,RENT/OFFICE
E001,CURR001,msme,2022-05-07,24378.16,credit,RTGS/INVOICE 1234
E001,CURR001,msme,2022-05-07,15087.36,credit,UPI/CUSTOMER PAY
E001,CURR001,msme,2022-05-07,12030.79,credit,UPI/CUSTOMER PAY
E001,CURR001,msme,2022-05-07,5898.61,debit,TDS PAYMENT
E001,CURR001,msme,2022-05-07,790.85,debit,TDS PAYMENT
E001,CURR001,msme,2022-05-08,10969.29,credit,NEFT/SALES PAYMENT
E001,CURR001,msme,2022-05-08,12517.46,credit,IMPS/CUSTOMER PAY
E001,CURR001,msme,2022-05-08,3791.7,debit,EMI/HDFC LOAN
E001,CURR001,msme,2022-05-08,3041.13,debit,EMI/HDFC LOAN
E001,CURR001,msme,2022-05-08,5960.25,debit,NEFT/SALARY
E001,CURR001,msme,2022-05-09,2876.29,credit,NEFT/SALES BULK ORDER
E001,CURR001,msme,2022-05-09,20509.87,credit,NEFT/SALES BULK ORDER
E001,CURR001,msme,2022-05-09,2873.06,debit,UPI/VENDOR PAY
E001,CURR001,msme,2022-05-10,4411.11,credit,IMPS/CUSTOMER PAY
E001,CURR001,msme,2022-05-10,8616.7,credit,UPI/CUSTOMER PAY
E001,CURR001,msme,2022-05-10,2903.31,credit,NEFT/SALES BULK ORDER
E001,CURR001,msme,2022-05-10,6585.33,credit,NEFT/SALES BULK ORDER
E001,CURR001,msme,2022-05-10,11656.05,debit,GST PAYMENT
E001,CURR001,msme,2022-05-10,2732.93,debit,GST PAYMENT
E001,CURR001,msme,2022-05-10,7076.01,debit,GST PAYMENT
E001,CURR001,msme,2022-05-11,2187.73,credit,NEFT/SALES BULK ORDER
E001,CURR001,msme,2022-05-11,21259.37,credit,UPI/GPAY CUSTOMER
E001,CURR001,msme,2022-05-11,6421.16,debit,GST PAYMENT
E001,CURR001,msme,2022-05-12,11430.42,credit,IMPS/CUSTOMER PAY
E001,CURR001,msme,2022-05-12,6586.43,credit,UPI/CUSTOMER PAY
E001,CURR001,msme,2022-05-12,6925.19,credit,IMPS/CUSTOMER PAY
E001,CURR001,msme,2022-05-12,8422.89,credit,NEFT/SALES BULK ORDER
E001,CURR001,msme,2022-05-12,3037.29,debit,RENT/OFFICE
E001,CURR001,msme,2022-05-12,2067.02,debit,RENT/OFFICE
E001,CURR001,msme,2022-05-13,13405.22,credit,RTGS/INVOICE 1234
E001,CURR001,msme,2022-05-13,8629.21,credit,IMPS/CUSTOMER PAY
E001,CURR001,msme,2022-05-13,1213.49,debit,GST PAYMENT
E001,CURR001,msme,2022-05-13,9334.1,debit,ELECTRICITY BILL
E001,CURR001,msme,2022-05-14,10691.36,credit,RTGS/INVOICE 1234
E001,CURR001,msme,2022-05-14,43075.07,credit,NEFT/SALES BULK ORDER
E001,CURR001,msme,2022-05-14,7246.89,credit,IMPS/CUSTOMER PAY
E001,CURR001,msme,2022-05-14,19664.03,credit,UPI/CUSTOMER PAY
E001,CURR001,msme,2022-05-14,2373.37,debit,NEFT/SUPPLIER PAY
E001,CURR001,msme,2022-05-14,3175.95,debit,RENT/OFFICE
E001,CURR001,msme,2022-05-14,18766.37,debit,ELECTRICITY BILL
E001,CURR001,msme,2022-05-15,15431.31,credit,UPI/CUSTOMER PAY
E001,CURR001,msme,2022-05-15,3055.88,credit,RTGS/INVOICE 1234
E001,CURR001,msme,2022-05-15,7905.31,credit,NEFT/SALES PAYMENT
E001,CURR001,msme,2022-05-15,19977.96,debit,NEFT/SUPPLIER PAY
E001,CURR001,msme,2022-05-15,6382.9,debit,NEFT/SALARY
E001,CURR001,msme,2022-05-16,12156.42,credit,IMPS/CUSTOMER PAY
E001,CURR001,msme,2022-05-16,9362.96,credit,IMPS/CUSTOMER PAY
E001,CURR001,msme,2022-05-16,8318.34,debit,NEFT/SUPPLIER PAY
E001,CURR001,msme,2022-05-17,1843.18,credit,UPI/CUSTOMER PAY
E001,CURR001,msme,2022-05-17,17236.27,credit,UPI/CUSTOMER PAY
E001,CURR001,msme,2022-05-17,8619.05,debit,EMI/HDFC LOAN
E001,CURR001,msme,2022-05-17,3718.87,debit,NEFT/SUPPLIER PAY
E001,CURR001,msme,2022-05-18,10641.11,credit,NEFT/SALES PAYMENT
E001,CURR001,msme,2022-05-18,25543.68,credit,RTGS/INVOICE 1234
E001,CURR001,msme,2022-05-18,1511.19,debit,TDS PAYMENT
E001,CURR001,msme,2022-05-18,2556.5,debit,NEFT/SALARY
E001,CURR001,msme,2022-05-19,15243.68,credit,NEFT/SALES PAYMENT
E001,CURR001,msme,2022-05-19,5924.55,credit,IMPS/CUSTOMER PAY
E001,CURR001,msme,2022-05-19,7055.36,credit,NEFT/SALES PAYMENT
E001,CURR001,msme,2022-05-19,4968.66,debit,ELECTRICITY BILL
E001,CURR001,msme,2022-05-19,1195.49,debit,RENT/OFFICE
E001,CURR001,msme,2022-05-20,19093.83,credit,NEFT/SALES PAYMENT
E001,CURR001,msme,2022-05-20,4860.18,credit,NEFT/SALES BULK ORDER
E001,CURR001,msme,2022-05-20,1946.6,debit,UPI/VENDOR PAY
E001,CURR001,msme,2022-05-20,2138.93,debit,TDS PAYMENT
E001,CURR001,msme,2022-05-21,10401.07,credit,UPI/CUSTOMER PAY
E001,CURR001,msme,2022-05-21,1340.4,credit,UPI/CUSTOMER PAY
E001,CURR001,msme,2022-05-21,4691.96,credit,UPI/CUSTOMER PAY
E001,CURR001,msme,2022-05-21,1569.53,debit,GST PAYMENT
E001,CURR001,msme,2022-05-21,5539.61,debit,ELECTRICITY BILL
E001,CURR001,msme,2022-05-22,13960.38,credit,UPI/CUSTOMER PAY
E001,CURR001,msme,2022-05-22,12840.7,credit,NEFT/SALES BULK ORDER
E001,CURR001,msme,2022-05-22,14870.62,credit,NEFT/SALES PAYMENT
E001,CURR001,msme,2022-05-22,10147.2,credit,NEFT/SALES BULK ORDER
E001,CURR001,msme,2022-05-22,2096.21,debit,RENT/OFFICE
E001,CURR001,msme,2022-05-22,3507.18,debit,TDS PAYMENT
E001,CURR001,msme,2022-05-22,3544.77,debit,GST PAYMENT
E001,CURR001,msme,2022-05-23,5756.82,credit,NEFT/SALES BULK ORDER
E001,CURR001,msme,2022-05-23,12307.14,credit,NEFT/SALES BULK ORDER
E001,CURR001,msme,2022-05-23,5680.48,debit,NEFT/SUPPLIER PAY
E001,CURR001,msme,2022-05-23,9347.1,debit,UPI/VENDOR PAY
E001,CURR001,msme,2022-05-23,1637.05,debit,UPI/VENDOR PAY
E001,CURR001,msme,2022-05-24,3474.09,credit,NEFT/SALES BULK ORDER
E001,CURR001,msme,2022-05-24,8523.07,credit,UPI/CUSTOMER PAY
E001,CURR001,msme,2022-05-24,17901.48,debit,NEFT/SUPPLIER PAY
E001,CURR001,msme,2022-05-24,5742.2,debit,EMI/HDFC LOAN
E001,CURR001,msme,2022-05-24,1611.47,debit,GST PAYMENT
E001,CURR001,msme,2022-05-25,11526.22,credit,IMPS/CUSTOMER PAY
E001,CURR001,msme,2022-05-25,5099.15,credit,UPI/CUSTOMER PAY
E001,CURR001,msme,2022-05-25,8526.64,credit,RTGS/INVOICE 1234
E001,CURR001,msme,2022-05-25,11433.55,debit,TDS PAYMENT
E001,CURR001,msme,2022-05-26,11016.81,credit,UPI/CUSTOMER PAY
E001,CURR001,msme,2022-05-26,12084.87,credit,UPI/CUSTOMER PAY
E001,CURR001,msme,2022-05-26,1983.34,debit,RENT/OFFICE
E001,CURR001,msme,2022-05-27,6501.2,credit,UPI/CUSTOMER PAY
E001,CURR001,msme,2022-05-27,14781.04,credit,RTGS/INVOICE 1234
E001,CURR001,msme,2022-05-27,4560.9,credit,RTGS/INVOICE 1234
E001,CURR001,msme,2022-05-27,9195.29,debit,UPI/VENDOR PAY
E001,CURR001,msme,2022-05-27,7410.66,debit,UPI/VENDOR PAY
E001,CURR001,msme,2022-05-27,7916.5,debit,EMI/HDFC LOAN
E001,CURR001,msme,2022-05-28,3133.55,credit,RTGS/INVOICE 1234
E001,CURR001,msme,2022-05-28,10382.29,credit,NEFT/SALES BULK ORDER
E001,CURR001,msme,2022-05-28,6104.09,credit,NEFT/SALES PAYMENT
E001,CURR001,msme,2022-05-28,11647.31,credit,IMPS/CUSTOMER PAY
E001,CURR001,msme,2022-05-28,11582.02,debit,NEFT/SUPPLIER PAY
E001,CURR001,msme,2022-05-29,29694.5,credit,UPI/CUSTOMER PAY
E001,CURR001,msme,2022-05-29,14579.85,credit,NEFT/SALES PAYMENT
E001,CURR001,msme,2022-05-29,2747.01,credit,IMPS/CUSTOMER PAY
E001,CURR001,msme,2022-05-29,5722.38,credit,UPI/GPAY CUSTOMER
E001,CURR001,msme,2022-05-29,3030.2,debit,NEFT/SALARY
E001,CURR001,msme,2022-05-29,1329.1,debit,EMI/HDFC LOAN
E001,CURR001,msme,2022-05-30,1670.19,credit,RTGS/INVOICE 1234
E001,CURR001,msme,2022-05-30,10323.19,credit,UPI/CUSTOMER PAY
E001,CURR001,msme,2022-05-30,3381.57,debit,RENT/OFFICE
E001,CURR001,msme,2022-05-30,2274.36,debit,EMI/HDFC LOAN
E001,CURR001,msme,2022-05-30,2987.2,debit,ELECTRICITY BILL
E001,CURR001,msme,2022-05-31,4415.02,credit,UPI/GPAY CUSTOMER
E001,CURR001,msme,2022-05-31,8322.91,credit,NEFT/SALES BULK ORDER
E001,CURR001,msme,2022-05-31,1916.47,debit,NEFT/SUPPLIER PAY
E001,CURR001,msme,2022-05-31,8750.01,debit,UPI/VENDOR PAY
E001,CURR001,msme,2022-05-31,2283.13,debit,UPI/VENDOR PAY
E001,CURR001,msme,2022-06-01,14565.05,credit,IMPS/CUSTOMER PAY
E001,CURR001,msme,2022-06-01,14129.19,credit,UPI/CUSTOMER PAY
E001,CURR001,msme,2022-06-01,38454.63,credit,IMPS/CUSTOMER PAY
E001,CURR001,msme,2022-06-01,16232.24,credit,UPI/CUSTOMER PAY
E001,CURR001,msme,2022-06-01,1397.97,debit,RENT/OFFICE
E001,CURR001,msme,2022-06-02,3668.16,credit,UPI/CUSTOMER PAY
E001,CURR001,msme,2022-06-02,13406.98,credit,IMPS/CUSTOMER PAY
E001,CURR001,msme,2022-06-02,14889.71,debit,EMI/HDFC LOAN
E001,CURR001,msme,2022-06-02,3964.97,debit,NEFT/SUPPLIER PAY
E001,CURR001,msme,2022-06-03,3381.75,credit,UPI/GPAY CUSTOMER
E001,CURR001,msme,2022-06-03,6290.99,credit,NEFT/SALES BULK ORDER
E001,CURR001,msme,2022-06-03,8590.37,credit,NEFT/SALES PAYMENT
E001,CURR001,msme,2022-06-03,15124.37,credit,IMPS/CUSTOMER PAY
E001,CURR001,msme,2022-06-03,4164.68,debit,NEFT/SUPPLIER PAY
E001,CURR001,msme,2022-06-04,5901.05,credit,NEFT/SALES PAYMENT
E001,CURR001,msme,2022-06-04,9175.96,credit,NEFT/SALES BULK ORDER
E001,CURR001,msme,2022-06-04,58255.11,credit,UPI/CUSTOMER PAY
E001,CURR001,msme,2022-06-04,4695.56,credit,NEFT/SALES PAYMENT
E001,CURR001,msme,2022-06-04,2159.99,debit,UPI/VENDOR PAY
E001,CURR001,msme,2022-06-05,8501.72,credit,RTGS/INVOICE 1234
E001,CURR001,msme,2022-06-05,2233.5,credit,NEFT/SALES BULK ORDER
E001,CURR001,msme,2022-06-05,9458.46,credit,UPI/CUSTOMER PAY
E001,CURR001,msme,2022-06-05,7502.42,credit,IMPS/CUSTOMER PAY
E001,CURR001,msme,2022-06-05,6346.83,debit,GST PAYMENT
E001,CURR001,msme,2022-06-05,13114.19,debit,RENT/OFFICE
E001,CURR001,msme,2022-06-05,5005.47,debit,EMI/HDFC LOAN
E001,CURR001,msme,2022-06-06,1124.58,credit,IMPS/CUSTOMER PAY
E001,CURR001,msme,2022-06-06,5705.18,credit,UPI/CUSTOMER PAY
E001,CURR001,msme,2022-06-06,20599.91,credit,IMPS/CUSTOMER PAY
E001,CURR001,msme,2022-06-06,7316.66,debit,GST PAYMENT
E001,CURR001,msme,2022-06-06,7477.96,debit,TDS PAYMENT
E001,CURR001,msme,2022-06-07,5725.65,credit,IMPS/CUSTOMER PAY
E001,CURR001,msme,2022-06-07,5244.72,credit,NEFT/SALES BULK ORDER
E001,CURR001,msme,2022-06-07,10510.47,debit,EMI/HDFC LOAN
E001,CURR001,msme,2022-06-07,6851.95,debit,RENT/OFFICE
E001,CURR001,msme,2022-06-08,16812.87,credit,NEFT/SALES PAYMENT
E001,CURR001,msme,2022-06-08,2257.09,credit,IMPS/CUSTOMER PAY
E001,CURR001,msme,2022-06-08,10193.79,credit,IMPS/CUSTOMER PAY
E001,CURR001,msme,2022-06-08,4532.66,debit,RENT/OFFICE
E001,CURR001,msme,2022-06-09,7720.11,credit,NEFT/SALES BULK ORDER
E001,CURR001,msme,2022-06-09,3493.45,credit,NEFT/SALES PAYMENT
E001,CURR001,msme,2022-06-09,5113.58,debit,NEFT/SUPPLIER PAY
E001,CURR001,msme,2022-06-09,7120.87,debit,NEFT/SUPPLIER PAY
E001,CURR001,msme,2022-06-09,1391.75,debit,TDS PAYMENT
E001,CURR001,msme,2022-06-10,4830.84,credit,UPI/GPAY CUSTOMER
E001,CURR001,msme,2022-06-10,10164.33,credit,UPI/GPAY CUSTOMER
E001,CURR001,msme,2022-06-10,4295.72,credit,RTGS/INVOICE 1234
E001,CURR001,msme,2022-06-10,1541.48,debit,ELECTRICITY BILL
E001,CURR001,msme,2022-06-10,11843.16,debit,NEFT/SALARY
E001,CURR001,msme,2022-06-11,6831.13,credit,UPI/CUSTOMER PAY
E001,CURR001,msme,2022-06-11,26704.33,credit,IMPS/CUSTOMER PAY
E001,CURR001,msme,2022-06-11,7724.42,debit,ELECTRICITY BILL
E001,CURR001,msme,2022-06-11,12861.8,debit,EMI/HDFC LOAN
E001,CURR001,msme,2022-06-11,2076.54,debit,RENT/OFFICE
E001,CURR001,msme,2022-06-12,6579.59,credit,NEFT/SALES BULK ORDER
E001,CURR001,msme,2022-06-12,4960.58,credit,NEFT/SALES BULK ORDER
E001,CURR001,msme,2022-06-12,3976.95,debit,GST PAYMENT
E001,CURR001,msme,2022-06-13,4507.94,credit,NEFT/SALES BULK ORDER
E001,CURR001,msme,2022-06-13,4471.0,credit,NEFT/SALES BULK ORDER
E001,CURR001,msme,2022-06-13,11998.16,credit,IMPS/CUSTOMER PAY
E001,CURR001,msme,2022-06-13,3560.58,credit,UPI/CUSTOMER PAY
E001,CURR001,msme,2022-06-13,3630.87,debit,NEFT/SUPPLIER PAY
E001,CURR001,msme,2022-06-13,12443.51,debit,RENT/OFFICE
E001,CURR001,msme,2022-06-13,6414.08,debit,TDS PAYMENT
E001,CURR001,msme,2022-06-14,1423.6,credit,UPI/GPAY CUSTOMER
E001,CURR001,msme,2022-06-14,11322.71,credit,UPI/CUSTOMER PAY
E001,CURR001,msme,2022-06-14,7469.23,credit,IMPS/CUSTOMER PAY
E001,CURR001,msme,2022-06-14,12818.04,debit,RENT/OFFICE
E001,CURR001,msme,2022-06-14,3756.25,debit,UPI/VENDOR PAY
E001,CURR001,msme,2022-06-14,2451.81,debit,RENT/OFFICE
E001,CURR001,msme,2022-06-15,12881.14,credit,UPI/GPAY CUSTOMER
E001,CURR001,msme,2022-06-15,8004.44,credit,RTGS/INVOICE 1234
E001,CURR001,msme,2022-06-15,7372.44,debit,GST PAYMENT
E001,CURR001,msme,2022-06-16,21104.83,credit,UPI/GPAY CUSTOMER
E001,CURR001,msme,2022-06-16,7137.92,credit,UPI/CUSTOMER PAY
E001,CURR001,msme,2022-06-16,14557.71,credit,RTGS/INVOICE 1234
E001,CURR001,msme,2022-06-16,3009.0,credit,NEFT/SALES PAYMENT
E001,CURR001,msme,2022-06-16,2664.11,debit,RENT/OFFICE
E001,CURR001,msme,2022-06-17,1311.47,credit,UPI/GPAY CUSTOMER
E001,CURR001,msme,2022-06-17,11755.03,credit,UPI/CUSTOMER PAY
E001,CURR001,msme,2022-06-17,9258.73,credit,NEFT/SALES BULK ORDER
E001,CURR001,msme,2022-06-17,6171.05,debit,NEFT/SUPPLIER PAY
E001,CURR001,msme,2022-06-18,7091.28,credit,NEFT/SALES BULK ORDER
E001,CURR001,msme,2022-06-18,25045.62,credit,RTGS/INVOICE 1234
E001,CURR001,msme,2022-06-18,11500.38,debit,NEFT/SUPPLIER PAY
E001,CURR001,msme,2022-06-18,6351.97,debit,ELECTRICITY BILL
E001,CURR001,msme,2022-06-19,6597.44,credit,RTGS/INVOICE 1234
E001,CURR001,msme,2022-06-19,4996.68,credit,NEFT/SALES PAYMENT
E001,CURR001,msme,2022-06-19,4660.73,debit,NEFT/SALARY
E001,CURR001,msme,2022-06-19,10563.37,debit,NEFT/SALARY
E001,CURR001,msme,2022-06-19,7352.23,debit,NEFT/SUPPLIER PAY
E001,CURR001,msme,2022-06-20,2758.1,credit,RTGS/INVOICE 1234
E001,CURR001,msme,2022-06-20,3724.58,credit,NEFT/SALES BULK ORDER
E001,CURR001,msme,2022-06-20,2313.08,debit,RENT/OFFICE
E001,CURR001,msme,2022-06-20,1415.1,debit,TDS PAYMENT
E001,CURR001,msme,2022-06-20,2811.37,debit,NEFT/SUPPLIER PAY
E001,CURR001,msme,2022-06-21,7217.15,credit,NEFT/SALES PAYMENT
E001,CURR001,msme,2022-06-21,6842.66,credit,NEFT/SALES PAYMENT
E001,CURR001,msme,2022-06-21,4527.02,debit,ELECTRICITY BILL
E001,CURR001,msme,2022-06-21,3132.35,debit,NEFT/SUPPLIER PAY
E001,CURR001,msme,2022-06-22,17022.17,credit,IMPS/CUSTOMER PAY
E001,CURR001,msme,2022-06-22,15761.14,credit,NEFT/SALES BULK ORDER
E001,CURR001,msme,2022-06-22,7925.68,credit,UPI/CUSTOMER PAY
E001,CURR001,msme,2022-06-22,2750.87,debit,NEFT/SUPPLIER PAY
E001,CURR001,msme,2022-06-22,5660.06,debit,NEFT/SALARY
E001,CURR001,msme,2022-06-22,1079.28,debit,UPI/VENDOR PAY
E001,CURR001,msme,2022-06-23,17666.22,credit,NEFT/SALES BULK ORDER
E001,CURR001,msme,2022-06-23,5502.46,credit,RTGS/INVOICE 1234
E001,CURR001,msme,2022-06-23,6215.71,credit,IMPS/CUSTOMER PAY
E001,CURR001,msme,2022-06-23,1922.94,debit,NEFT/SUPPLIER PAY
E001,CURR001,msme,2022-06-24,16821.28,credit,NEFT/SALES PAYMENT
E001,CURR001,msme,2022-06-24,10320.29,credit,UPI/GPAY CUSTOMER
E001,CURR001,msme,2022-06-24,2148.67,credit,UPI/GPAY CUSTOMER
E001,CURR001,msme,2022-06-24,11494.36,debit,NEFT/SUPPLIER PAY
E001,CURR001,msme,2022-06-24,4455.84,debit,TDS PAYMENT
E001,CURR001,msme,2022-06-25,19927.16,credit,NEFT/SALES PAYMENT
E001,CURR001,msme,2022-06-25,4274.77,credit,IMPS/CUSTOMER PAY
E001,CURR001,msme,2022-06-25,32335.24,credit,UPI/CUSTOMER PAY
E001,CURR001,msme,2022-06-25,10302.62,credit,UPI/GPAY CUSTOMER
E001,CURR001,msme,2022-06-25,8680.92,debit,ELECTRICITY BILL
E001,CURR001,msme,2022-06-26,12865.81,credit,RTGS/INVOICE 1234
E001,CURR001,msme,2022-06-26,5771.23,credit,IMPS/CUSTOMER PAY
E001,CURR001,msme,2022-06-26,3819.52,credit,RTGS/INVOICE 1234
E001,CURR001,msme,2022-06-26,15409.76,credit,RTGS/INVOICE 1234
E001,CURR001,msme,2022-06-26,8924.15,debit,TDS PAYMENT
E001,CURR001,msme,2022-06-26,17465.15,debit,ELECTRICITY BILL
E001,CURR001,msme,2022-06-26,7604.41,debit,GST PAYMENT
E001,CURR001,msme,2022-06-27,7024.17,credit,UPI/CUSTOMER PAY
E001,CURR001,msme,2022-06-27,18288.59,credit,UPI/CUSTOMER PAY
E001,CURR001,msme,2022-06-27,6855.33,credit,UPI/CUSTOMER PAY
E001,CURR001,msme,2022-06-27,4103.45,credit,UPI/CUSTOMER PAY
E001,CURR001,msme,2022-06-27,10614.05,debit,TDS PAYMENT
E001,CURR001,msme,2022-06-27,2695.47,debit,ELECTRICITY BILL
E001,CURR001,msme,2022-06-27,14489.34,debit,NEFT/SUPPLIER PAY
E001,CURR001,msme,2022-06-28,17260.14,credit,NEFT/SALES PAYMENT
E001,CURR001,msme,2022-06-28,7279.27,credit,UPI/CUSTOMER PAY
E001,CURR001,msme,2022-06-28,4965.56,debit,TDS PAYMENT
E001,CURR001,msme,2022-06-28,8768.28,debit,GST PAYMENT
E001,CURR001,msme,2022-06-29,15340.35,credit,RTGS/INVOICE 1234
E001,CURR001,msme,2022-06-29,7443.9,credit,RTGS/INVOICE 1234
E001,CURR001,msme,2022-06-29,21538.51,credit,UPI/GPAY CUSTOMER
E001,CURR001,msme,2022-06-29,6437.7,credit,NEFT/SALES BULK ORDER
E001,CURR001,msme,2022-06-29,2542.46,debit,NEFT/SUPPLIER PAY
E001,CURR001,msme,2022-06-29,3566.37,debit,TDS PAYMENT
E001,CURR001,msme,2022-06-30,6086.49,credit,IMPS/CUSTOMER PAY
E001,CURR001,msme,2022-06-30,2391.02,credit,NEFT/SALES PAYMENT
E001,CURR001,msme,2022-06-30,11894.23,debit,GST PAYMENT
E001,CURR001,msme,2022-07-01,5210.93,credit,IMPS/CUSTOMER PAY
E001,CURR001,msme,2022-07-01,62727.76,credit,RTGS/INVOICE 1234
E001,CURR001,msme,2022-07-01,14464.85,debit,GST PAYMENT
E001,CURR001,msme,2022-07-02,40330.94,credit,UPI/CUSTOMER PAY
E001,CURR001,msme,2022-07-02,29286.9,credit,NEFT/SALES BULK ORDER
E001,CURR001,msme,2022-07-02,28281.63,credit,NEFT/SALES BULK ORDER
E001,CURR001,msme,2022-07-02,2771.82,debit,TDS PAYMENT
E001,CURR001,msme,2022-07-02,4903.17,debit,NEFT/SUPPLIER PAY
E001,CURR001,msme,2022-07-02,10733.57,debit,TDS PAYMENT
E001,CURR001,msme,2022-07-03,4820.28,credit,NEFT/SALES BULK ORDER
E001,CURR001,msme,2022-07-03,881.08,credit,NEFT/SALES BULK ORDER
E001,CURR001,msme,2022-07-03,8609.79,debit,ELECTRICITY BILL
E001,CURR001,msme,2022-07-03,2658.85,debit,ELECTRICITY BILL
E001,CURR001,msme,2022-07-04,15153.62,credit,RTGS/INVOICE 1234
E001,CURR001,msme,2022-07-04,13281.62,credit,NEFT/SALES PAYMENT
E001,CURR001,msme,2022-07-04,8012.63,debit,RENT/OFFICE
E001,CURR001,msme,2022-07-04,6761.38,debit,GST PAYMENT
E001,CURR001,msme,2022-07-05,3410.58,credit,RTGS/INVOICE 1234
E001,CURR001,msme,2022-07-05,15995.7,credit,UPI/CUSTOMER PAY
E001,CURR001,msme,2022-07-05,16326.95,credit,UPI/GPAY CUSTOMER
E001,CURR001,msme,2022-07-05,5480.33,credit,UPI/CUSTOMER PAY
E001,CURR001,msme,2022-07-05,2244.57,debit,RENT/OFFICE
E001,CURR001,msme,2022-07-05,8124.12,debit,TDS PAYMENT
E001,CURR001,msme,2022-07-05,15881.07,debit,RENT/OFFICE
E001,CURR001,msme,2022-07-06,1777.97,credit,UPI/GPAY CUSTOMER
E001,CURR001,msme,2022-07-06,9285.77,credit,RTGS/INVOICE 1234
E001,CURR001,msme,2022-07-06,5581.27,credit,RTGS/INVOICE 1234
E001,CURR001,msme,2022-07-06,1609.55,debit,RENT/OFFICE
E001,CURR001,msme,2022-07-07,924.0,credit,UPI/GPAY CUSTOMER
E001,CURR001,msme,2022-07-07,4274.41,credit,NEFT/SALES BULK ORDER
E001,CURR001,msme,2022-07-07,3495.63,debit,ELECTRICITY BILL
E001,CURR001,msme,2022-07-07,5427.78,debit,UPI/VENDOR PAY
E001,CURR001,msme,2022-07-08,30607.71,credit,IMPS/CUSTOMER PAY
E001,CURR001,msme,2022-07-08,5621.33,credit,NEFT/SALES PAYMENT
E001,CURR001,msme,2022-07-08,10762.5,credit,NEFT/SALES BULK ORDER
E001,CURR001,msme,2022-07-08,3366.77,credit,NEFT/SALES PAYMENT
E001,CURR001,msme,2022-07-08,4733.3,debit,RENT/OFFICE
E001,CURR001,msme,2022-07-08,8682.55,debit,TDS PAYMENT
E001,CURR001,msme,2022-07-08,9140.14,debit,UPI/VENDOR PAY
E001,CURR001,msme,2022-07-09,4655.81,credit,UPI/CUSTOMER PAY
E001,CURR001,msme,2022-07-09,5518.37,credit,NEFT/SALES PAYMENT
E001,CURR001,msme,2022-07-09,14346.61,credit,UPI/GPAY CUSTOMER
E001,CURR001,msme,2022-07-09,5277.2,debit,EMI/HDFC LOAN
E001,CURR001,msme,2022-07-09,2226.71,debit,NEFT/SALARY
E001,CURR001,msme,2022-07-09,8232.05,debit,UPI/VENDOR PAY
E001,CURR001,msme,2022-07-10,6470.04,credit,NEFT/SALES BULK ORDER
E001,CURR001,msme,2022-07-10,20492.88,credit,IMPS/CUSTOMER PAY
E001,CURR001,msme,2022-07-10,5993.73,credit,NEFT/SALES PAYMENT
E001,CURR001,msme,2022-07-10,11233.73,credit,UPI/GPAY CUSTOMER
E001,CURR001,msme,2022-07-10,4898.63,debit,ELECTRICITY BILL
E001,CURR001,msme,2022-07-10,6035.96,debit,NEFT/SALARY
E001,CURR001,msme,2022-07-10,1901.49,debit,NEFT/SALARY
E001,CURR001,msme,2022-07-11,4984.68,credit,NEFT/SALES PAYMENT
E001,CURR001,msme,2022-07-11,29835.63,credit,IMPS/CUSTOMER PAY
E001,CURR001,msme,2022-07-11,6387.55,debit,RENT/OFFICE
E001,CURR001,msme,2022-07-11,5037.19,debit,UPI/VENDOR PAY
E001,CURR001,msme,2022-07-11,9981.09,debit,ELECTRICITY BILL
E001,CURR001,msme,2022-07-12,1303.34,credit,NEFT/SALES PAYMENT
E001,CURR001,msme,2022-07-12,4179.42,credit,IMPS/CUSTOMER PAY
E001,CURR001,msme,2022-07-12,8681.2,credit,UPI/CUSTOMER PAY
E001,CURR001,msme,2022-07-12,2283.03,debit,TDS PAYMENT
E001,CURR001,msme,2022-07-13,6807.74,credit,UPI/CUSTOMER PAY
E001,CURR001,msme,2022-07-13,29915.2,credit,NEFT/SALES BULK ORDER
E001,CURR001,msme,2022-07-13,4094.34,debit,NEFT/SUPPLIER PAY
E001,CURR001,msme,2022-07-13,3976.96,debit,NEFT/SALARY
E001,CURR001,msme,2022-07-13,2778.11,debit,NEFT/SUPPLIER PAY
E001,CURR001,msme,2022-07-14,4901.09,credit,UPI/GPAY CUSTOMER
E001,CURR001,msme,2022-07-14,13121.16,credit,NEFT/SALES BULK ORDER
E001,CURR001,msme,2022-07-14,28745.31,credit,NEFT/SALES BULK ORDER
E001,CURR001,msme,2022-07-14,10094.49,credit,IMPS/CUSTOMER PAY
E001,CURR001,msme,2022-07-14,6161.99,debit,TDS PAYMENT
E001,CURR001,msme,2022-07-14,4118.95,debit,GST PAYMENT
E001,CURR001,msme,2022-07-14,3818.71,debit,EMI/HDFC LOAN
E001,CURR001,msme,2022-07-15,12199.28,credit,NEFT/SALES BULK ORDER
E001,CURR001,msme,2022-07-15,7716.88,credit,NEFT/SALES BULK ORDER
E001,CURR001,msme,2022-07-15,4497.66,credit,NEFT/SALES PAYMENT
E001,CURR001,msme,2022-07-15,2486.39,debit,GST PAYMENT
E001,CURR001,msme,2022-07-15,4896.24,debit,ELECTRICITY BILL
E001,CURR001,msme,2022-07-16,4227.29,credit,UPI/GPAY CUSTOMER
E001,CURR001,msme,2022-07-16,6875.89,credit,RTGS/INVOICE 1234
E001,CURR001,msme,2022-07-16,5320.32,debit,NEFT/SUPPLIER PAY
E001,CURR001,msme,2022-07-16,1795.8,debit,GST PAYMENT
E001,CURR001,msme,2022-07-16,6334.71,debit,RENT/OFFICE
E001,CURR001,msme,2022-07-17,24215.24,credit,NEFT/SALES PAYMENT
E001,CURR001,msme,2022-07-17,14947.69,credit,UPI/CUSTOMER PAY
E001,CURR001,msme,2022-07-17,6950.32,credit,UPI/CUSTOMER PAY
E001,CURR001,msme,2022-07-17,40776.87,credit,UPI/CUSTOMER PAY
E001,CURR001,msme,2022-07-17,1364.75,debit,NEFT/SUPPLIER PAY
E001,CURR001,msme,2022-07-17,3888.03,debit,NEFT/SUPPLIER PAY
E001,CURR001,msme,2022-07-17,3705.03,debit,NEFT/SUPPLIER PAY
E001,CURR001,msme,2022-07-18,15145.21,credit,UPI/GPAY CUSTOMER
E001,CURR001,msme,2022-07-18,12761.01,credit,NEFT/SALES BULK ORDER
E001,CURR001,msme,2022-07-18,2936.39,debit,NEFT/SUPPLIER PAY
E001,CURR001,msme,2022-07-18,5667.88,debit,EMI/HDFC LOAN
E001,CURR001,msme,2022-07-19,12296.09,credit,UPI/GPAY CUSTOMER
E001,CURR001,msme,2022-07-19,8140.84,credit,UPI/GPAY CUSTOMER
E001,CURR001,msme,2022-07-19,20312.4,credit,NEFT/SALES BULK ORDER
E001,CURR001,msme,2022-07-19,25485.72,credit,NEFT/SALES BULK ORDER
E001,CURR001,msme,2022-07-19,6457.0,debit,NEFT/SALARY
E001,CURR001,msme,2022-07-19,2862.19,debit,EMI/HDFC LOAN
E001,CURR001,msme,2022-07-20,5422.53,credit,IMPS/CUSTOMER PAY
E001,CURR001,msme,2022-07-20,12669.5,credit,UPI/GPAY CUSTOMER
E001,CURR001,msme,2022-07-20,6228.8,debit,GST PAYMENT
E001,CURR001,msme,2022-07-20,3996.68,debit,TDS PAYMENT
E001,CURR001,msme,2022-07-20,17422.42,debit,GST PAYMENT
E001,CURR001,msme,2022-07-21,10728.17,credit,RTGS/INVOICE 1234
E001,CURR001,msme,2022-07-21,10110.88,credit,NEFT/SALES PAYMENT
E001,CURR001,msme,2022-07-21,8205.0,debit,NEFT/SUPPLIER PAY
E001,CURR001,msme,2022-07-22,9021.34,credit,IMPS/CUSTOMER PAY
E001,CURR001,msme,2022-07-22,8868.23,credit,UPI/CUSTOMER PAY
E001,CURR001,msme,2022-07-22,5621.59,credit,UPI/CUSTOMER PAY
E001,CURR001,msme,2022-07-22,3978.58,debit,EMI/HDFC LOAN
E001,CURR001,msme,2022-07-22,3308.67,debit,EMI/HDFC LOAN
E001,CURR001,msme,2022-07-23,5833.85,credit,UPI/CUSTOMER PAY
E001,CURR001,msme,2022-07-23,14926.19,credit,IMPS/CUSTOMER PAY
E001,CURR001,msme,2022-07-23,22151.22,credit,NEFT/SALES PAYMENT
E001,CURR001,msme,2022-07-23,7462.02,credit,RTGS/INVOICE 1234
E001,CURR001,msme,2022-07-23,11586.46,debit,EMI/HDFC LOAN
E001,CURR001,msme,2022-07-23,6378.6,debit,UPI/VENDOR PAY
E001,CURR001,msme,2022-07-23,2826.95,debit,NEFT/SALARY
E001,CURR001,msme,2022-07-24,10164.23,credit,NEFT/SALES BULK ORDER
E001,CURR001,msme,2022-07-24,6587.15,credit,NEFT/SALES PAYMENT
E001,CURR001,msme,2022-07-24,5391.85,credit,RTGS/INVOICE 1234
E001,CURR001,msme,2022-07-24,15093.58,credit,NEFT/SALES BULK ORDER
E001,CURR001,msme,2022-07-24,1267.4,debit,ELECTRICITY BILL
E001,CURR001,msme,2022-07-24,5367.37,debit,RENT/OFFICE
E001,CURR001,msme,2022-07-25,5418.01,credit,NEFT/SALES BULK ORDER
E001,CURR001,msme,2022-07-25,25724.45,credit,IMPS/CUSTOMER PAY
E001,CURR001,msme,2022-07-25,6911.96,credit,NEFT/SALES PAYMENT
E001,CURR001,msme,2022-07-25,10302.32,credit,RTGS/INVOICE 1234
E001,CURR001,msme,2022-07-25,5988.2,debit,TDS PAYMENT
E001,CURR001,msme,2022-07-26,14724.21,credit,RTGS/INVOICE 1234
E001,CURR001,msme,2022-07-26,3740.41,credit,IMPS/CUSTOMER PAY
E001,CURR001,msme,2022-07-26,9137.2,credit,IMPS/CUSTOMER PAY
E001,CURR001,msme,2022-07-26,5126.42,credit,IMPS/CUSTOMER PAY
E001,CURR001,msme,2022-07-26,1949.44,debit,NEFT/SALARY
E001,CURR001,msme,2022-07-26,3378.78,debit,NEFT/SUPPLIER PAY
E001,CURR001,msme,2022-07-26,4612.97,debit,TDS PAYMENT
E001,CURR001,msme,2022-07-27,12490.15,credit,NEFT/SALES BULK ORDER
E001,CURR001,msme,2022-07-27,16445.4,credit,NEFT/SALES BULK ORDER
E001,CURR001,msme,2022-07-27,8358.99,credit,NEFT/SALES PAYMENT
E001,CURR001,msme,2022-07-27,5475.4,debit,GST PAYMENT
E001,CURR001,msme,2022-07-27,3377.28,debit,ELECTRICITY BILL
E001,CURR001,msme,2022-07-27,8652.82,debit,GST PAYMENT
E001,CURR001,msme,2022-07-28,5977.15,credit,NEFT/SALES BULK ORDER
E001,CURR001,msme,2022-07-28,6466.46,credit,NEFT/SALES PAYMENT
E001,CURR001,msme,2022-07-28,1793.35,credit,RTGS/INVOICE 1234
E001,CURR001,msme,2022-07-28,3994.26,debit,NEFT/SALARY
E001,CURR001,msme,2022-07-29,18771.38,credit,NEFT/SALES BULK ORDER
E001,CURR001,msme,2022-07-29,4059.6,credit,RTGS/INVOICE 1234
E001,CURR001,msme,2022-07-29,9558.78,debit,EMI/HDFC LOAN
E001,CURR001,msme,2022-07-29,16275.71,debit,NEFT/SUPPLIER PAY
E001,CURR001,msme,2022-07-30,12674.25,credit,IMPS/CUSTOMER PAY
E001,CURR001,msme,2022-07-30,49134.15,credit,NEFT/SALES PAYMENT
E001,CURR001,msme,2022-07-30,5184.93,credit,RTGS/INVOICE 1234
E001,CURR001,msme,2022-07-30,2092.9,credit,IMPS/CUSTOMER PAY
E001,CURR001,msme,2022-07-30,18078.51,debit,NEFT/SUPPLIER PAY
E001,CURR001,msme,2022-07-30,8968.89,debit,GST PAYMENT
E001,CURR001,msme,2022-07-31,3858.82,credit,UPI/GPAY CUSTOMER
E001,CURR001,msme,2022-07-31,9805.47,credit,NEFT/SALES PAYMENT
E001,CURR001,msme,2022-07-31,2243.3,debit,NEFT/SALARY
E001,CURR001,msme,2022-08-01,7420.86,credit,NEFT/SALES BULK ORDER
E001,CURR001,msme,2022-08-01,43658.88,credit,RTGS/INVOICE 1234
E001,CURR001,msme,2022-08-01,3326.1,credit,IMPS/CUSTOMER PAY
E001,CURR001,msme,2022-08-01,2416.09,debit,ELECTRICITY BILL
E001,CURR001,msme,2022-08-02,15158.19,credit,NEFT/SALES BULK ORDER
E001,CURR001,msme,2022-08-02,46016.45,credit,UPI/CUSTOMER PAY
E001,CURR001,msme,2022-08-02,7039.49,credit,UPI/CUSTOMER PAY
E001,CURR001,msme,2022-08-02,5067.09,debit,ELECTRICITY BILL
E001,CURR001,msme,2022-08-02,16099.37,debit,TDS PAYMENT
E001,CURR001,msme,2022-08-02,4564.8,debit,EMI/HDFC LOAN
E001,CURR001,msme,2022-08-03,6991.95,credit,NEFT/SALES BULK ORDER
E001,CURR001,msme,2022-08-03,15448.26,credit,RTGS/INVOICE 1234
E001,CURR001,msme,2022-08-03,5677.32,debit,EMI/HDFC LOAN
E001,CURR001,msme,2022-08-03,1825.36,debit,NEFT/SALARY
E001,CURR001,msme,2022-08-04,1017.89,credit,RTGS/INVOICE 1234
E001,CURR001,msme,2022-08-04,2891.82,credit,NEFT/SALES PAYMENT
E001,CURR001,msme,2022-08-04,987.18,credit,UPI/GPAY CUSTOMER
E001,CURR001,msme,2022-08-04,3958.24,debit,RENT/OFFICE
E001,CURR001,msme,2022-08-05,4439.4,credit,NEFT/SALES PAYMENT
E001,CURR001,msme,2022-08-05,5465.0,credit,IMPS/CUSTOMER PAY
E001,CURR001,msme,2022-08-05,1919.78,debit,EMI/HDFC LOAN
E001,CURR001,msme,2022-08-05,2848.63,debit,EMI/HDFC LOAN
E001,CURR001,msme,2022-08-06,6936.38,credit,UPI/GPAY CUSTOMER
E001,CURR001,msme,2022-08-06,8802.89,credit,NEFT/SALES PAYMENT
E001,CURR001,msme,2022-08-06,1081.87,debit,RENT/OFFICE
E001,CURR001,msme,2022-08-06,4001.89,debit,NEFT/SALARY
E001,CURR001,msme,2022-08-06,5319.82,debit,RENT/OFFICE
E001,CURR001,msme,2022-08-07,4597.53,credit,NEFT/SALES BULK ORDER
E001,CURR001,msme,2022-08-07,2413.97,credit,RTGS/INVOICE 1234
E001,CURR001,msme,2022-08-07,15757.62,credit,UPI/GPAY CUSTOMER
E001,CURR001,msme,2022-08-07,7008.07,credit,UPI/GPAY CUSTOMER
E001,CURR001,msme,2022-08-07,9366.3,debit,ELECTRICITY BILL
E001,CURR001,msme,2022-08-08,5250.62,credit,UPI/GPAY CUSTOMER
E001,CURR001,msme,2022-08-08,9098.77,credit,UPI/CUSTOMER PAY
E001,CURR001,msme,2022-08-08,4955.14,credit,UPI/CUSTOMER PAY
E001,CURR001,msme,2022-08-08,10440.63,debit,GST PAYMENT
E001,CURR001,msme,2022-08-08,7440.15,debit,UPI/VENDOR PAY
E001,CURR001,msme,2022-08-09,6843.78,credit,NEFT/SALES BULK ORDER
E001,CURR001,msme,2022-08-09,3678.49,credit,NEFT/SALES PAYMENT
E001,CURR001,msme,2022-08-09,1522.17,debit,EMI/HDFC LOAN
E001,CURR001,msme,2022-08-10,3956.24,credit,UPI/CUSTOMER PAY
E001,CURR001,msme,2022-08-10,21614.6,credit,UPI/CUSTOMER PAY
E001,CURR001,msme,2022-08-10,20448.75,credit,RTGS/INVOICE 1234
E001,CURR001,msme,2022-08-10,7488.54,credit,UPI/CUSTOMER PAY
E001,CURR001,msme,2022-08-10,4980.05,debit,TDS PAYMENT
E001,CURR001,msme,2022-08-10,6742.21,debit,RENT/OFFICE
E001,CURR001,msme,2022-08-10,2315.94,debit,UPI/VENDOR PAY
E001,CURR001,msme,2022-08-11,8490.31,credit,UPI/CUSTOMER PAY
E001,CURR001,msme,2022-08-11,4465.66,credit,NEFT/SALES PAYMENT
E001,CURR001,msme,2022-08-11,1498.22,debit,EMI/HDFC LOAN
E001,CURR001,msme,2022-08-12,4834.56,credit,UPI/GPAY CUSTOMER
E001,CURR001,msme,2022-08-12,15345.89,credit,IMPS/CUSTOMER PAY
E001,CURR001,msme,2022-08-12,6927.9,credit,NEFT/SALES PAYMENT
E001,CURR001,msme,2022-08-12,7046.52,credit,NEFT/SALES PAYMENT
E001,CURR001,msme,2022-08-12,1737.99,debit,GST PAYMENT
E001,CURR001,msme,2022-08-12,10234.91,debit,GST PAYMENT
E001,CURR001,msme,2022-08-13,6196.15,credit,UPI/GPAY CUSTOMER
E001,CURR001,msme,2022-08-13,3808.23,credit,UPI/CUSTOMER PAY
E001,CURR001,msme,2022-08-13,3375.61,credit,IMPS/CUSTOMER PAY
E001,CURR001,msme,2022-08-13,24685.52,credit,RTGS/INVOICE 1234
E001,CURR001,msme,2022-08-13,4125.6,debit,GST PAYMENT
E001,CURR001,msme,2022-08-13,14005.5,debit,ELECTRICITY BILL
E001,CURR001,msme,2022-08-13,6768.68,debit,NEFT/SUPPLIER PAY
E001,CURR001,msme,2022-08-14,1865.85,credit,NEFT/SALES PAYMENT
E001,CURR001,msme,2022-08-14,20681.54,credit,IMPS/CUSTOMER PAY
E001,CURR001,msme,2022-08-14,18509.46,credit,UPI/CUSTOMER PAY
E001,CURR001,msme,2022-08-14,19957.58,credit,NEFT/SALES BULK ORDER
E001,CURR001,msme,2022-08-14,3703.55,debit,EMI/HDFC LOAN
E001,CURR001,msme,2022-08-15,8986.95,credit,NEFT/SALES BULK ORDER
E001,CURR001,msme,2022-08-15,9721.77,credit,UPI/CUSTOMER PAY
E001,CURR001,msme,2022-08-15,1117.51,debit,NEFT/SALARY
E001,CURR001,msme,2022-08-15,11986.64,debit,NEFT/SALARY
E001,CURR001,msme,2022-08-15,3467.58,debit,EMI/HDFC LOAN
E001,CURR001,msme,2022-08-16,17533.72,credit,UPI/CUSTOMER PAY
E001,CURR001,msme,2022-08-16,29509.46,credit,NEFT/SALES BULK ORDER
E001,CURR001,msme,2022-08-16,18471.26,debit,RENT/OFFICE
E001,CURR001,msme,2022-08-16,3556.5,debit,UPI/VENDOR PAY
E001,CURR001,msme,2022-08-17,3321.6,credit,UPI/CUSTOMER PAY
E001,CURR001,msme,2022-08-17,8761.66,credit,RTGS/INVOICE 1234
E001,CURR001,msme,2022-08-17,4619.98,debit,UPI/VENDOR PAY
E001,CURR001,msme,2022-08-17,3793.3,debit,NEFT/SALARY
E001,CURR001,msme,2022-08-18,4144.11,credit,UPI/GPAY CUSTOMER
E001,CURR001,msme,2022-08-18,5682.27,credit,IMPS/CUSTOMER PAY
E001,CURR001,msme,2022-08-18,8407.6,credit,UPI/GPAY CUSTOMER
E001,CURR001,msme,2022-08-18,4742.9,debit,GST PAYMENT
E001,CURR001,msme,2022-08-18,8005.37,debit,GST PAYMENT
E001,CURR001,msme,2022-08-19,6203.97,credit,NEFT/SALES BULK ORDER
E001,CURR001,msme,2022-08-19,4065.78,credit,RTGS/INVOICE 1234
E001,CURR001,msme,2022-08-19,8742.92,credit,IMPS/CUSTOMER PAY
E001,CURR001,msme,2022-08-19,1636.62,debit,GST PAYMENT
E001,CURR001,msme,2022-08-20,3289.81,credit,UPI/GPAY CUSTOMER
E001,CURR001,msme,2022-08-20,66591.99,credit,UPI/GPAY CUSTOMER
E001,CURR001,msme,2022-08-20,1388.63,debit,RENT/OFFICE
E001,CURR001,msme,2022-08-20,4215.78,debit,UPI/VENDOR PAY
E001,CURR001,msme,2022-08-21,21637.36,credit,UPI/GPAY CUSTOMER
E001,CURR001,msme,2022-08-21,2953.77,credit,NEFT/SALES BULK ORDER
E001,CURR001,msme,2022-08-21,4056.07,credit,RTGS/INVOICE 1234
E001,CURR001,msme,2022-08-21,2060.84,debit,ELECTRICITY BILL
E001,CURR001,msme,2022-08-21,5521.4,debit,NEFT/SUPPLIER PAY
E001,CURR001,msme,2022-08-21,3410.69,debit,RENT/OFFICE
E001,CURR001,msme,2022-08-22,12731.71,credit,RTGS/INVOICE 1234
E001,CURR001,msme,2022-08-22,10234.19,credit,NEFT/SALES PAYMENT
E001,CURR001,msme,2022-08-22,9224.57,debit,NEFT/SALARY
E001,CURR001,msme,2022-08-22,3591.98,debit,GST PAYMENT
E001,CURR001,msme,2022-08-23,2919.99,credit,NEFT/SALES PAYMENT
E001,CURR001,msme,2022-08-23,12320.36,credit,RTGS/INVOICE 1234
E001,CURR001,msme,2022-08-23,5943.15,debit,UPI/VENDOR PAY
E001,CURR001,msme,2022-08-24,5035.74,credit,IMPS/CUSTOMER PAY
E001,CURR001,msme,2022-08-24,1512.75,credit,UPI/GPAY CUSTOMER
E001,CURR001,msme,2022-08-24,10524.27,credit,UPI/GPAY CUSTOMER
E001,CURR001,msme,2022-08-24,29828.14,credit,NEFT/SALES PAYMENT
E001,CURR001,msme,2022-08-24,4504.21,debit,NEFT/SUPPLIER PAY
E001,CURR001,msme,2022-08-25,3171.39,credit,UPI/CUSTOMER PAY
E001,CURR001,msme,2022-08-25,109504.16,credit,IMPS/CUSTOMER PAY
E001,CURR001,msme,2022-08-25,2994.2,credit,RTGS/INVOICE 1234
E001,CURR001,msme,2022-08-25,4207.91,debit,EMI/HDFC LOAN
E001,CURR001,msme,2022-08-25,7879.98,debit,NEFT/SALARY
E001,CURR001,msme,2022-08-25,4561.39,debit,GST PAYMENT
E001,CURR001,msme,2022-08-26,17398.22,credit,NEFT/SALES BULK ORDER
E001,CURR001,msme,2022-08-26,7440.39,credit,NEFT/SALES PAYMENT
E001,CURR001,msme,2022-08-26,24645.31,credit,NEFT/SALES BULK ORDER
E001,CURR001,msme,2022-08-26,3573.92,credit,IMPS/CUSTOMER PAY
E001,CURR001,msme,2022-08-26,2818.34,debit,NEFT/SALARY
E001,CURR001,msme,2022-08-26,8150.93,debit,UPI/VENDOR PAY
E001,CURR001,msme,2022-08-26,2687.46,debit,NEFT/SUPPLIER PAY
E001,CURR001,msme,2022-08-27,19916.23,credit,IMPS/CUSTOMER PAY
E001,CURR001,msme,2022-08-27,17292.38,credit,UPI/CUSTOMER PAY
E001,CURR001,msme,2022-08-27,5837.35,credit,NEFT/SALES BULK ORDER
E001,CURR001,msme,2022-08-27,2913.31,debit,EMI/HDFC LOAN
E001,CURR001,msme,2022-08-27,2627.94,debit,EMI/HDFC LOAN
E001,CURR001,msme,2022-08-28,4688.33,credit,RTGS/INVOICE 1234
E001,CURR001,msme,2022-08-28,5279.09,credit,RTGS/INVOICE 1234
E001,CURR001,msme,2022-08-28,16079.39,credit,NEFT/SALES PAYMENT
E001,CURR001,msme,2022-08-28,3198.2,debit,RENT/OFFICE
E001,CURR001,msme,2022-08-29,9427.92,credit,NEFT/SALES BULK ORDER
E001,CURR001,msme,2022-08-29,20975.93,credit,NEFT/SALES BULK ORDER
E001,CURR001,msme,2022-08-29,8069.22,debit,UPI/VENDOR PAY
E001,CURR001,msme,2022-08-29,4205.8,debit,UPI/VENDOR PAY
E001,CURR001,msme,2022-08-29,2668.41,debit,TDS PAYMENT
E001,CURR001,msme,2022-08-30,2181.54,credit,IMPS/CUSTOMER PAY
E001,CURR001,msme,2022-08-30,2195.04,credit,RTGS/INVOICE 1234
E001,CURR001,msme,2022-08-30,4298.68,credit,NEFT/SALES BULK ORDER
E001,CURR001,msme,2022-08-30,3961.69,debit,RENT/OFFICE
E001,CURR001,msme,2022-08-31,11075.5,credit,NEFT/SALES PAYMENT
E001,CURR001,msme,2022-08-31,15280.71,credit,UPI/CUSTOMER PAY
E001,CURR001,msme,2022-08-31,13730.8,credit,NEFT/SALES BULK ORDER
E001,CURR001,msme,2022-08-31,9473.93,debit,UPI/VENDOR PAY
E001,CURR001,msme,2022-08-31,9768.52,debit,ELECTRICITY BILL
E001,CURR001,msme,2022-09-01,21776.12,credit,RTGS/INVOICE 1234
E001,CURR001,msme,2022-09-01,15734.01,credit,UPI/GPAY CUSTOMER
E001,CURR001,msme,2022-09-01,6939.18,credit,UPI/GPAY CUSTOMER
E001,CURR001,msme,2022-09-01,7667.86,debit,RENT/OFFICE
E001,CURR001,msme,2022-09-01,2064.24,debit,RENT/OFFICE
E001,CURR001,msme,2022-09-01,1545.27,debit,EMI/HDFC LOAN
E001,CURR001,msme,2022-09-02,21215.56,credit,IMPS/CUSTOMER PAY
E001,CURR001,msme,2022-09-02,13074.85,credit,IMPS/CUSTOMER PAY
E001,CURR001,msme,2022-09-02,2711.97,debit,UPI/VENDOR PAY
E001,CURR001,msme,2022-09-02,5729.95,debit,GST PAYMENT
E001,CURR001,msme,2022-09-03,22729.43,credit,IMPS/CUSTOMER PAY
E001,CURR001,msme,2022-09-03,2317.09,credit,UPI/GPAY CUSTOMER
E001,CURR001,msme,2022-09-03,6810.67,credit,IMPS/CUSTOMER PAY
E001,CURR001,msme,2022-09-03,2188.7,debit,ELECTRICITY BILL
E001,CURR001,msme,2022-09-03,5144.52,debit,NEFT/SUPPLIER PAY
E001,CURR001,msme,2022-09-04,3299.58,credit,UPI/CUSTOMER PAY
E001,CURR001,msme,2022-09-04,6251.77,credit,UPI/CUSTOMER PAY
E001,CURR001,msme,2022-09-04,12644.46,credit,NEFT/SALES PAYMENT
E001,CURR001,msme,2022-09-04,8678.19,debit,ELECTRICITY BILL
E001,CURR001,msme,2022-09-05,8104.43,credit,UPI/CUSTOMER PAY
E001,CURR001,msme,2022-09-05,8043.02,credit,UPI/CUSTOMER PAY
E001,CURR001,msme,2022-09-05,3906.8,debit,UPI/VENDOR PAY
E001,CURR001,msme,2022-09-05,5478.76,debit,NEFT/SUPPLIER PAY
E001,CURR001,msme,2022-09-06,11894.48,credit,UPI/GPAY CUSTOMER
E001,CURR001,msme,2022-09-06,7050.76,credit,NEFT/SALES BULK ORDER
E001,CURR001,msme,2022-09-06,4365.05,debit,EMI/HDFC LOAN
E001,CURR001,msme,2022-09-06,5457.35,debit,NEFT/SALARY
E001,CURR001,msme,2022-09-06,5683.68,debit,UPI/VENDOR PAY
E001,CURR001,msme,2022-09-07,18919.58,credit,RTGS/INVOICE 1234
E001,CURR001,msme,2022-09-07,16005.99,credit,NEFT/SALES BULK ORDER
E001,CURR001,msme,2022-09-07,7259.76,credit,RTGS/INVOICE 1234
E001,CURR001,msme,2022-09-07,10019.51,credit,UPI/CUSTOMER PAY
E001,CURR001,msme,2022-09-07,3268.44,debit,EMI/HDFC LOAN
E001,CURR001,msme,2022-09-08,11721.85,credit,UPI/GPAY CUSTOMER
E001,CURR001,msme,2022-09-08,16693.66,credit,UPI/GPAY CUSTOMER
E001,CURR001,msme,2022-09-08,7081.17,credit,NEFT/SALES BULK ORDER
E001,CURR001,msme,2022-09-08,9505.16,credit,RTGS/INVOICE 1234
E001,CURR001,msme,2022-09-08,6492.42,debit,EMI/HDFC LOAN
E001,CURR001,msme,2022-09-09,9193.03,credit,NEFT/SALES BULK ORDER
E001,CURR001,msme,2022-09-09,13261.45,credit,UPI/CUSTOMER PAY
E001,CURR001,msme,2022-09-09,11415.41,debit,RENT/OFFICE
E001,CURR001,msme,2022-09-10,8106.51,credit,NEFT/SALES PAYMENT
E001,CURR001,msme,2022-09-10,13107.83,credit,RTGS/INVOICE 1234
E001,CURR001,msme,2022-09-10,2557.57,credit,IMPS/CUSTOMER PAY
E001,CURR001,msme,2022-09-10,4244.52,debit,GST PAYMENT
E001,CURR001,msme,2022-09-10,5732.7,debit,GST PAYMENT
E001,CURR001,msme,2022-09-10,1942.5,debit,ELECTRICITY BILL
E001,CURR001,msme,2022-09-11,13329.91,credit,RTGS/INVOICE 1234
E001,CURR001,msme,2022-09-11,3258.21,credit,IMPS/CUSTOMER PAY
E001,CURR001,msme,2022-09-11,6513.19,credit,UPI/GPAY CUSTOMER
E001,CURR001,msme,2022-09-11,6346.05,debit,RENT/OFFICE
E001,CURR001,msme,2022-09-11,4587.51,debit,NEFT/SUPPLIER PAY
E001,CURR001,msme,2022-09-11,3627.23,debit,ELECTRICITY BILL
E001,CURR001,msme,2022-09-12,9051.08,credit,IMPS/CUSTOMER PAY
E001,CURR001,msme,2022-09-12,6173.79,credit,IMPS/CUSTOMER PAY
E001,CURR001,msme,2022-09-12,4244.78,credit,RTGS/INVOICE 1234
E001,CURR001,msme,2022-09-12,5475.41,debit,RENT/OFFICE
E001,CURR001,msme,2022-09-12,1449.98,debit,RENT/OFFICE
E001,CURR001,msme,2022-09-12,5341.77,debit,UPI/VENDOR PAY
E001,CURR001,msme,2022-09-13,10233.11,credit,UPI/CUSTOMER PAY
E001,CURR001,msme,2022-09-13,6998.54,credit,IMPS/CUSTOMER PAY
E001,CURR001,msme,2022-09-13,9331.86,credit,RTGS/INVOICE 1234
E001,CURR001,msme,2022-09-13,5206.33,debit,NEFT/SALARY
E001,CURR001,msme,2022-09-14,13728.44,credit,NEFT/SALES BULK ORDER
E001,CURR001,msme,2022-09-14,6500.22,credit,UPI/GPAY CUSTOMER
E001,CURR001,msme,2022-09-14,12462.13,credit,NEFT/SALES BULK ORDER
E001,CURR001,msme,2022-09-14,7837.34,credit,UPI/CUSTOMER PAY
E001,CURR001,msme,2022-09-14,4071.24,debit,NEFT/SUPPLIER PAY
E001,CURR001,msme,2022-09-14,14700.26,debit,ELECTRICITY BILL
E001,CURR001,msme,2022-09-15,11507.8,credit,RTGS/INVOICE 1234
E001,CURR001,msme,2022-09-15,8231.25,credit,IMPS/CUSTOMER PAY
E001,CURR001,msme,2022-09-15,4297.57,debit,EMI/HDFC LOAN
E001,CURR001,msme,2022-09-16,4659.7,credit,UPI/GPAY CUSTOMER
E001,CURR001,msme,2022-09-16,17759.62,credit,UPI/CUSTOMER PAY
E001,CURR001,msme,2022-09-16,4474.8,credit,NEFT/SALES BULK ORDER
E001,CURR001,msme,2022-09-16,9818.94,debit,ELECTRICITY BILL
E001,CURR001,msme,2022-09-17,2748.59,credit,RTGS/INVOICE 1234
E001,CURR001,msme,2022-09-17,13851.88,credit,UPI/GPAY CUSTOMER
E001,CURR001,msme,2022-09-17,13926.84,credit,IMPS/CUSTOMER PAY
E001,CURR001,msme,2022-09-17,10400.98,credit,UPI/CUSTOMER PAY
E001,CURR001,msme,2022-09-17,5458.62,debit,ELECTRICITY BILL
E001,CURR001,msme,2022-09-18,15982.8,credit,NEFT/SALES PAYMENT
E001,CURR001,msme,2022-09-18,33464.25,credit,UPI/GPAY CUSTOMER
E001,CURR001,msme,2022-09-18,44406.83,credit,RTGS/INVOICE 1234
E001,CURR001,msme,2022-09-18,11457.29,credit,NEFT/SALES BULK ORDER
E001,CURR001,msme,2022-09-18,2034.25,debit,GST PAYMENT
E001,CURR001,msme,2022-09-18,3192.46,debit,ELECTRICITY BILL
E001,CURR001,msme,2022-09-19,3262.62,credit,UPI/GPAY CUSTOMER
E001,CURR001,msme,2022-09-19,3821.79,credit,UPI/GPAY CUSTOMER
E001,CURR001,msme,2022-09-19,16693.24,credit,NEFT/SALES BULK ORDER
E001,CURR001,msme,2022-09-19,5127.77,debit,NEFT/SALARY
E001,CURR001,msme,2022-09-19,11733.79,debit,EMI/HDFC LOAN
E001,CURR001,msme,2022-09-19,2619.74,debit,ELECTRICITY BILL
E001,CURR001,msme,2022-09-20,6273.7,credit,NEFT/SALES PAYMENT
E001,CURR001,msme,2022-09-20,9149.06,credit,UPI/CUSTOMER PAY
E001,CURR001,msme,2022-09-20,3390.51,credit,UPI/CUSTOMER PAY
E001,CURR001,msme,2022-09-20,7153.4,credit,IMPS/CUSTOMER PAY
E001,CURR001,msme,2022-09-20,3013.13,debit,UPI/VENDOR PAY
E001,CURR001,msme,2022-09-20,11808.19,debit,RENT/OFFICE
E001,CURR001,msme,2022-09-20,5299.6,debit,TDS PAYMENT
E001,CURR001,msme,2022-09-21,11264.7,credit,IMPS/CUSTOMER PAY
E001,CURR001,msme,2022-09-21,46635.62,credit,UPI/GPAY CUSTOMER
E001,CURR001,msme,2022-09-21,1780.09,credit,IMPS/CUSTOMER PAY
E001,CURR001,msme,2022-09-21,4270.45,debit,GST PAYMENT
E001,CURR001,msme,2022-09-21,2074.55,debit,RENT/OFFICE
E001,CURR001,msme,2022-09-21,3639.24,debit,TDS PAYMENT
E001,CURR001,msme,2022-09-22,12975.82,credit,NEFT/SALES BULK ORDER
E001,CURR001,msme,2022-09-22,2256.34,credit,NEFT/SALES PAYMENT
E001,CURR001,msme,2022-09-22,6792.14,debit,NEFT/SALARY
E001,CURR001,msme,2022-09-22,3449.69,debit,UPI/VENDOR PAY
E001,CURR001,msme,2022-09-23,5125.23,credit,IMPS/CUSTOMER PAY
E001,CURR001,msme,2022-09-23,12568.72,credit,RTGS/INVOICE 1234
E001,CURR001,msme,2022-09-23,5090.25,credit,UPI/GPAY CUSTOMER
E001,CURR001,msme,2022-09-23,2736.3,debit,NEFT/SUPPLIER PAY
E001,CURR001,msme,2022-09-23,14887.21,debit,UPI/VENDOR PAY
E001,CURR001,msme,2022-09-24,4850.37,credit,IMPS/CUSTOMER PAY
E001,CURR001,msme,2022-09-24,11971.66,credit,NEFT/SALES BULK ORDER
E001,CURR001,msme,2022-09-24,14411.85,credit,NEFT/SALES PAYMENT
E001,CURR001,msme,2022-09-24,1987.65,debit,GST PAYMENT
E001,CURR001,msme,2022-09-24,13889.4,debit,TDS PAYMENT
E001,CURR001,msme,2022-09-24,6303.94,debit,GST PAYMENT
E001,CURR001,msme,2022-09-25,11739.97,credit,NEFT/SALES BULK ORDER
E001,CURR001,msme,2022-09-25,12546.76,credit,NEFT/SALES BULK ORDER
E001,CURR001,msme,2022-09-25,3487.83,debit,ELECTRICITY BILL
E001,CURR001,msme,2022-09-25,6822.79,debit,NEFT/SUPPLIER PAY
E001,CURR001,msme,2022-09-26,4122.55,credit,UPI/GPAY CUSTOMER
E001,CURR001,msme,2022-09-26,4211.32,credit,RTGS/INVOICE 1234
E001,CURR001,msme,2022-09-26,132813.64,credit,NEFT/SALES PAYMENT
E001,CURR001,msme,2022-09-26,2513.11,credit,RTGS/INVOICE 1234
E001,CURR001,msme,2022-09-26,1490.27,debit,EMI/HDFC LOAN
E001,CURR001,msme,2022-09-27,5778.89,credit,UPI/GPAY CUSTOMER
E001,CURR001,msme,2022-09-27,11216.96,credit,RTGS/INVOICE 1234
E001,CURR001,msme,2022-09-27,2290.0,credit,UPI/CUSTOMER PAY
E001,CURR001,msme,2022-09-27,2989.74,debit,RENT/OFFICE
E001,CURR001,msme,2022-09-28,5023.25,credit,UPI/CUSTOMER PAY
E001,CURR001,msme,2022-09-28,11964.89,credit,UPI/GPAY CUSTOMER
E001,CURR001,msme,2022-09-28,13711.9,credit,UPI/CUSTOMER PAY
E001,CURR001,msme,2022-09-28,3400.36,credit,NEFT/SALES BULK ORDER
E001,CURR001,msme,2022-09-28,8069.89,debit,NEFT/SUPPLIER PAY
E001,CURR001,msme,2022-09-29,1725.46,credit,NEFT/SALES BULK ORDER
E001,CURR001,msme,2022-09-29,31289.41,credit,UPI/CUSTOMER PAY
E001,CURR001,msme,2022-09-29,7006.4,credit,UPI/CUSTOMER PAY
E001,CURR001,msme,2022-09-29,9308.41,credit,UPI/GPAY CUSTOMER
E001,CURR001,msme,2022-09-29,7811.85,debit,GST PAYMENT
E001,CURR001,msme,2022-09-30,12471.26,credit,UPI/CUSTOMER PAY
E001,CURR001,msme,2022-09-30,11239.87,credit,NEFT/SALES PAYMENT
E001,CURR001,msme,2022-09-30,2806.22,credit,RTGS/INVOICE 1234
E001,CURR001,msme,2022-09-30,5744.05,credit,IMPS/CUSTOMER PAY
E001,CURR001,msme,2022-09-30,5221.02,debit,NEFT/SALARY
E001,CURR001,msme,2022-10-01,10628.32,credit,RTGS/INVOICE 1234
E001,CURR001,msme,2022-10-01,18584.39,credit,RTGS/INVOICE 1234
E001,CURR001,msme,2022-10-01,7183.27,credit,UPI/CUSTOMER PAY
E001,CURR001,msme,2022-10-01,9608.56,debit,NEFT/SUPPLIER PAY
E001,CURR001,msme,2022-10-02,11080.12,credit,NEFT/SALES PAYMENT
E001,CURR001,msme,2022-10-02,30051.63,credit,UPI/GPAY CUSTOMER
E001,CURR001,msme,2022-10-02,6661.28,credit,UPI/GPAY CUSTOMER
E001,CURR001,msme,2022-10-02,1530.54,debit,TDS PAYMENT
E001,CURR001,msme,2022-10-02,15810.98,debit,RENT/OFFICE
E001,CURR001,msme,2022-10-02,27013.34,debit,EMI/HDFC LOAN
E001,CURR001,msme,2022-10-03,31439.91,credit,IMPS/CUSTOMER PAY
E001,CURR001,msme,2022-10-03,5361.19,credit,UPI/GPAY CUSTOMER
E001,CURR001,msme,2022-10-03,4621.23,credit,RTGS/INVOICE 1234
E001,CURR001,msme,2022-10-03,2909.33,debit,ELECTRICITY BILL
E001,CURR001,msme,2022-10-03,3243.29,debit,NEFT/SALARY
E001,CURR001,msme,2022-10-04,4864.69,credit,NEFT/SALES BULK ORDER
E001,CURR001,msme,2022-10-04,17951.24,credit,UPI/CUSTOMER PAY
E001,CURR001,msme,2022-10-04,15251.56,credit,UPI/CUSTOMER PAY
E001,CURR001,msme,2022-10-04,5319.91,credit,NEFT/SALES PAYMENT
E001,CURR001,msme,2022-10-04,2574.81,debit,NEFT/SUPPLIER PAY
E001,CURR001,msme,2022-10-04,13654.33,debit,EMI/HDFC LOAN
E001,CURR001,msme,2022-10-05,2660.53,credit,UPI/CUSTOMER PAY
E001,CURR001,msme,2022-10-05,5420.85,credit,IMPS/CUSTOMER PAY
E001,CURR001,msme,2022-10-05,16000.5,credit,NEFT/SALES PAYMENT
E001,CURR001,msme,2022-10-05,19586.34,credit,IMPS/CUSTOMER PAY
E001,CURR001,msme,2022-10-05,1850.6,debit,EMI/HDFC LOAN
E001,CURR001,msme,2022-10-06,22895.12,credit,IMPS/CUSTOMER PAY
E001,CURR001,msme,2022-10-06,20031.4,credit,NEFT/SALES PAYMENT
E001,CURR001,msme,2022-10-06,51994.76,credit,NEFT/SALES BULK ORDER
E001,CURR001,msme,2022-10-06,126791.48,credit,NEFT/SALES PAYMENT
E001,CURR001,msme,2022-10-06,2113.22,debit,ELECTRICITY BILL
E001,CURR001,msme,2022-10-07,9113.93,credit,RTGS/INVOICE 1234
E001,CURR001,msme,2022-10-07,8457.53,credit,UPI/CUSTOMER PAY
E001,CURR001,msme,2022-10-07,12564.99,credit,UPI/GPAY CUSTOMER
E001,CURR001,msme,2022-10-07,7512.0,credit,RTGS/INVOICE 1234
E001,CURR001,msme,2022-10-07,7892.11,debit,RENT/OFFICE
E001,CURR001,msme,2022-10-08,3725.93,credit,NEFT/SALES BULK ORDER
E001,CURR001,msme,2022-10-08,3962.36,credit,UPI/GPAY CUSTOMER
E001,CURR001,msme,2022-10-08,6113.11,debit,NEFT/SUPPLIER PAY
E001,CURR001,msme,2022-10-08,3589.84,debit,ELECTRICITY BILL
E001,CURR001,msme,2022-10-08,15427.31,debit,EMI/HDFC LOAN
E001,CURR001,msme,2022-10-09,1896.32,credit,UPI/CUSTOMER PAY
E001,CURR001,msme,2022-10-09,15149.32,credit,NEFT/SALES BULK ORDER
E001,CURR001,msme,2022-10-09,6867.65,credit,UPI/CUSTOMER PAY
E001,CURR001,msme,2022-10-09,12928.74,credit,NEFT/SALES PAYMENT
E001,CURR001,msme,2022-10-09,3919.56,debit,UPI/VENDOR PAY
E001,CURR001,msme,2022-10-09,1698.48,debit,NEFT/SALARY
E001,CURR001,msme,2022-10-10,7916.79,credit,RTGS/INVOICE 1234
E001,CURR001,msme,2022-10-10,13460.2,credit,RTGS/INVOICE 1234
E001,CURR001,msme,2022-10-10,17849.58,debit,EMI/HDFC LOAN
E001,CURR001,msme,2022-10-11,18424.32,credit,UPI/GPAY CUSTOMER
E001,CURR001,msme,2022-10-11,14752.13,credit,IMPS/CUSTOMER PAY
E001,CURR001,msme,2022-10-11,5602.76,debit,ELECTRICITY BILL
E001,CURR001,msme,2022-10-11,5773.01,debit,GST PAYMENT
E001,CURR001,msme,2022-10-11,1732.98,debit,TDS PAYMENT
E001,CURR001,msme,2022-10-12,23725.35,credit,NEFT/SALES PAYMENT
E001,CURR001,msme,2022-10-12,6265.73,credit,RTGS/INVOICE 1234
E001,CURR001,msme,2022-10-12,19536.51,credit,UPI/CUSTOMER PAY
E001,CURR001,msme,2022-10-12,11138.49,credit,IMPS/CUSTOMER PAY
E001,CURR001,msme,2022-10-12,3140.59,debit,NEFT/SALARY
E001,CURR001,msme,2022-10-13,28629.38,credit,NEFT/SALES PAYMENT
E001,CURR001,msme,2022-10-13,3134.7,credit,UPI/GPAY CUSTOMER
E001,CURR001,msme,2022-10-13,5915.02,debit,NEFT/SUPPLIER PAY
E001,CURR001,msme,2022-10-14,22490.8,credit,NEFT/SALES PAYMENT
E001,CURR001,msme,2022-10-14,6861.79,credit,RTGS/INVOICE 1234
E001,CURR001,msme,2022-10-14,2687.8,credit,IMPS/CUSTOMER PAY
E001,CURR001,msme,2022-10-14,7454.51,credit,NEFT/SALES BULK ORDER
E001,CURR001,msme,2022-10-14,4383.82,debit,RENT/OFFICE
E001,CURR001,msme,2022-10-15,6735.64,credit,RTGS/INVOICE 1234
E001,CURR001,msme,2022-10-15,13827.46,credit,IMPS/CUSTOMER PAY
E001,CURR001,msme,2022-10-15,14793.49,credit,NEFT/SALES PAYMENT
E001,CURR001,msme,2022-10-15,4369.2,debit,NEFT/SUPPLIER PAY
E001,CURR001,msme,2022-10-16,14563.82,credit,UPI/CUSTOMER PAY
E001,CURR001,msme,2022-10-16,10183.21,credit,IMPS/CUSTOMER PAY
E001,CURR001,msme,2022-10-16,14370.04,credit,NEFT/SALES PAYMENT
E001,CURR001,msme,2022-10-16,5049.83,debit,UPI/VENDOR PAY
E001,CURR001,msme,2022-10-17,3586.58,credit,NEFT/SALES PAYMENT
E001,CURR001,msme,2022-10-17,14213.52,credit,NEFT/SALES BULK ORDER
E001,CURR001,msme,2022-10-17,12104.17,credit,UPI/CUSTOMER PAY
E001,CURR001,msme,2022-10-17,3008.1,debit,NEFT/SALARY
E001,CURR001,msme,2022-10-18,22496.64,credit,IMPS/CUSTOMER PAY
E001,CURR001,msme,2022-10-18,3765.37,credit,UPI/CUSTOMER PAY
E001,CURR001,msme,2022-10-18,5913.39,credit,UPI/GPAY CUSTOMER
E001,CURR001,msme,2022-10-18,5562.34,debit,TDS PAYMENT
E001,CURR001,msme,2022-10-18,4529.46,debit,GST PAYMENT
E001,CURR001,msme,2022-10-18,2962.65,debit,GST PAYMENT
E001,CURR001,msme,2022-10-19,34934.51,credit,IMPS/CUSTOMER PAY
E001,CURR001,msme,2022-10-19,28583.07,credit,UPI/GPAY CUSTOMER
E001,CURR001,msme,2022-10-19,20160.52,credit,NEFT/SALES PAYMENT
E001,CURR001,msme,2022-10-19,4203.84,credit,IMPS/CUSTOMER PAY
E001,CURR001,msme,2022-10-19,1550.82,debit,UPI/VENDOR PAY
E001,CURR001,msme,2022-10-20,12063.24,credit,NEFT/SALES BULK ORDER
E001,CURR001,msme,2022-10-20,16375.56,credit,RTGS/INVOICE 1234
E001,CURR001,msme,2022-10-20,6237.98,debit,GST PAYMENT
E001,CURR001,msme,2022-10-20,10230.44,debit,GST PAYMENT
E001,CURR001,msme,2022-10-21,26850.41,credit,NEFT/SALES PAYMENT
E001,CURR001,msme,2022-10-21,17315.18,credit,NEFT/SALES PAYMENT
E001,CURR001,msme,2022-10-21,4385.17,debit,EMI/HDFC LOAN
E001,CURR001,msme,2022-10-21,8149.17,debit,TDS PAYMENT
E001,CURR001,msme,2022-10-21,2627.6,debit,UPI/VENDOR PAY
E001,CURR001,msme,2022-10-22,10337.39,credit,RTGS/INVOICE 1234
E001,CURR001,msme,2022-10-22,9162.56,credit,NEFT/SALES BULK ORDER
E001,CURR001,msme,2022-10-22,13569.73,credit,NEFT/SALES BULK ORDER
E001,CURR001,msme,2022-10-22,5612.56,debit,ELECTRICITY BILL
E001,CURR001,msme,2022-10-22,5104.18,debit,NEFT/SALARY
E001,CURR001,msme,2022-10-22,12615.31,debit,UPI/VENDOR PAY
E001,CURR001,msme,2022-10-23,42703.3,credit,NEFT/SALES PAYMENT
E001,CURR001,msme,2022-10-23,31809.73,credit,NEFT/SALES PAYMENT
E001,CURR001,msme,2022-10-23,20098.27,credit,NEFT/SALES PAYMENT
E001,CURR001,msme,2022-10-23,4835.65,credit,UPI/GPAY CUSTOMER
E001,CURR001,msme,2022-10-23,4666.25,debit,TDS PAYMENT
E001,CURR001,msme,2022-10-23,4148.47,debit,RENT/OFFICE
E001,CURR001,msme,2022-10-23,2486.97,debit,TDS PAYMENT
E001,CURR001,msme,2022-10-24,2345.87,credit,NEFT/SALES PAYMENT
E001,CURR001,msme,2022-10-24,6623.12,credit,UPI/CUSTOMER PAY
E001,CURR001,msme,2022-10-24,12757.67,credit,UPI/CUSTOMER PAY
E001,CURR001,msme,2022-10-24,4474.58,debit,ELECTRICITY BILL
E001,CURR001,msme,2022-10-24,911.29,debit,RENT/OFFICE
E001,CURR001,msme,2022-10-25,13719.82,credit,RTGS/INVOICE 1234
E001,CURR001,msme,2022-10-25,1438.73,credit,IMPS/CUSTOMER PAY
E001,CURR001,msme,2022-10-25,23026.91,credit,NEFT/SALES PAYMENT
E001,CURR001,msme,2022-10-25,2901.57,debit,RENT/OFFICE
E001,CURR001,msme,2022-10-26,6537.09,credit,NEFT/SALES BULK ORDER
E001,CURR001,msme,2022-10-26,24878.98,credit,NEFT/SALES BULK ORDER
E001,CURR001,msme,2022-10-26,23431.3,credit,RTGS/INVOICE 1234
E001,CURR001,msme,2022-10-26,4163.23,debit,UPI/VENDOR PAY
E001,CURR001,msme,2022-10-26,48162.87,debit,NEFT/SALARY
E001,CURR001,msme,2022-10-27,10097.54,credit,NEFT/SALES BULK ORDER
E001,CURR001,msme,2022-10-27,10556.66,credit,RTGS/INVOICE 1234
E001,CURR001,msme,2022-10-27,741.53,debit,EMI/HDFC LOAN
E001,CURR001,msme,2022-10-27,6487.55,debit,ELECTRICITY BILL
E001,CURR001,msme,2022-10-28,3682.23,credit,RTGS/INVOICE 1234
E001,CURR001,msme,2022-10-28,19868.68,credit,NEFT/SALES PAYMENT
E001,CURR001,msme,2022-10-28,4858.21,debit,NEFT/SALARY
E001,CURR001,msme,2022-10-28,16721.61,debit,EMI/HDFC LOAN
E001,CURR001,msme,2022-10-28,2409.62,debit,TDS PAYMENT
E001,CURR001,msme,2022-10-29,10898.17,credit,NEFT/SALES PAYMENT
E001,CURR001,msme,2022-10-29,4718.52,credit,UPI/CUSTOMER PAY
E001,CURR001,msme,2022-10-29,20120.18,credit,RTGS/INVOICE 1234
E001,CURR001,msme,2022-10-29,7204.96,debit,GST PAYMENT
E001,CURR001,msme,2022-10-29,2427.29,debit,GST PAYMENT
E001,CURR001,msme,2022-10-29,2248.57,debit,NEFT/SALARY
E001,CURR001,msme,2022-10-30,1894.14,credit,UPI/CUSTOMER PAY
E001,CURR001,msme,2022-10-30,16133.14,credit,NEFT/SALES BULK ORDER
E001,CURR001,msme,2022-10-30,11509.29,credit,IMPS/CUSTOMER PAY
E001,CURR001,msme,2022-10-30,5366.81,debit,NEFT/SUPPLIER PAY
E001,CURR001,msme,2022-10-30,7319.93,debit,EMI/HDFC LOAN
E001,CURR001,msme,2022-10-30,11646.57,debit,UPI/VENDOR PAY
E001,CURR001,msme,2022-10-31,8765.02,credit,RTGS/INVOICE 1234
E001,CURR001,msme,2022-10-31,5330.71,credit,UPI/GPAY CUSTOMER
E001,CURR001,msme,2022-10-31,3435.18,credit,IMPS/CUSTOMER PAY
E001,CURR001,msme,2022-10-31,4964.32,debit,UPI/VENDOR PAY
E001,CURR001,msme,2022-11-01,12115.23,credit,RTGS/INVOICE 1234
E001,CURR001,msme,2022-11-01,12017.13,credit,IMPS/CUSTOMER PAY
E001,CURR001,msme,2022-11-01,54589.62,credit,UPI/GPAY CUSTOMER
E001,CURR001,msme,2022-11-01,4262.68,credit,UPI/GPAY CUSTOMER
E001,CURR001,msme,2022-11-01,7250.74,debit,ELECTRICITY BILL
E001,CURR001,msme,2022-11-01,2583.55,debit,NEFT/SUPPLIER PAY
E001,CURR001,msme,2022-11-01,5315.98,debit,TDS PAYMENT
E001,CURR001,msme,2022-11-02,42534.7,credit,NEFT/SALES PAYMENT
E001,CURR001,msme,2022-11-02,4777.87,credit,UPI/CUSTOMER PAY
E001,CURR001,msme,2022-11-02,2530.57,credit,RTGS/INVOICE 1234
E001,CURR001,msme,2022-11-02,6120.97,debit,NEFT/SALARY
E001,CURR001,msme,2022-11-02,2651.81,debit,GST PAYMENT
E001,CURR001,msme,2022-11-03,73404.27,credit,IMPS/CUSTOMER PAY
E001,CURR001,msme,2022-11-03,14894.27,credit,IMPS/CUSTOMER PAY
E001,CURR001,msme,2022-11-03,5265.79,credit,IMPS/CUSTOMER PAY
E001,CURR001,msme,2022-11-03,2083.83,debit,RENT/OFFICE
E001,CURR001,msme,2022-11-03,14025.97,debit,EMI/HDFC LOAN
E001,CURR001,msme,2022-11-03,3455.74,debit,NEFT/SALARY
E001,CURR001,msme,2022-11-04,25112.11,credit,NEFT/SALES PAYMENT
E001,CURR001,msme,2022-11-04,24502.72,credit,UPI/GPAY CUSTOMER
E001,CURR001,msme,2022-11-04,1278.91,credit,IMPS/CUSTOMER PAY
E001,CURR001,msme,2022-11-04,10562.49,credit,NEFT/SALES PAYMENT
E001,CURR001,msme,2022-11-04,4771.71,debit,RENT/OFFICE
E001,CURR001,msme,2022-11-04,18996.45,debit,RENT/OFFICE
E001,CURR001,msme,2022-11-05,14900.59,credit,UPI/GPAY CUSTOMER
E001,CURR001,msme,2022-11-05,5527.61,credit,UPI/GPAY CUSTOMER
E001,CURR001,msme,2022-11-05,19180.25,credit,UPI/CUSTOMER PAY
E001,CURR001,msme,2022-11-05,25575.62,credit,NEFT/SALES PAYMENT
E001,CURR001,msme,2022-11-05,3984.74,debit,EMI/HDFC LOAN
E001,CURR001,msme,2022-11-05,4745.05,debit,NEFT/SALARY
E001,CURR001,msme,2022-11-05,4760.03,debit,ELECTRICITY BILL
E001,CURR001,msme,2022-11-06,5712.26,credit,UPI/GPAY CUSTOMER
E001,CURR001,msme,2022-11-06,18829.25,credit,NEFT/SALES PAYMENT
E001,CURR001,msme,2022-11-06,2544.14,debit,GST PAYMENT
E001,CURR001,msme,2022-11-06,10257.52,debit,RENT/OFFICE
E001,CURR001,msme,2022-11-07,20312.09,credit,IMPS/CUSTOMER PAY
E001,CURR001,msme,2022-11-07,10095.73,credit,RTGS/INVOICE 1234
E001,CURR001,msme,2022-11-07,11573.79,debit,EMI/HDFC LOAN
E001,CURR001,msme,2022-11-07,10208.07,debit,NEFT/SALARY
E001,CURR001,msme,2022-11-08,128012.32,credit,NEFT/SALES PAYMENT
E001,CURR001,msme,2022-11-08,9801.24,credit,UPI/GPAY CUSTOMER
E001,CURR001,msme,2022-11-08,23886.6,credit,IMPS/CUSTOMER PAY
E001,CURR001,msme,2022-11-08,2622.98,debit,NEFT/SUPPLIER PAY
E001,CURR001,msme,2022-11-08,3068.26,debit,TDS PAYMENT
E001,CURR001,msme,2022-11-09,20766.76,credit,NEFT/SALES BULK ORDER
E001,CURR001,msme,2022-11-09,1745.6,credit,NEFT/SALES BULK ORDER
E001,CURR001,msme,2022-11-09,14057.45,credit,UPI/CUSTOMER PAY
E001,CURR001,msme,2022-11-09,5033.61,debit,RENT/OFFICE
E001,CURR001,msme,2022-11-09,3998.42,debit,NEFT/SUPPLIER PAY
E001,CURR001,msme,2022-11-10,30924.59,credit,RTGS/INVOICE 1234
E001,CURR001,msme,2022-11-10,9984.19,credit,RTGS/INVOICE 1234
E001,CURR001,msme,2022-11-10,3294.59,debit,TDS PAYMENT
E001,CURR001,msme,2022-11-10,3174.67,debit,TDS PAYMENT
E001,CURR001,msme,2022-11-11,9088.31,credit,NEFT/SALES BULK ORDER
E001,CURR001,msme,2022-11-11,21590.68,credit,RTGS/INVOICE 1234
E001,CURR001,msme,2022-11-11,29209.94,credit,RTGS/INVOICE 1234
E001,CURR001,msme,2022-11-11,25602.83,credit,NEFT/SALES PAYMENT
E001,CURR001,msme,2022-11-11,3702.55,debit,GST PAYMENT
E001,CURR001,msme,2022-11-12,17007.33,credit,NEFT/SALES PAYMENT
E001,CURR001,msme,2022-11-12,17980.38,credit,NEFT/SALES BULK ORDER
E001,CURR001,msme,2022-11-12,15186.9,credit,UPI/GPAY CUSTOMER
E001,CURR001,msme,2022-11-12,33759.67,credit,UPI/GPAY CUSTOMER
E001,CURR001,msme,2022-11-12,5211.79,debit,EMI/HDFC LOAN
E001,CURR001,msme,2022-11-12,13191.41,debit,NEFT/SALARY
E001,CURR001,msme,2022-11-13,17984.83,credit,RTGS/INVOICE 1234
E001,CURR001,msme,2022-11-13,5054.11,credit,NEFT/SALES BULK ORDER
E001,CURR001,msme,2022-11-13,2198.63,debit,UPI/VENDOR PAY
E001,CURR001,msme,2022-11-14,2905.95,credit,RTGS/INVOICE 1234
E001,CURR001,msme,2022-11-14,34118.09,credit,UPI/CUSTOMER PAY
E001,CURR001,msme,2022-11-14,3825.48,debit,RENT/OFFICE
E001,CURR001,msme,2022-11-15,5585.14,credit,UPI/GPAY CUSTOMER
E001,CURR001,msme,2022-11-15,24612.64,credit,UPI/GPAY CUSTOMER
E001,CURR001,msme,2022-11-15,5532.08,credit,RTGS/INVOICE 1234
E001,CURR001,msme,2022-11-15,14098.04,debit,NEFT/SUPPLIER PAY
E001,CURR001,msme,2022-11-16,7831.88,credit,NEFT/SALES BULK ORDER
E001,CURR001,msme,2022-11-16,3421.76,credit,UPI/CUSTOMER PAY
E001,CURR001,msme,2022-11-16,2603.39,debit,UPI/VENDOR PAY
E001,CURR001,msme,2022-11-16,14235.57,debit,ELECTRICITY BILL
E001,CURR001,msme,2022-11-16,10676.88,debit,NEFT/SUPPLIER PAY
E001,CURR001,msme,2022-11-17,16979.98,credit,IMPS/CUSTOMER PAY
E001,CURR001,msme,2022-11-17,60646.04,credit,RTGS/INVOICE 1234
E001,CURR001,msme,2022-11-17,16122.27,credit,IMPS/CUSTOMER PAY
E001,CURR001,msme,2022-11-17,2158.32,debit,GST PAYMENT
E001,CURR001,msme,2022-11-18,5147.72,credit,UPI/CUSTOMER PAY
E001,CURR001,msme,2022-11-18,21611.69,credit,IMPS/CUSTOMER PAY
E001,CURR001,msme,2022-11-18,1997.33,debit,ELECTRICITY BILL
E001,CURR001,msme,2022-11-18,7553.89,debit,NEFT/SUPPLIER PAY
E001,CURR001,msme,2022-11-19,16075.93,credit,IMPS/CUSTOMER PAY
E001,CURR001,msme,2022-11-19,17940.78,credit,NEFT/SALES BULK ORDER
E001,CURR001,msme,2022-11-19,18402.0,credit,NEFT/SALES BULK ORDER
E001,CURR001,msme,2022-11-19,7584.46,credit,UPI/GPAY CUSTOMER
E001,CURR001,msme,2022-11-19,3445.52,debit,TDS PAYMENT
E001,CURR001,msme,2022-11-19,6277.68,debit,NEFT/SUPPLIER PAY
E001,CURR001,msme,2022-11-19,1643.59,debit,TDS PAYMENT
E001,CURR001,msme,2022-11-20,7926.54,credit,IMPS/CUSTOMER PAY
E001,CURR001,msme,2022-11-20,32819.61,credit,RTGS/INVOICE 1234
E001,CURR001,msme,2022-11-20,41926.17,credit,UPI/GPAY CUSTOMER
E001,CURR001,msme,2022-11-20,5285.16,debit,UPI/VENDOR PAY
E001,CURR001,msme,2022-11-20,3538.99,debit,TDS PAYMENT
E001,CURR001,msme,2022-11-21,17642.51,credit,IMPS/CUSTOMER PAY
E001,CURR001,msme,2022-11-21,26675.03,credit,UPI/GPAY CUSTOMER
E001,CURR001,msme,2022-11-21,2785.33,debit,NEFT/SALARY
E001,CURR001,msme,2022-11-21,4591.05,debit,EMI/HDFC LOAN
E001,CURR001,msme,2022-11-22,7039.78,credit,NEFT/SALES BULK ORDER
E001,CURR001,msme,2022-11-22,9042.68,credit,NEFT/SALES BULK ORDER
E001,CURR001,msme,2022-11-22,10227.76,credit,UPI/GPAY CUSTOMER
E001,CURR001,msme,2022-11-22,17326.98,credit,NEFT/SALES BULK ORDER
E001,CURR001,msme,2022-11-22,12459.68,debit,ELECTRICITY BILL
E001,CURR001,msme,2022-11-22,4258.89,debit,NEFT/SALARY
E001,CURR001,msme,2022-11-22,4931.36,debit,NEFT/SUPPLIER PAY
E001,CURR001,msme,2022-11-23,12859.15,credit,NEFT/SALES PAYMENT
E001,CURR001,msme,2022-11-23,24304.94,credit,NEFT/SALES BULK ORDER
E001,CURR001,msme,2022-11-23,12609.98,debit,UPI/VENDOR PAY
E001,CURR001,msme,2022-11-24,19962.98,credit,UPI/GPAY CUSTOMER
E001,CURR001,msme,2022-11-24,3565.82,credit,RTGS/INVOICE 1234
E001,CURR001,msme,2022-11-24,6766.98,credit,RTGS/INVOICE 1234
E001,CURR001,msme,2022-11-24,13003.43,debit,ELECTRICITY BILL
E001,CURR001,msme,2022-11-24,1711.37,debit,NEFT/SALARY
E001,CURR001,msme,2022-11-25,25774.23,credit,NEFT/SALES BULK ORDER
E001,CURR001,msme,2022-11-25,16347.28,credit,IMPS/CUSTOMER PAY
E001,CURR001,msme,2022-11-25,7770.93,debit,RENT/OFFICE
E001,CURR001,msme,2022-11-26,10583.28,credit,RTGS/INVOICE 1234
E001,CURR001,msme,2022-11-26,4515.35,credit,RTGS/INVOICE 1234
E001,CURR001,msme,2022-11-26,34464.84,credit,UPI/GPAY CUSTOMER
E001,CURR001,msme,2022-11-26,5487.42,debit,EMI/HDFC LOAN
E001,CURR001,msme,2022-11-27,7138.65,credit,IMPS/CUSTOMER PAY
E001,CURR001,msme,2022-11-27,5816.05,credit,NEFT/SALES BULK ORDER
E001,CURR001,msme,2022-11-27,3499.19,debit,ELECTRICITY BILL
E001,CURR001,msme,2022-11-28,51638.0,credit,UPI/GPAY CUSTOMER
E001,CURR001,msme,2022-11-28,6888.35,credit,IMPS/CUSTOMER PAY
E001,CURR001,msme,2022-11-28,16007.74,credit,RTGS/INVOICE 1234
E001,CURR001,msme,2022-11-28,12476.56,debit,GST PAYMENT
E001,CURR001,msme,2022-11-28,18660.4,debit,TDS PAYMENT
E001,CURR001,msme,2022-11-28,3553.84,debit,NEFT/SALARY
E001,CURR001,msme,2022-11-29,4358.22,credit,UPI/GPAY CUSTOMER
E001,CURR001,msme,2022-11-29,8203.61,credit,NEFT/SALES PAYMENT
E001,CURR001,msme,2022-11-29,14348.82,credit,UPI/CUSTOMER PAY
E001,CURR001,msme,2022-11-29,4259.34,debit,NEFT/SUPPLIER PAY
E001,CURR001,msme,2022-11-29,5630.44,debit,GST PAYMENT
E001,CURR001,msme,2022-11-29,2737.16,debit,NEFT/SUPPLIER PAY
E001,CURR001,msme,2022-11-30,5521.56,credit,NEFT/SALES BULK ORDER
E001,CURR001,msme,2022-11-30,9350.27,credit,NEFT/SALES BULK ORDER
E001,CURR001,msme,2022-11-30,6200.34,debit,ELECTRICITY BILL
E001,CURR001,msme,2022-11-30,8599.21,debit,NEFT/SUPPLIER PAY
E001,CURR001,msme,2022-11-30,7636.32,debit,NEFT/SUPPLIER PAY
E001,CURR001,msme,2022-12-01,5535.36,credit,NEFT/SALES PAYMENT
E001,CURR001,msme,2022-12-01,12898.89,credit,NEFT/SALES PAYMENT
E001,CURR001,msme,2022-12-01,20305.35,credit,UPI/GPAY CUSTOMER
E001,CURR001,msme,2022-12-01,9103.62,credit,UPI/GPAY CUSTOMER
E001,CURR001,msme,2022-12-01,3500.85,debit,GST PAYMENT
E001,CURR001,msme,2022-12-01,6248.81,debit,TDS PAYMENT
E001,CURR001,msme,2022-12-01,6099.21,debit,RENT/OFFICE
E001,CURR001,msme,2022-12-02,33187.8,credit,NEFT/SALES BULK ORDER
E001,CURR001,msme,2022-12-02,12939.87,credit,UPI/CUSTOMER PAY
E001,CURR001,msme,2022-12-02,9144.84,credit,IMPS/CUSTOMER PAY
E001,CURR001,msme,2022-12-02,3051.75,credit,UPI/CUSTOMER PAY
E001,CURR001,msme,2022-12-02,1492.86,debit,NEFT/SUPPLIER PAY
E001,CURR001,msme,2022-12-02,3554.71,debit,NEFT/SALARY
E001,CURR001,msme,2022-12-02,2117.01,debit,TDS PAYMENT
E001,CURR001,msme,2022-12-03,4576.68,credit,NEFT/SALES BULK ORDER
E001,CURR001,msme,2022-12-03,31500.8,credit,NEFT/SALES BULK ORDER
E001,CURR001,msme,2022-12-03,4236.57,credit,UPI/GPAY CUSTOMER
E001,CURR001,msme,2022-12-03,3768.44,debit,NEFT/SUPPLIER PAY
E001,CURR001,msme,2022-12-03,6200.87,debit,TDS PAYMENT
E001,CURR001,msme,2022-12-04,20810.64,credit,IMPS/CUSTOMER PAY
E001,CURR001,msme,2022-12-04,34990.13,credit,UPI/GPAY CUSTOMER
E001,CURR001,msme,2022-12-04,35311.96,credit,IMPS/CUSTOMER PAY
E001,CURR001,msme,2022-12-04,9601.27,credit,RTGS/INVOICE 1234
E001,CURR001,msme,2022-12-04,4391.75,debit,ELECTRICITY BILL
E001,CURR001,msme,2022-12-04,10148.62,debit,ELECTRICITY BILL
E001,CURR001,msme,2022-12-05,4079.28,credit,UPI/GPAY CUSTOMER
E001,CURR001,msme,2022-12-05,1643.85,credit,NEFT/SALES PAYMENT
E001,CURR001,msme,2022-12-05,45634.07,credit,NEFT/SALES PAYMENT
E001,CURR001,msme,2022-12-05,8689.81,debit,UPI/VENDOR PAY
E001,CURR001,msme,2022-12-05,6474.7,debit,ELECTRICITY BILL
E001,CURR001,msme,2022-12-05,1274.91,debit,RENT/OFFICE
E001,CURR001,msme,2022-12-06,10674.4,credit,UPI/GPAY CUSTOMER
E001,CURR001,msme,2022-12-06,7948.35,credit,NEFT/SALES PAYMENT
E001,CURR001,msme,2022-12-06,17851.73,debit,GST PAYMENT
E001,CURR001,msme,2022-12-06,7412.08,debit,ELECTRICITY BILL
E001,CURR001,msme,2022-12-06,5674.21,debit,NEFT/SUPPLIER PAY
E001,CURR001,msme,2022-12-07,8540.1,credit,NEFT/SALES BULK ORDER
E001,CURR001,msme,2022-12-07,14905.25,credit,UPI/GPAY CUSTOMER
E001,CURR001,msme,2022-12-07,1288.12,credit,UPI/GPAY CUSTOMER
E001,CURR001,msme,2022-12-07,48323.51,credit,UPI/CUSTOMER PAY
E001,CURR001,msme,2022-12-07,15339.27,debit,ELECTRICITY BILL
E001,CURR001,msme,2022-12-07,6475.11,debit,NEFT/SUPPLIER PAY
E001,CURR001,msme,2022-12-08,9869.59,credit,UPI/GPAY CUSTOMER
E001,CURR001,msme,2022-12-08,5159.03,credit,IMPS/CUSTOMER PAY
E001,CURR001,msme,2022-12-08,6512.39,debit,TDS PAYMENT
E001,CURR001,msme,2022-12-09,6477.33,credit,UPI/CUSTOMER PAY
E001,CURR001,msme,2022-12-09,6843.58,credit,IMPS/CUSTOMER PAY
E001,CURR001,msme,2022-12-09,31818.13,credit,IMPS/CUSTOMER PAY
E001,CURR001,msme,2022-12-09,47135.46,credit,NEFT/SALES PAYMENT
E001,CURR001,msme,2022-12-09,11528.43,debit,NEFT/SALARY
E001,CURR001,msme,2022-12-09,3431.53,debit,NEFT/SUPPLIER PAY
E001,CURR001,msme,2022-12-10,28366.23,credit,UPI/GPAY CUSTOMER
E001,CURR001,msme,2022-12-10,5222.7,credit,UPI/GPAY CUSTOMER
E001,CURR001,msme,2022-12-10,15968.34,credit,NEFT/SALES PAYMENT
E001,CURR001,msme,2022-12-10,4817.91,credit,IMPS/CUSTOMER PAY
E001,CURR001,msme,2022-12-10,3818.25,debit,TDS PAYMENT
E001,CURR001,msme,2022-12-11,16211.88,credit,UPI/GPAY CUSTOMER
E001,CURR001,msme,2022-12-11,13350.54,credit,NEFT/SALES BULK ORDER
E001,CURR001,msme,2022-12-11,6391.04,debit,EMI/HDFC LOAN
E001,CURR001,msme,2022-12-12,14341.21,credit,UPI/GPAY CUSTOMER
E001,CURR001,msme,2022-12-12,2779.81,credit,NEFT/SALES PAYMENT
E001,CURR001,msme,2022-12-12,4734.17,credit,RTGS/INVOICE 1234
E001,CURR001,msme,2022-12-12,2839.93,debit,ELECTRICITY BILL
E001,CURR001,msme,2022-12-13,18460.13,credit,RTGS/INVOICE 1234
E001,CURR001,msme,2022-12-13,12181.23,credit,UPI/GPAY CUSTOMER
E001,CURR001,msme,2022-12-13,1757.73,credit,NEFT/SALES PAYMENT
E001,CURR001,msme,2022-12-13,1113.77,debit,NEFT/SUPPLIER PAY
E001,CURR001,msme,2022-12-14,1169.53,credit,NEFT/SALES PAYMENT
E001,CURR001,msme,2022-12-14,7062.68,credit,IMPS/CUSTOMER PAY
E001,CURR001,msme,2022-12-14,26894.96,credit,UPI/GPAY CUSTOMER
E001,CURR001,msme,2022-12-14,7864.35,credit,RTGS/INVOICE 1234
E001,CURR001,msme,2022-12-14,2095.03,debit,ELECTRICITY BILL
E001,CURR001,msme,2022-12-15,17768.2,credit,NEFT/SALES BULK ORDER
E001,CURR001,msme,2022-12-15,15819.19,credit,NEFT/SALES BULK ORDER
E001,CURR001,msme,2022-12-15,76754.43,debit,EMI/HDFC LOAN
E001,CURR001,msme,2022-12-15,2852.15,debit,NEFT/SUPPLIER PAY
E001,CURR001,msme,2022-12-16,18343.38,credit,NEFT/SALES BULK ORDER
E001,CURR001,msme,2022-12-16,6677.49,credit,NEFT/SALES PAYMENT
E001,CURR001,msme,2022-12-16,13711.24,credit,RTGS/INVOICE 1234
E001,CURR001,msme,2022-12-16,7550.8,credit,UPI/CUSTOMER PAY
E001,CURR001,msme,2022-12-16,2228.2,debit,NEFT/SALARY
E001,CURR001,msme,2022-12-16,3378.76,debit,EMI/HDFC LOAN
E001,CURR001,msme,2022-12-17,14032.44,credit,UPI/CUSTOMER PAY
E001,CURR001,msme,2022-12-17,18229.03,credit,IMPS/CUSTOMER PAY
E001,CURR001,msme,2022-12-17,17926.34,debit,UPI/VENDOR PAY
E001,CURR001,msme,2022-12-17,10778.77,debit,NEFT/SALARY
E001,CURR001,msme,2022-12-18,5473.32,credit,NEFT/SALES PAYMENT
E001,CURR001,msme,2022-12-18,6439.34,credit,NEFT/SALES PAYMENT
E001,CURR001,msme,2022-12-18,2833.77,credit,UPI/GPAY CUSTOMER
E001,CURR001,msme,2022-12-18,11451.95,debit,TDS PAYMENT
E001,CURR001,msme,2022-12-18,16187.25,debit,NEFT/SALARY
E001,CURR001,msme,2022-12-18,3209.21,debit,TDS PAYMENT
E001,CURR001,msme,2022-12-19,5058.93,credit,UPI/GPAY CUSTOMER
E001,CURR001,msme,2022-12-19,13731.36,credit,UPI/CUSTOMER PAY
E001,CURR001,msme,2022-12-19,16140.47,credit,NEFT/SALES PAYMENT
E001,CURR001,msme,2022-12-19,21230.66,credit,IMPS/CUSTOMER PAY
E001,CURR001,msme,2022-12-19,13778.57,debit,UPI/VENDOR PAY
E001,CURR001,msme,2022-12-19,3000.32,debit,NEFT/SUPPLIER PAY
E001,CURR001,msme,2022-12-19,3618.87,debit,NEFT/SALARY
E001,CURR001,msme,2022-12-20,13703.03,credit,UPI/CUSTOMER PAY
E001,CURR001,msme,2022-12-20,10770.94,credit,NEFT/SALES BULK ORDER
E001,CURR001,msme,2022-12-20,6166.21,debit,NEFT/SUPPLIER PAY
E001,CURR001,msme,2022-12-20,2200.89,debit,ELECTRICITY BILL
E001,CURR001,msme,2022-12-21,20776.4,credit,RTGS/INVOICE 1234
E001,CURR001,msme,2022-12-21,9683.46,credit,UPI/CUSTOMER PAY
E001,CURR001,msme,2022-12-21,13014.28,credit,UPI/CUSTOMER PAY
E001,CURR001,msme,2022-12-21,8165.23,debit,NEFT/SALARY
E001,CURR001,msme,2022-12-21,3120.23,debit,NEFT/SALARY
E001,CURR001,msme,2022-12-21,3855.83,debit,NEFT/SUPPLIER PAY
E001,CURR001,msme,2022-12-22,4930.67,credit,UPI/CUSTOMER PAY
E001,CURR001,msme,2022-12-22,42627.5,credit,UPI/CUSTOMER PAY
E001,CURR001,msme,2022-12-22,2367.68,debit,NEFT/SUPPLIER PAY
E001,CURR001,msme,2022-12-22,2335.36,debit,EMI/HDFC LOAN
E001,CURR001,msme,2022-12-22,15821.32,debit,NEFT/SALARY
E001,CURR001,msme,2022-12-23,7433.18,credit,UPI/GPAY CUSTOMER
E001,CURR001,msme,2022-12-23,28024.4,credit,IMPS/CUSTOMER PAY
E001,CURR001,msme,2022-12-23,8563.64,credit,UPI/GPAY CUSTOMER
E001,CURR001,msme,2022-12-23,2389.56,debit,RENT/OFFICE
E001,CURR001,msme,2022-12-23,4785.29,debit,ELECTRICITY BILL
E001,CURR001,msme,2022-12-24,19665.84,credit,IMPS/CUSTOMER PAY
E001,CURR001,msme,2022-12-24,2871.32,credit,NEFT/SALES PAYMENT
E001,CURR001,msme,2022-12-24,21839.04,credit,NEFT/SALES BULK ORDER
E001,CURR001,msme,2022-12-24,5292.4,debit,ELECTRICITY BILL
E001,CURR001,msme,2022-12-24,7189.92,debit,GST PAYMENT
E001,CURR001,msme,2022-12-24,5652.58,debit,NEFT/SALARY
E001,CURR001,msme,2022-12-25,48025.83,credit,UPI/CUSTOMER PAY
E001,CURR001,msme,2022-12-25,12558.99,credit,UPI/CUSTOMER PAY
E001,CURR001,msme,2022-12-25,15301.98,credit,UPI/GPAY CUSTOMER
E001,CURR001,msme,2022-12-25,7005.54,debit,RENT/OFFICE
E001,CURR001,msme,2022-12-25,4245.86,debit,NEFT/SALARY
E001,CURR001,msme,2022-12-26,6310.31,credit,IMPS/CUSTOMER PAY
E001,CURR001,msme,2022-12-26,35435.86,credit,NEFT/SALES BULK ORDER
E001,CURR001,msme,2022-12-26,7491.19,debit,TDS PAYMENT
E001,CURR001,msme,2022-12-26,3810.07,debit,ELECTRICITY BILL
E001,CURR001,msme,2022-12-26,6864.69,debit,UPI/VENDOR PAY
E001,CURR001,msme,2022-12-27,2609.46,credit,UPI/GPAY CUSTOMER
E001,CURR001,msme,2022-12-27,16783.64,credit,UPI/GPAY CUSTOMER
E001,CURR001,msme,2022-12-27,12806.28,debit,ELECTRICITY BILL
E001,CURR001,msme,2022-12-27,3829.91,debit,ELECTRICITY BILL
E001,CURR001,msme,2022-12-28,2289.57,credit,NEFT/SALES BULK ORDER
E001,CURR001,msme,2022-12-28,5292.55,credit,NEFT/SALES PAYMENT
E001,CURR001,msme,2022-12-28,7566.45,credit,UPI/GPAY CUSTOMER
E001,CURR001,msme,2022-12-28,18423.48,debit,EMI/HDFC LOAN
E001,CURR001,msme,2022-12-28,6906.55,debit,TDS PAYMENT
E001,CURR001,msme,2022-12-28,1663.85,debit,UPI/VENDOR PAY
E001,CURR001,msme,2022-12-29,8601.57,credit,RTGS/INVOICE 1234
E001,CURR001,msme,2022-12-29,11845.19,credit,UPI/GPAY CUSTOMER
E001,CURR001,msme,2022-12-29,3266.52,debit,UPI/VENDOR PAY
E001,CURR001,msme,2022-12-29,10166.62,debit,RENT/OFFICE
E001,CURR001,msme,2022-12-30,7404.82,credit,UPI/GPAY CUSTOMER
E001,CURR001,msme,2022-12-30,24218.19,credit,IMPS/CUSTOMER PAY
E001,CURR001,msme,2022-12-30,3331.25,debit,RENT/OFFICE
E001,CURR001,msme,2022-12-30,1976.45,debit,ELECTRICITY BILL
E001,CURR001,msme,2022-12-30,3684.91,debit,EMI/HDFC LOAN
E001,CURR001,msme,2022-12-31,26515.5,credit,UPI/GPAY CUSTOMER
E001,CURR001,msme,2022-12-31,6875.51,credit,NEFT/SALES PAYMENT
E001,CURR001,msme,2022-12-31,12618.54,credit,UPI/CUSTOMER PAY
E001,CURR001,msme,2022-12-31,10310.3,credit,NEFT/SALES BULK ORDER
E001,CURR001,msme,2022-12-31,3429.99,debit,TDS PAYMENT
E001,CURR001,msme,2022-12-31,11286.96,debit,GST PAYMENT
E001,CURR001,msme,2023-01-01,27679.57,credit,NEFT/SALES PAYMENT
E001,CURR001,msme,2023-01-01,6160.79,credit,NEFT/SALES BULK ORDER
E001,CURR001,msme,2023-01-01,5537.65,debit,ELECTRICITY BILL
E001,CURR001,msme,2023-01-01,7533.77,debit,GST PAYMENT
E001,CURR001,msme,2023-01-01,5485.6,debit,NEFT/SALARY
E001,CURR001,msme,2023-01-02,3043.65,credit,RTGS/INVOICE 1234
E001,CURR001,msme,2023-01-02,13912.7,credit,UPI/CUSTOMER PAY
E001,CURR001,msme,2023-01-02,9309.01,debit,UPI/VENDOR PAY
E001,CURR001,msme,2023-01-03,7237.03,credit,RTGS/INVOICE 1234
E001,CURR001,msme,2023-01-03,3444.63,credit,UPI/CUSTOMER PAY
E001,CURR001,msme,2023-01-03,1406.89,debit,RENT/OFFICE
E001,CURR001,msme,2023-01-03,4377.05,debit,GST PAYMENT
E001,CURR001,msme,2023-01-04,4705.52,credit,NEFT/SALES BULK ORDER
E001,CURR001,msme,2023-01-04,8771.43,credit,UPI/CUSTOMER PAY
E001,CURR001,msme,2023-01-04,2407.04,credit,RTGS/INVOICE 1234
E001,CURR001,msme,2023-01-04,8195.95,credit,RTGS/INVOICE 1234
E001,CURR001,msme,2023-01-04,1630.36,debit,EMI/HDFC LOAN
E001,CURR001,msme,2023-01-04,9189.66,debit,ELECTRICITY BILL
E001,CURR001,msme,2023-01-04,3471.36,debit,NEFT/SUPPLIER PAY
E001,CURR001,msme,2023-01-05,2406.6,credit,RTGS/INVOICE 1234
E001,CURR001,msme,2023-01-05,3652.52,credit,IMPS/CUSTOMER PAY
E001,CURR001,msme,2023-01-05,9526.79,credit,UPI/GPAY CUSTOMER
E001,CURR001,msme,2023-01-05,29896.17,credit,UPI/GPAY CUSTOMER
E001,CURR001,msme,2023-01-05,2172.5,debit,TDS PAYMENT
E001,CURR001,msme,2023-01-06,1491.19,credit,UPI/GPAY CUSTOMER
E001,CURR001,msme,2023-01-06,5899.39,credit,UPI/GPAY CUSTOMER
E001,CURR001,msme,2023-01-06,4080.43,debit,TDS PAYMENT
E001,CURR001,msme,2023-01-06,7771.93,debit,NEFT/SUPPLIER PAY
E001,CURR001,msme,2023-01-06,3528.8,debit,UPI/VENDOR PAY
E001,CURR001,msme,2023-01-07,13882.09,credit,RTGS/INVOICE 1234
E001,CURR001,msme,2023-01-07,1975.0,credit,RTGS/INVOICE 1234
E001,CURR001,msme,2023-01-07,4600.31,debit,EMI/HDFC LOAN
E001,CURR001,msme,2023-01-07,6592.76,debit,NEFT/SALARY
E001,CURR001,msme,2023-01-08,10063.54,credit,RTGS/INVOICE 1234
E001,CURR001,msme,2023-01-08,10316.86,credit,IMPS/CUSTOMER PAY
E001,CURR001,msme,2023-01-08,12615.34,debit,NEFT/SALARY
E001,CURR001,msme,2023-01-09,5544.29,credit,RTGS/INVOICE 1234
E001,CURR001,msme,2023-01-09,7026.36,credit,UPI/CUSTOMER PAY
E001,CURR001,msme,2023-01-09,1891.31,debit,NEFT/SALARY
E001,CURR001,msme,2023-01-10,6924.23,credit,NEFT/SALES BULK ORDER
E001,CURR001,msme,2023-01-10,17315.18,credit,IMPS/CUSTOMER PAY
E001,CURR001,msme,2023-01-10,3906.99,debit,NEFT/SUPPLIER PAY
E001,CURR001,msme,2023-01-11,6180.81,credit,NEFT/SALES PAYMENT
E001,CURR001,msme,2023-01-11,13674.45,credit,IMPS/CUSTOMER PAY
E001,CURR001,msme,2023-01-11,16213.38,credit,UPI/CUSTOMER PAY
E001,CURR001,msme,2023-01-11,19276.05,credit,NEFT/SALES PAYMENT
E001,CURR001,msme,2023-01-11,3306.07,debit,NEFT/SALARY
E001,CURR001,msme,2023-01-11,2224.15,debit,NEFT/SALARY
E001,CURR001,msme,2023-01-12,10673.13,credit,RTGS/INVOICE 1234
E001,CURR001,msme,2023-01-12,3419.23,credit,IMPS/CUSTOMER PAY
E001,CURR001,msme,2023-01-12,3960.2,credit,UPI/CUSTOMER PAY
E001,CURR001,msme,2023-01-12,7248.01,credit,IMPS/CUSTOMER PAY
E001,CURR001,msme,2023-01-12,8248.26,debit,NEFT/SALARY
E001,CURR001,msme,2023-01-12,4399.36,debit,NEFT/SALARY
E001,CURR001,msme,2023-01-12,4826.73,debit,RENT/OFFICE
E001,CURR001,msme,2023-01-13,7002.8,credit,NEFT/SALES BULK ORDER
E001,CURR001,msme,2023-01-13,8307.06,credit,RTGS/INVOICE 1234
E001,CURR001,msme,2023-01-13,7544.79,credit,NEFT/SALES BULK ORDER
E001,CURR001,msme,2023-01-13,7863.16,credit,NEFT/SALES BULK ORDER
E001,CURR001,msme,2023-01-13,4517.94,debit,UPI/VENDOR PAY
E001,CURR001,msme,2023-01-14,8208.32,credit,RTGS/INVOICE 1234
E001,CURR001,msme,2023-01-14,3584.57,credit,IMPS/CUSTOMER PAY
E001,CURR001,msme,2023-01-14,17112.12,credit,NEFT/SALES BULK ORDER
E001,CURR001,msme,2023-01-14,21336.93,credit,NEFT/SALES PAYMENT
E001,CURR001,msme,2023-01-14,4071.18,debit,RENT/OFFICE
E001,CURR001,msme,2023-01-14,2225.61,debit,NEFT/SUPPLIER PAY
E001,CURR001,msme,2023-01-14,2695.39,debit,RENT/OFFICE
E001,CURR001,msme,2023-01-15,7416.54,credit,UPI/GPAY CUSTOMER
E001,CURR001,msme,2023-01-15,3954.8,credit,NEFT/SALES BULK ORDER
E001,CURR001,msme,2023-01-15,3618.88,credit,IMPS/CUSTOMER PAY
E001,CURR001,msme,2023-01-15,2487.31,debit,ELECTRICITY BILL
E001,CURR001,msme,2023-01-15,4877.28,debit,RENT/OFFICE
E001,CURR001,msme,2023-01-16,4788.69,credit,RTGS/INVOICE 1234
E001,CURR001,msme,2023-01-16,38176.06,credit,NEFT/SALES BULK ORDER
E001,CURR001,msme,2023-01-16,4406.22,debit,RENT/OFFICE
E001,CURR001,msme,2023-01-16,12457.13,debit,NEFT/SALARY
E001,CURR001,msme,2023-01-16,6119.46,debit,ELECTRICITY BILL
E001,CURR001,msme,2023-01-17,5612.37,credit,NEFT/SALES BULK ORDER
E001,CURR001,msme,2023-01-17,4648.59,credit,UPI/CUSTOMER PAY
E001,CURR001,msme,2023-01-17,4652.84,debit,TDS PAYMENT
E001,CURR001,msme,2023-01-17,4617.52,debit,GST PAYMENT
E001,CURR001,msme,2023-01-18,28402.63,credit,UPI/GPAY CUSTOMER
E001,CURR001,msme,2023-01-18,4074.08,credit,RTGS/INVOICE 1234
E001,CURR001,msme,2023-01-18,2825.09,credit,IMPS/CUSTOMER PAY
E001,CURR001,msme,2023-01-18,8460.97,debit,GST PAYMENT
E001,CURR001,msme,2023-01-18,8988.52,debit,ELECTRICITY BILL
E001,CURR001,msme,2023-01-18,6237.63,debit,EMI/HDFC LOAN
E001,CURR001,msme,2023-01-19,3777.31,credit,UPI/GPAY CUSTOMER
E001,CURR001,msme,2023-01-19,8850.31,credit,NEFT/SALES BULK ORDER
E001,CURR001,msme,2023-01-19,2846.54,debit,UPI/VENDOR PAY
E001,CURR001,msme,2023-01-19,12474.01,debit,GST PAYMENT
E001,CURR001,msme,2023-01-19,3775.58,debit,UPI/VENDOR PAY
E001,CURR001,msme,2023-01-20,6870.2,credit,UPI/CUSTOMER PAY
E001,CURR001,msme,2023-01-20,3543.78,credit,UPI/CUSTOMER PAY
E001,CURR001,msme,2023-01-20,4957.88,debit,ELECTRICITY BILL
E001,CURR001,msme,2023-01-20,9182.62,debit,RENT/OFFICE
E001,CURR001,msme,2023-01-21,35020.75,credit,RTGS/INVOICE 1234
E001,CURR001,msme,2023-01-21,2105.36,credit,UPI/CUSTOMER PAY
E001,CURR001,msme,2023-01-21,1553.46,credit,NEFT/SALES BULK ORDER
E001,CURR001,msme,2023-01-21,8161.93,credit,IMPS/CUSTOMER PAY
E001,CURR001,msme,2023-01-21,21431.4,debit,RENT/OFFICE
E001,CURR001,msme,2023-01-21,1526.9,debit,NEFT/SALARY
E001,CURR001,msme,2023-01-21,3387.46,debit,ELECTRICITY BILL
E001,CURR001,msme,2023-01-22,3782.52,credit,UPI/CUSTOMER PAY
E001,CURR001,msme,2023-01-22,4714.53,credit,UPI/CUSTOMER PAY
E001,CURR001,msme,2023-01-22,9230.6,debit,GST PAYMENT
E001,CURR001,msme,2023-01-22,6740.29,debit,NEFT/SALARY
E001,CURR001,msme,2023-01-23,14001.75,credit,NEFT/SALES PAYMENT
E001,CURR001,msme,2023-01-23,7751.5,credit,UPI/GPAY CUSTOMER
E001,CURR001,msme,2023-01-23,21828.17,credit,UPI/GPAY CUSTOMER
E001,CURR001,msme,2023-01-23,12305.59,debit,NEFT/SUPPLIER PAY
E001,CURR001,msme,2023-01-23,3818.88,debit,UPI/VENDOR PAY
E001,CURR001,msme,2023-01-24,6506.6,credit,RTGS/INVOICE 1234
E001,CURR001,msme,2023-01-24,4115.51,credit,UPI/CUSTOMER PAY
E001,CURR001,msme,2023-01-24,22019.75,credit,NEFT/SALES PAYMENT
E001,CURR001,msme,2023-01-24,6855.34,credit,NEFT/SALES BULK ORDER
E001,CURR001,msme,2023-01-24,7139.8,debit,EMI/HDFC LOAN
E001,CURR001,msme,2023-01-24,11346.39,debit,NEFT/SUPPLIER PAY
E001,CURR001,msme,2023-01-25,11879.41,credit,NEFT/SALES BULK ORDER
E001,CURR001,msme,2023-01-25,14066.11,credit,NEFT/SALES BULK ORDER
E001,CURR001,msme,2023-01-25,19639.74,credit,IMPS/CUSTOMER PAY
E001,CURR001,msme,2023-01-25,18141.46,credit,IMPS/CUSTOMER PAY
E001,CURR001,msme,2023-01-25,2041.73,debit,RENT/OFFICE
E001,CURR001,msme,2023-01-25,6436.9,debit,GST PAYMENT
E001,CURR001,msme,2023-01-26,22591.46,credit,UPI/GPAY CUSTOMER
E001,CURR001,msme,2023-01-26,2132.65,credit,UPI/CUSTOMER PAY
E001,CURR001,msme,2023-01-26,10312.48,debit,NEFT/SUPPLIER PAY
E001,CURR001,msme,2023-01-26,9106.89,debit,RENT/OFFICE
E001,CURR001,msme,2023-01-27,14207.15,credit,NEFT/SALES PAYMENT
E001,CURR001,msme,2023-01-27,10927.25,credit,IMPS/CUSTOMER PAY
E001,CURR001,msme,2023-01-27,10629.3,debit,ELECTRICITY BILL
E001,CURR001,msme,2023-01-27,7760.89,debit,NEFT/SUPPLIER PAY
E001,CURR001,msme,2023-01-27,2216.35,debit,NEFT/SALARY
E001,CURR001,msme,2023-01-28,5159.0,credit,NEFT/SALES BULK ORDER
E001,CURR001,msme,2023-01-28,7655.09,credit,NEFT/SALES PAYMENT
E001,CURR001,msme,2023-01-28,13798.75,credit,IMPS/CUSTOMER PAY
E001,CURR001,msme,2023-01-28,19126.92,debit,GST PAYMENT
E001,CURR001,msme,2023-01-28,4667.17,debit,GST PAYMENT
E001,CURR001,msme,2023-01-28,8583.55,debit,UPI/VENDOR PAY
E001,CURR001,msme,2023-01-29,6818.98,credit,RTGS/INVOICE 1234
E001,CURR001,msme,2023-01-29,4030.44,credit,IMPS/CUSTOMER PAY
E001,CURR001,msme,2023-01-29,7396.55,debit,TDS PAYMENT
E001,CURR001,msme,2023-01-29,1295.8,debit,TDS PAYMENT
E001,CURR001,msme,2023-01-29,5357.08,debit,ELECTRICITY BILL
E001,CURR001,msme,2023-01-30,16974.5,credit,IMPS/CUSTOMER PAY
E001,CURR001,msme,2023-01-30,5259.53,credit,NEFT/SALES PAYMENT
E001,CURR001,msme,2023-01-30,1915.85,debit,NEFT/SUPPLIER PAY
E001,CURR001,msme,2023-01-30,13266.16,debit,UPI/VENDOR PAY
E001,CURR001,msme,2023-01-30,861.38,debit,NEFT/SUPPLIER PAY
E001,CURR001,msme,2023-01-31,7537.91,credit,UPI/CUSTOMER PAY
E001,CURR001,msme,2023-01-31,17709.47,credit,UPI/GPAY CUSTOMER
E001,CURR001,msme,2023-01-31,4212.57,credit,UPI/GPAY CUSTOMER
E001,CURR001,msme,2023-01-31,2194.96,credit,NEFT/SALES BULK ORDER
E001,CURR001,msme,2023-01-31,15689.47,debit,EMI/HDFC LOAN
E001,CURR001,msme,2023-01-31,8521.99,debit,NEFT/SALARY
E001,CURR001,msme,2023-02-01,4309.97,credit,NEFT/SALES BULK ORDER
E001,CURR001,msme,2023-02-01,10683.87,credit,UPI/GPAY CUSTOMER
E001,CURR001,msme,2023-02-01,15133.29,credit,RTGS/INVOICE 1234
E001,CURR001,msme,2023-02-01,4916.34,credit,IMPS/CUSTOMER PAY
E001,CURR001,msme,2023-02-01,8279.36,debit,RENT/OFFICE
E001,CURR001,msme,2023-02-01,13461.81,debit,RENT/OFFICE
E001,CURR001,msme,2023-02-01,21167.73,debit,TDS PAYMENT
E001,CURR001,msme,2023-02-02,3598.21,credit,RTGS/INVOICE 1234
E001,CURR001,msme,2023-02-02,10138.43,credit,UPI/CUSTOMER PAY
E001,CURR001,msme,2023-02-02,2434.32,credit,RTGS/INVOICE 1234
E001,CURR001,msme,2023-02-02,62551.72,credit,NEFT/SALES BULK ORDER
E001,CURR001,msme,2023-02-02,3135.25,debit,GST PAYMENT
E001,CURR001,msme,2023-02-03,4444.57,credit,RTGS/INVOICE 1234
E001,CURR001,msme,2023-02-03,7818.06,credit,UPI/CUSTOMER PAY
E001,CURR001,msme,2023-02-03,10983.6,credit,UPI/CUSTOMER PAY
E001,CURR001,msme,2023-02-03,7018.57,credit,RTGS/INVOICE 1234
E001,CURR001,msme,2023-02-03,2288.12,debit,TDS PAYMENT
E001,CURR001,msme,2023-02-03,8816.02,debit,EMI/HDFC LOAN
E001,CURR001,msme,2023-02-03,8825.76,debit,NEFT/SUPPLIER PAY
E001,CURR001,msme,2023-02-04,9809.08,credit,NEFT/SALES BULK ORDER
E001,CURR001,msme,2023-02-04,4265.34,credit,RTGS/INVOICE 1234
E001,CURR001,msme,2023-02-04,24171.36,credit,UPI/GPAY CUSTOMER
E001,CURR001,msme,2023-02-04,4631.08,credit,RTGS/INVOICE 1234
E001,CURR001,msme,2023-02-04,11089.13,debit,RENT/OFFICE
E001,CURR001,msme,2023-02-05,10469.5,credit,UPI/GPAY CUSTOMER
E001,CURR001,msme,2023-02-05,9324.46,credit,NEFT/SALES PAYMENT
E001,CURR001,msme,2023-02-05,5367.04,credit,NEFT/SALES BULK ORDER
E001,CURR001,msme,2023-02-05,9043.06,debit,GST PAYMENT
E001,CURR001,msme,2023-02-05,13334.72,debit,TDS PAYMENT
E001,CURR001,msme,2023-02-06,5098.82,credit,RTGS/INVOICE 1234
E001,CURR001,msme,2023-02-06,15591.82,credit,UPI/GPAY CUSTOMER
E001,CURR001,msme,2023-02-06,1501.95,credit,UPI/CUSTOMER PAY
E001,CURR001,msme,2023-02-06,4621.01,debit,TDS PAYMENT
E001,CURR001,msme,2023-02-06,6227.79,debit,RENT/OFFICE
E001,CURR001,msme,2023-02-06,5192.67,debit,TDS PAYMENT
E001,CURR001,msme,2023-02-07,1475.88,credit,IMPS/CUSTOMER PAY
E001,CURR001,msme,2023-02-07,3705.66,credit,IMPS/CUSTOMER PAY
E001,CURR001,msme,2023-02-07,8091.87,credit,IMPS/CUSTOMER PAY
E001,CURR001,msme,2023-02-07,10367.89,credit,IMPS/CUSTOMER PAY
E001,CURR001,msme,2023-02-07,4811.34,debit,NEFT/SALARY
E001,CURR001,msme,2023-02-07,2991.96,debit,GST PAYMENT
E001,CURR001,msme,2023-02-08,38661.8,credit,IMPS/CUSTOMER PAY
E001,CURR001,msme,2023-02-08,1313.03,credit,IMPS/CUSTOMER PAY
E001,CURR001,msme,2023-02-08,3118.68,credit,NEFT/SALES PAYMENT
E001,CURR001,msme,2023-02-08,3415.39,debit,EMI/HDFC LOAN
E001,CURR001,msme,2023-02-08,3482.66,debit,ELECTRICITY BILL
E001,CURR001,msme,2023-02-09,4142.79,credit,NEFT/SALES BULK ORDER
E001,CURR001,msme,2023-02-09,5416.23,credit,UPI/CUSTOMER PAY
E001,CURR001,msme,2023-02-09,14051.08,debit,GST PAYMENT
E001,CURR001,msme,2023-02-10,16758.64,credit,IMPS/CUSTOMER PAY
E001,CURR001,msme,2023-02-10,4378.9,credit,UPI/GPAY CUSTOMER
E001,CURR001,msme,2023-02-10,4093.15,debit,GST PAYMENT
E001,CURR001,msme,2023-02-10,2775.67,debit,NEFT/SALARY
E001,CURR001,msme,2023-02-10,5191.1,debit,NEFT/SUPPLIER PAY
E001,CURR001,msme,2023-02-11,6529.77,credit,UPI/GPAY CUSTOMER
E001,CURR001,msme,2023-02-11,6428.58,credit,RTGS/INVOICE 1234
E001,CURR001,msme,2023-02-11,6786.22,credit,NEFT/SALES BULK ORDER
E001,CURR001,msme,2023-02-11,2198.3,debit,EMI/HDFC LOAN
E001,CURR001,msme,2023-02-12,21204.79,credit,IMPS/CUSTOMER PAY
E001,CURR001,msme,2023-02-12,10443.32,credit,IMPS/CUSTOMER PAY
E001,CURR001,msme,2023-02-12,49869.25,credit,IMPS/CUSTOMER PAY
E001,CURR001,msme,2023-02-12,5863.38,credit,NEFT/SALES BULK ORDER
E001,CURR001,msme,2023-02-12,2500.73,debit,RENT/OFFICE
E001,CURR001,msme,2023-02-12,3203.86,debit,EMI/HDFC LOAN
E001,CURR001,msme,2023-02-13,12678.48,credit,IMPS/CUSTOMER PAY
E001,CURR001,msme,2023-02-13,4226.7,credit,RTGS/INVOICE 1234
E001,CURR001,msme,2023-02-13,66624.68,credit,UPI/GPAY CUSTOMER
E001,CURR001,msme,2023-02-13,12399.31,credit,IMPS/CUSTOMER PAY
E001,CURR001,msme,2023-02-13,7115.01,debit,ELECTRICITY BILL
E001,CURR001,msme,2023-02-14,22586.64,credit,IMPS/CUSTOMER PAY
E001,CURR001,msme,2023-02-14,4722.31,credit,UPI/CUSTOMER PAY
E001,CURR001,msme,2023-02-14,3706.51,debit,RENT/OFFICE
E001,CURR001,msme,2023-02-14,4340.76,debit,TDS PAYMENT
E001,CURR001,msme,2023-02-14,1902.89,debit,RENT/OFFICE
E001,CURR001,msme,2023-02-15,4984.64,credit,UPI/CUSTOMER PAY
E001,CURR001,msme,2023-02-15,7617.65,credit,RTGS/INVOICE 1234
E001,CURR001,msme,2023-02-15,10516.21,credit,NEFT/SALES PAYMENT
E001,CURR001,msme,2023-02-15,11451.13,debit,RENT/OFFICE
E001,CURR001,msme,2023-02-15,4722.21,debit,ELECTRICITY BILL
E001,CURR001,msme,2023-02-16,14572.86,credit,UPI/GPAY CUSTOMER
E001,CURR001,msme,2023-02-16,12305.49,credit,IMPS/CUSTOMER PAY
E001,CURR001,msme,2023-02-16,4589.19,debit,GST PAYMENT
E001,CURR001,msme,2023-02-16,4173.86,debit,EMI/HDFC LOAN
E001,CURR001,msme,2023-02-16,4776.41,debit,EMI/HDFC LOAN
E001,CURR001,msme,2023-02-17,24842.72,credit,RTGS/INVOICE 1234
E001,CURR001,msme,2023-02-17,12624.31,credit,UPI/CUSTOMER PAY
E001,CURR001,msme,2023-02-17,1420.46,credit,UPI/GPAY CUSTOMER
E001,CURR001,msme,2023-02-17,8259.74,debit,ELECTRICITY BILL
E001,CURR001,msme,2023-02-17,6646.09,debit,RENT/OFFICE
E001,CURR001,msme,2023-02-17,3150.44,debit,ELECTRICITY BILL
E001,CURR001,msme,2023-02-18,7316.42,credit,UPI/GPAY CUSTOMER
E001,CURR001,msme,2023-02-18,5174.58,credit,UPI/GPAY CUSTOMER
E001,CURR001,msme,2023-02-18,1210.58,credit,UPI/CUSTOMER PAY
E001,CURR001,msme,2023-02-18,6179.84,credit,NEFT/SALES BULK ORDER
E001,CURR001,msme,2023-02-18,2953.15,debit,RENT/OFFICE
E001,CURR001,msme,2023-02-18,4947.44,debit,NEFT/SUPPLIER PAY
E001,CURR001,msme,2023-02-18,16106.95,debit,NEFT/SUPPLIER PAY
E001,CURR001,msme,2023-02-19,36968.85,credit,NEFT/SALES BULK ORDER
E001,CURR001,msme,2023-02-19,5366.83,credit,IMPS/CUSTOMER PAY
E001,CURR001,msme,2023-02-19,3921.97,debit,EMI/HDFC LOAN
E001,CURR001,msme,2023-02-19,5115.32,debit,GST PAYMENT
E001,CURR001,msme,2023-02-20,16972.61,credit,UPI/CUSTOMER PAY
E001,CURR001,msme,2023-02-20,5632.8,credit,NEFT/SALES BULK ORDER
E001,CURR001,msme,2023-02-20,4217.27,debit,EMI/HDFC LOAN
E001,CURR001,msme,2023-02-21,15183.92,credit,NEFT/SALES BULK ORDER
E001,CURR001,msme,2023-02-21,19791.75,credit,NEFT/SALES PAYMENT
E001,CURR001,msme,2023-02-21,9201.32,credit,UPI/GPAY CUSTOMER
E001,CURR001,msme,2023-02-21,3800.59,debit,EMI/HDFC LOAN
E001,CURR001,msme,2023-02-21,3890.74,debit,TDS PAYMENT
E001,CURR001,msme,2023-02-21,2419.72,debit,GST PAYMENT
E001,CURR001,msme,2023-02-22,3752.77,credit,NEFT/SALES BULK ORDER
E001,CURR001,msme,2023-02-22,12112.07,credit,RTGS/INVOICE 1234
E001,CURR001,msme,2023-02-22,20293.0,credit,NEFT/SALES PAYMENT
E001,CURR001,msme,2023-02-22,2951.4,debit,GST PAYMENT
E001,CURR001,msme,2023-02-23,8449.43,credit,IMPS/CUSTOMER PAY
E001,CURR001,msme,2023-02-23,12000.01,credit,UPI/GPAY CUSTOMER
E001,CURR001,msme,2023-02-23,6237.82,credit,IMPS/CUSTOMER PAY
E001,CURR001,msme,2023-02-23,4232.64,debit,ELECTRICITY BILL
E001,CURR001,msme,2023-02-23,6521.38,debit,RENT/OFFICE
E001,CURR001,msme,2023-02-24,2759.77,credit,NEFT/SALES BULK ORDER
E001,CURR001,msme,2023-02-24,6998.7,credit,NEFT/SALES PAYMENT
E001,CURR001,msme,2023-02-24,6091.57,credit,RTGS/INVOICE 1234
E001,CURR001,msme,2023-02-24,5072.84,debit,GST PAYMENT
E001,CURR001,msme,2023-02-24,5094.1,debit,NEFT/SUPPLIER PAY
E001,CURR001,msme,2023-02-24,1687.31,debit,ELECTRICITY BILL
E001,CURR001,msme,2023-02-25,2076.2,credit,IMPS/CUSTOMER PAY
E001,CURR001,msme,2023-02-25,12387.63,credit,NEFT/SALES BULK ORDER
E001,CURR001,msme,2023-02-25,5338.57,credit,NEFT/SALES BULK ORDER
E001,CURR001,msme,2023-02-25,6465.86,debit,GST PAYMENT
E001,CURR001,msme,2023-02-25,989.5,debit,RENT/OFFICE
E001,CURR001,msme,2023-02-25,6089.28,debit,NEFT/SUPPLIER PAY
E001,CURR001,msme,2023-02-26,15175.53,credit,UPI/GPAY CUSTOMER
E001,CURR001,msme,2023-02-26,20150.57,credit,IMPS/CUSTOMER PAY
E001,CURR001,msme,2023-02-26,39191.17,credit,NEFT/SALES BULK ORDER
E001,CURR001,msme,2023-02-26,2438.79,debit,GST PAYMENT
E001,CURR001,msme,2023-02-26,4029.59,debit,ELECTRICITY BILL
E001,CURR001,msme,2023-02-26,3270.68,debit,NEFT/SUPPLIER PAY
E001,CURR001,msme,2023-02-27,3168.13,credit,RTGS/INVOICE 1234
E001,CURR001,msme,2023-02-27,14594.78,credit,UPI/GPAY CUSTOMER
E001,CURR001,msme,2023-02-27,30539.86,credit,RTGS/INVOICE 1234
E001,CURR001,msme,2023-02-27,2991.66,credit,UPI/GPAY CUSTOMER
E001,CURR001,msme,2023-02-27,2948.47,debit,ELECTRICITY BILL
E001,CURR001,msme,2023-02-28,3461.13,credit,RTGS/INVOICE 1234
E001,CURR001,msme,2023-02-28,4576.1,credit,RTGS/INVOICE 1234
E001,CURR001,msme,2023-02-28,21242.08,credit,NEFT/SALES BULK ORDER
E001,CURR001,msme,2023-02-28,4918.31,credit,RTGS/INVOICE 1234
E001,CURR001,msme,2023-02-28,11259.26,debit,EMI/HDFC LOAN
E001,CURR001,msme,2023-02-28,2768.59,debit,ELECTRICITY BILL
E001,CURR001,msme,2023-03-01,14039.82,credit,UPI/GPAY CUSTOMER
E001,CURR001,msme,2023-03-01,26192.61,credit,NEFT/SALES PAYMENT
E001,CURR001,msme,2023-03-01,7424.53,debit,GST PAYMENT
E001,CURR001,msme,2023-03-01,4093.05,debit,EMI/HDFC LOAN
E001,CURR001,msme,2023-03-01,2566.09,debit,UPI/VENDOR PAY
E001,CURR001,msme,2023-03-02,12761.72,credit,NEFT/SALES PAYMENT
E001,CURR001,msme,2023-03-02,1859.27,credit,IMPS/CUSTOMER PAY
E001,CURR001,msme,2023-03-02,7896.5,credit,IMPS/CUSTOMER PAY
E001,CURR001,msme,2023-03-02,3055.8,debit,NEFT/SALARY
E001,CURR001,msme,2023-03-03,6316.49,credit,UPI/GPAY CUSTOMER
E001,CURR001,msme,2023-03-03,3972.0,credit,UPI/CUSTOMER PAY
E001,CURR001,msme,2023-03-03,7711.96,credit,NEFT/SALES PAYMENT
E001,CURR001,msme,2023-03-03,3977.63,credit,RTGS/INVOICE 1234
E001,CURR001,msme,2023-03-03,3905.19,debit,EMI/HDFC LOAN
E001,CURR001,msme,2023-03-03,5769.57,debit,EMI/HDFC LOAN
E001,CURR001,msme,2023-03-04,19138.44,credit,UPI/GPAY CUSTOMER
E001,CURR001,msme,2023-03-04,6386.96,credit,IMPS/CUSTOMER PAY
E001,CURR001,msme,2023-03-04,23146.23,credit,RTGS/INVOICE 1234
E001,CURR001,msme,2023-03-04,2020.21,debit,UPI/VENDOR PAY
E001,CURR001,msme,2023-03-05,10194.1,credit,UPI/CUSTOMER PAY
E001,CURR001,msme,2023-03-05,12308.55,credit,IMPS/CUSTOMER PAY
E001,CURR001,msme,2023-03-05,1867.12,credit,UPI/GPAY CUSTOMER
E001,CURR001,msme,2023-03-05,37657.75,credit,RTGS/INVOICE 1234
E001,CURR001,msme,2023-03-05,2088.02,debit,ELECTRICITY BILL
E001,CURR001,msme,2023-03-05,5166.12,debit,GST PAYMENT
E001,CURR001,msme,2023-03-05,1987.32,debit,UPI/VENDOR PAY
E001,CURR001,msme,2023-03-06,23612.61,credit,NEFT/SALES PAYMENT
E001,CURR001,msme,2023-03-06,20869.68,credit,UPI/CUSTOMER PAY
E001,CURR001,msme,2023-03-06,4558.97,debit,GST PAYMENT
E001,CURR001,msme,2023-03-07,18025.37,credit,UPI/CUSTOMER PAY
E001,CURR001,msme,2023-03-07,8509.87,credit,NEFT/SALES BULK ORDER
E001,CURR001,msme,2023-03-07,8602.47,credit,UPI/CUSTOMER PAY
E001,CURR001,msme,2023-03-07,4159.25,credit,NEFT/SALES PAYMENT
E001,CURR001,msme,2023-03-07,7880.25,debit,NEFT/SUPPLIER PAY
E001,CURR001,msme,2023-03-07,3736.72,debit,TDS PAYMENT
E001,CURR001,msme,2023-03-07,4396.07,debit,RENT/OFFICE
E001,CURR001,msme,2023-03-08,5546.42,credit,UPI/GPAY CUSTOMER
E001,CURR001,msme,2023-03-08,6047.26,credit,NEFT/SALES BULK ORDER
E001,CURR001,msme,2023-03-08,41766.49,credit,UPI/CUSTOMER PAY
E001,CURR001,msme,2023-03-08,8107.51,credit,NEFT/SALES BULK ORDER
E001,CURR001,msme,2023-03-08,2847.23,debit,NEFT/SUPPLIER PAY
E001,CURR001,msme,2023-03-09,19256.19,credit,UPI/GPAY CUSTOMER
E001,CURR001,msme,2023-03-09,7021.45,credit,RTGS/INVOICE 1234
E001,CURR001,msme,2023-03-09,11121.73,credit,UPI/GPAY CUSTOMER
E001,CURR001,msme,2023-03-09,14884.78,credit,UPI/CUSTOMER PAY
E001,CURR001,msme,2023-03-09,10281.37,debit,EMI/HDFC LOAN
E001,CURR001,msme,2023-03-09,18927.01,debit,ELECTRICITY BILL
E001,CURR001,msme,2023-03-09,2360.25,debit,TDS PAYMENT
E001,CURR001,msme,2023-03-10,4676.1,credit,IMPS/CUSTOMER PAY
E001,CURR001,msme,2023-03-10,1951.7,credit,NEFT/SALES BULK ORDER
E001,CURR001,msme,2023-03-10,4156.97,credit,RTGS/INVOICE 1234
E001,CURR001,msme,2023-03-10,14931.43,credit,NEFT/SALES BULK ORDER
E001,CURR001,msme,2023-03-10,8734.34,debit,NEFT/SUPPLIER PAY
E001,CURR001,msme,2023-03-10,5074.24,debit,NEFT/SUPPLIER PAY
E001,CURR001,msme,2023-03-10,6897.96,debit,GST PAYMENT
E001,CURR001,msme,2023-03-11,12419.17,credit,RTGS/INVOICE 1234
E001,CURR001,msme,2023-03-11,6177.71,credit,IMPS/CUSTOMER PAY
E001,CURR001,msme,2023-03-11,10894.89,credit,NEFT/SALES BULK ORDER
E001,CURR001,msme,2023-03-11,2424.67,credit,NEFT/SALES PAYMENT
E001,CURR001,msme,2023-03-11,2186.63,debit,TDS PAYMENT
E001,CURR001,msme,2023-03-11,4006.18,debit,GST PAYMENT
E001,CURR001,msme,2023-03-11,3576.63,debit,NEFT/SUPPLIER PAY
E001,CURR001,msme,2023-03-12,5991.68,credit,UPI/GPAY CUSTOMER
E001,CURR001,msme,2023-03-12,14383.35,credit,RTGS/INVOICE 1234
E001,CURR001,msme,2023-03-12,4626.14,credit,IMPS/CUSTOMER PAY
E001,CURR001,msme,2023-03-12,16417.75,credit,UPI/CUSTOMER PAY
E001,CURR001,msme,2023-03-12,3638.67,debit,ELECTRICITY BILL
E001,CURR001,msme,2023-03-12,9119.15,debit,EMI/HDFC LOAN
E001,CURR001,msme,2023-03-12,2213.25,debit,ELECTRICITY BILL
E001,CURR001,msme,2023-03-13,14394.76,credit,IMPS/CUSTOMER PAY
E001,CURR001,msme,2023-03-13,17888.05,credit,IMPS/CUSTOMER PAY
E001,CURR001,msme,2023-03-13,4953.5,credit,UPI/GPAY CUSTOMER
E001,CURR001,msme,2023-03-13,21040.16,credit,IMPS/CUSTOMER PAY
E001,CURR001,msme,2023-03-13,2037.53,debit,NEFT/SUPPLIER PAY
E001,CURR001,msme,2023-03-13,3733.94,debit,TDS PAYMENT
E001,CURR001,msme,2023-03-13,7978.32,debit,NEFT/SALARY
E001,CURR001,msme,2023-03-14,11176.13,credit,IMPS/CUSTOMER PAY
E001,CURR001,msme,2023-03-14,4547.94,credit,NEFT/SALES BULK ORDER
E001,CURR001,msme,2023-03-14,26350.36,credit,UPI/GPAY CUSTOMER
E001,CURR001,msme,2023-03-14,23512.1,credit,RTGS/INVOICE 1234
E001,CURR001,msme,2023-03-14,11318.52,debit,GST PAYMENT
E001,CURR001,msme,2023-03-15,7578.16,credit,NEFT/SALES PAYMENT
E001,CURR001,msme,2023-03-15,12472.92,credit,NEFT/SALES PAYMENT
E001,CURR001,msme,2023-03-15,17724.37,credit,UPI/CUSTOMER PAY
E001,CURR001,msme,2023-03-15,26082.7,credit,RTGS/INVOICE 1234
E001,CURR001,msme,2023-03-15,1351.89,debit,EMI/HDFC LOAN
E001,CURR001,msme,2023-03-15,12001.34,debit,NEFT/SUPPLIER PAY
E001,CURR001,msme,2023-03-15,4419.58,debit,NEFT/SALARY
E001,CURR001,msme,2023-03-16,21473.09,credit,NEFT/SALES PAYMENT
E001,CURR001,msme,2023-03-16,18880.68,credit,NEFT/SALES BULK ORDER
E001,CURR001,msme,2023-03-16,5128.68,credit,UPI/CUSTOMER PAY
E001,CURR001,msme,2023-03-16,10573.29,credit,IMPS/CUSTOMER PAY
E001,CURR001,msme,2023-03-16,3429.4,debit,NEFT/SALARY
E001,CURR001,msme,2023-03-16,4247.83,debit,ELECTRICITY BILL
E001,CURR001,msme,2023-03-17,2674.87,credit,RTGS/INVOICE 1234
E001,CURR001,msme,2023-03-17,15285.02,credit,IMPS/CUSTOMER PAY
E001,CURR001,msme,2023-03-17,7242.34,credit,UPI/GPAY CUSTOMER
E001,CURR001,msme,2023-03-17,6095.64,debit,GST PAYMENT
E001,CURR001,msme,2023-03-17,6613.36,debit,TDS PAYMENT
E001,CURR001,msme,2023-03-18,8362.88,credit,NEFT/SALES BULK ORDER
E001,CURR001,msme,2023-03-18,2894.57,credit,UPI/CUSTOMER PAY
E001,CURR001,msme,2023-03-18,8834.33,credit,IMPS/CUSTOMER PAY
E001,CURR001,msme,2023-03-18,5384.88,credit,UPI/GPAY CUSTOMER
E001,CURR001,msme,2023-03-18,4775.92,debit,TDS PAYMENT
E001,CURR001,msme,2023-03-19,9622.52,credit,IMPS/CUSTOMER PAY
E001,CURR001,msme,2023-03-19,5169.72,credit,UPI/GPAY CUSTOMER
E001,CURR001,msme,2023-03-19,1162.39,credit,IMPS/CUSTOMER PAY
E001,CURR001,msme,2023-03-19,2672.38,debit,RENT/OFFICE
E001,CURR001,msme,2023-03-19,6959.14,debit,EMI/HDFC LOAN
E001,CURR001,msme,2023-03-19,10392.5,debit,NEFT/SALARY
E001,CURR001,msme,2023-03-20,9526.77,credit,IMPS/CUSTOMER PAY
E001,CURR001,msme,2023-03-20,12502.35,credit,IMPS/CUSTOMER PAY
E001,CURR001,msme,2023-03-20,4905.32,debit,GST PAYMENT
E001,CURR001,msme,2023-03-21,8240.76,credit,NEFT/SALES PAYMENT
E001,CURR001,msme,2023-03-21,4283.17,credit,UPI/CUSTOMER PAY
E001,CURR001,msme,2023-03-21,67407.74,credit,NEFT/SALES PAYMENT
E001,CURR001,msme,2023-03-21,8983.52,credit,IMPS/CUSTOMER PAY
E001,CURR001,msme,2023-03-21,2535.95,debit,TDS PAYMENT
E001,CURR001,msme,2023-03-21,7229.87,debit,NEFT/SALARY
E001,CURR001,msme,2023-03-22,14216.43,credit,NEFT/SALES PAYMENT
E001,CURR001,msme,2023-03-22,10481.25,credit,NEFT/SALES PAYMENT
E001,CURR001,msme,2023-03-22,9269.16,credit,NEFT/SALES PAYMENT
E001,CURR001,msme,2023-03-22,2072.58,debit,NEFT/SUPPLIER PAY
E001,CURR001,msme,2023-03-23,2460.92,credit,NEFT/SALES BULK ORDER
E001,CURR001,msme,2023-03-23,15010.59,credit,NEFT/SALES BULK ORDER
E001,CURR001,msme,2023-03-23,2767.44,debit,TDS PAYMENT
E001,CURR001,msme,2023-03-23,11813.4,debit,RENT/OFFICE
E001,CURR001,msme,2023-03-24,5661.36,credit,UPI/GPAY CUSTOMER
E001,CURR001,msme,2023-03-24,17475.61,credit,NEFT/SALES PAYMENT
E001,CURR001,msme,2023-03-24,7318.03,debit,UPI/VENDOR PAY
E001,CURR001,msme,2023-03-24,4235.68,debit,NEFT/SALARY
E001,CURR001,msme,2023-03-24,14086.19,debit,ELECTRICITY BILL
E001,CURR001,msme,2023-03-25,9883.47,credit,IMPS/CUSTOMER PAY
E001,CURR001,msme,2023-03-25,2207.29,credit,NEFT/SALES PAYMENT
E001,CURR001,msme,2023-03-25,3713.41,credit,RTGS/INVOICE 1234
E001,CURR001,msme,2023-03-25,12239.89,debit,GST PAYMENT
E001,CURR001,msme,2023-03-25,1924.82,debit,TDS PAYMENT
E001,CURR001,msme,2023-03-25,5496.24,debit,ELECTRICITY BILL
E001,CURR001,msme,2023-03-26,4782.86,credit,IMPS/CUSTOMER PAY
E001,CURR001,msme,2023-03-26,2139.7,credit,UPI/GPAY CUSTOMER
E001,CURR001,msme,2023-03-26,5912.06,debit,EMI/HDFC LOAN
E001,CURR001,msme,2023-03-26,16060.55,debit,ELECTRICITY BILL
E001,CURR001,msme,2023-03-27,7184.95,credit,NEFT/SALES PAYMENT
E001,CURR001,msme,2023-03-27,6239.42,credit,IMPS/CUSTOMER PAY
E001,CURR001,msme,2023-03-27,3879.78,credit,IMPS/CUSTOMER PAY
E001,CURR001,msme,2023-03-27,3481.63,debit,NEFT/SALARY
E001,CURR001,msme,2023-03-27,2633.71,debit,GST PAYMENT
E001,CURR001,msme,2023-03-28,10464.11,credit,RTGS/INVOICE 1234
E001,CURR001,msme,2023-03-28,7526.06,credit,UPI/GPAY CUSTOMER
E001,CURR001,msme,2023-03-28,2885.26,credit,UPI/GPAY CUSTOMER
E001,CURR001,msme,2023-03-28,14748.65,debit,UPI/VENDOR PAY
E001,CURR001,msme,2023-03-28,5156.67,debit,NEFT/SUPPLIER PAY
E001,CURR001,msme,2023-03-28,4380.71,debit,ELECTRICITY BILL
E001,CURR001,msme,2023-03-29,9601.5,credit,UPI/CUSTOMER PAY
E001,CURR001,msme,2023-03-29,2668.22,credit,IMPS/CUSTOMER PAY
E001,CURR001,msme,2023-03-29,2252.47,credit,RTGS/INVOICE 1234
E001,CURR001,msme,2023-03-29,3837.9,credit,NEFT/SALES PAYMENT
E001,CURR001,msme,2023-03-29,7553.53,debit,GST PAYMENT
E001,CURR001,msme,2023-03-30,3610.14,credit,NEFT/SALES PAYMENT
E001,CURR001,msme,2023-03-30,33149.79,credit,IMPS/CUSTOMER PAY
E001,CURR001,msme,2023-03-30,6668.69,credit,RTGS/INVOICE 1234
E001,CURR001,msme,2023-03-30,2538.41,debit,TDS PAYMENT
E001,CURR001,msme,2023-03-30,3454.89,debit,UPI/VENDOR PAY
E001,CURR001,msme,2023-03-31,7512.33,credit,NEFT/SALES BULK ORDER
E001,CURR001,msme,2023-03-31,15330.46,credit,RTGS/INVOICE 1234
E001,CURR001,msme,2023-03-31,6737.99,debit,RENT/OFFICE
E001,CURR001,msme,2023-04-01,22797.78,credit,IMPS/CUSTOMER PAY
E001,CURR001,msme,2023-04-01,8197.56,credit,IMPS/CUSTOMER PAY
E001,CURR001,msme,2023-04-01,11362.01,debit,ELECTRICITY BILL
E001,CURR001,msme,2023-04-02,2487.78,credit,UPI/CUSTOMER PAY
E001,CURR001,msme,2023-04-02,28069.33,credit,RTGS/INVOICE 1234
E001,CURR001,msme,2023-04-02,864.9,debit,NEFT/SUPPLIER PAY
E001,CURR001,msme,2023-04-02,6834.59,debit,EMI/HDFC LOAN
E001,CURR001,msme,2023-04-03,9649.65,credit,UPI/GPAY CUSTOMER
E001,CURR001,msme,2023-04-03,18561.97,credit,UPI/CUSTOMER PAY
E001,CURR001,msme,2023-04-03,1815.14,debit,UPI/VENDOR PAY
E001,CURR001,msme,2023-04-03,11688.46,debit,TDS PAYMENT
E001,CURR001,msme,2023-04-03,6411.43,debit,GST PAYMENT
E001,CURR001,msme,2023-04-04,11711.8,credit,UPI/CUSTOMER PAY
E001,CURR001,msme,2023-04-04,7644.35,credit,RTGS/INVOICE 1234
E001,CURR001,msme,2023-04-04,15129.25,debit,GST PAYMENT
E001,CURR001,msme,2023-04-05,9221.12,credit,IMPS/CUSTOMER PAY
E001,CURR001,msme,2023-04-05,1392.24,credit,NEFT/SALES BULK ORDER
E001,CURR001,msme,2023-04-05,983.53,debit,ELECTRICITY BILL
E001,CURR001,msme,2023-04-05,1957.42,debit,GST PAYMENT
E001,CURR001,msme,2023-04-06,5978.48,credit,UPI/CUSTOMER PAY
E001,CURR001,msme,2023-04-06,6048.68,credit,UPI/GPAY CUSTOMER
E001,CURR001,msme,2023-04-06,7179.32,credit,RTGS/INVOICE 1234
E001,CURR001,msme,2023-04-06,2960.78,debit,NEFT/SUPPLIER PAY
E001,CURR001,msme,2023-04-07,6930.5,credit,NEFT/SALES PAYMENT
E001,CURR001,msme,2023-04-07,8057.54,credit,IMPS/CUSTOMER PAY
E001,CURR001,msme,2023-04-07,6819.3,credit,NEFT/SALES PAYMENT
E001,CURR001,msme,2023-04-07,5548.67,debit,TDS PAYMENT
E001,CURR001,msme,2023-04-08,3770.56,credit,RTGS/INVOICE 1234
E001,CURR001,msme,2023-04-08,6191.56,credit,UPI/GPAY CUSTOMER
E001,CURR001,msme,2023-04-08,2337.72,credit,UPI/CUSTOMER PAY
E001,CURR001,msme,2023-04-08,6363.43,debit,GST PAYMENT
E001,CURR001,msme,2023-04-09,13171.43,credit,UPI/GPAY CUSTOMER
E001,CURR001,msme,2023-04-09,3368.1,credit,NEFT/SALES PAYMENT
E001,CURR001,msme,2023-04-09,1747.87,debit,ELECTRICITY BILL
E001,CURR001,msme,2023-04-10,69035.89,credit,RTGS/INVOICE 1234
E001,CURR001,msme,2023-04-10,8533.51,credit,NEFT/SALES BULK ORDER
E001,CURR001,msme,2023-04-10,2377.58,credit,RTGS/INVOICE 1234
E001,CURR001,msme,2023-04-10,4283.83,debit,GST PAYMENT
E001,CURR001,msme,2023-04-10,19289.42,debit,TDS PAYMENT
E001,CURR001,msme,2023-04-11,7310.1,credit,UPI/CUSTOMER PAY
E001,CURR001,msme,2023-04-11,5722.61,credit,NEFT/SALES PAYMENT
E001,CURR001,msme,2023-04-11,6793.53,debit,NEFT/SALARY
E001,CURR001,msme,2023-04-11,14176.42,debit,EMI/HDFC LOAN
E001,CURR001,msme,2023-04-12,11141.39,credit,RTGS/INVOICE 1234
E001,CURR001,msme,2023-04-12,20351.37,credit,RTGS/INVOICE 1234
E001,CURR001,msme,2023-04-12,6800.66,credit,NEFT/SALES BULK ORDER
E001,CURR001,msme,2023-04-12,11679.31,credit,IMPS/CUSTOMER PAY
E001,CURR001,msme,2023-04-12,12320.65,debit,GST PAYMENT
E001,CURR001,msme,2023-04-12,6637.82,debit,TDS PAYMENT
E001,CURR001,msme,2023-04-13,10978.69,credit,NEFT/SALES PAYMENT
E001,CURR001,msme,2023-04-13,23737.04,credit,NEFT/SALES BULK ORDER
E001,CURR001,msme,2023-04-13,1382.11,debit,NEFT/SUPPLIER PAY
E001,CURR001,msme,2023-04-13,21411.98,debit,TDS PAYMENT
E001,CURR001,msme,2023-04-14,6601.37,credit,UPI/CUSTOMER PAY
E001,CURR001,msme,2023-04-14,4800.52,credit,UPI/CUSTOMER PAY
E001,CURR001,msme,2023-04-14,3848.62,credit,NEFT/SALES PAYMENT
E001,CURR001,msme,2023-04-14,2442.52,credit,NEFT/SALES BULK ORDER
E001,CURR001,msme,2023-04-14,4608.73,debit,UPI/VENDOR PAY
E001,CURR001,msme,2023-04-15,21627.51,credit,NEFT/SALES PAYMENT
E001,CURR001,msme,2023-04-15,11655.0,credit,NEFT/SALES BULK ORDER
E001,CURR001,msme,2023-04-15,8382.33,credit,IMPS/CUSTOMER PAY
E001,CURR001,msme,2023-04-15,12573.82,credit,IMPS/CUSTOMER PAY
E001,CURR001,msme,2023-04-15,5411.24,debit,NEFT/SUPPLIER PAY
E001,CURR001,msme,2023-04-15,21216.61,debit,GST PAYMENT
E001,CURR001,msme,2023-04-16,7908.14,credit,UPI/GPAY CUSTOMER
E001,CURR001,msme,2023-04-16,7465.61,credit,NEFT/SALES PAYMENT
E001,CURR001,msme,2023-04-16,9369.46,credit,NEFT/SALES BULK ORDER
E001,CURR001,msme,2023-04-16,11504.36,debit,TDS PAYMENT
E001,CURR001,msme,2023-04-16,14229.93,debit,UPI/VENDOR PAY
E001,CURR001,msme,2023-04-16,7792.17,debit,NEFT/SUPPLIER PAY
E001,CURR001,msme,2023-04-17,1829.21,credit,UPI/GPAY CUSTOMER
E001,CURR001,msme,2023-04-17,16177.79,credit,IMPS/CUSTOMER PAY
E001,CURR001,msme,2023-04-17,6126.93,credit,RTGS/INVOICE 1234
E001,CURR001,msme,2023-04-17,2861.79,debit,TDS PAYMENT
E001,CURR001,msme,2023-04-17,2401.71,debit,NEFT/SUPPLIER PAY
E001,CURR001,msme,2023-04-18,5103.14,credit,IMPS/CUSTOMER PAY
E001,CURR001,msme,2023-04-18,11685.43,credit,UPI/GPAY CUSTOMER
E001,CURR001,msme,2023-04-18,5971.44,credit,RTGS/INVOICE 1234
E001,CURR001,msme,2023-04-18,3211.59,credit,RTGS/INVOICE 1234
E001,CURR001,msme,2023-04-18,9383.34,debit,RENT/OFFICE
E001,CURR001,msme,2023-04-18,6125.01,debit,ELECTRICITY BILL
E001,CURR001,msme,2023-04-19,35259.16,credit,UPI/GPAY CUSTOMER
E001,CURR001,msme,2023-04-19,9175.02,credit,UPI/GPAY CUSTOMER
E001,CURR001,msme,2023-04-19,1867.74,credit,NEFT/SALES PAYMENT
E001,CURR001,msme,2023-04-19,19800.59,credit,UPI/GPAY CUSTOMER
E001,CURR001,msme,2023-04-19,5599.83,debit,ELECTRICITY BILL
E001,CURR001,msme,2023-04-19,5087.37,debit,TDS PAYMENT
E001,CURR001,msme,2023-04-19,8418.51,debit,UPI/VENDOR PAY
E001,CURR001,msme,2023-04-20,12888.35,credit,NEFT/SALES PAYMENT
E001,CURR001,msme,2023-04-20,12516.03,credit,NEFT/SALES BULK ORDER
E001,CURR001,msme,2023-04-20,2197.07,debit,UPI/VENDOR PAY
E001,CURR001,msme,2023-04-20,6264.45,debit,RENT/OFFICE
E001,CURR001,msme,2023-04-20,6268.5,debit,RENT/OFFICE
E001,CURR001,msme,2023-04-21,8685.05,credit,UPI/CUSTOMER PAY
E001,CURR001,msme,2023-04-21,10856.5,credit,IMPS/CUSTOMER PAY
E001,CURR001,msme,2023-04-21,4910.83,credit,UPI/GPAY CUSTOMER
E001,CURR001,msme,2023-04-21,19791.29,credit,NEFT/SALES BULK ORDER
E001,CURR001,msme,2023-04-21,14124.04,debit,UPI/VENDOR PAY
E001,CURR001,msme,2023-04-22,9840.93,credit,UPI/CUSTOMER PAY
E001,CURR001,msme,2023-04-22,1531.99,credit,UPI/GPAY CUSTOMER
E001,CURR001,msme,2023-04-22,5337.3,credit,UPI/GPAY CUSTOMER
E001,CURR001,msme,2023-04-22,7008.05,debit,GST PAYMENT
E001,CURR001,msme,2023-04-22,11109.84,debit,UPI/VENDOR PAY
E001,CURR001,msme,2023-04-23,8246.18,credit,IMPS/CUSTOMER PAY
E001,CURR001,msme,2023-04-23,1668.38,credit,NEFT/SALES BULK ORDER
E001,CURR001,msme,2023-04-23,8314.61,debit,ELECTRICITY BILL
E001,CURR001,msme,2023-04-23,9958.99,debit,TDS PAYMENT
E001,CURR001,msme,2023-04-23,2523.23,debit,TDS PAYMENT
E001,CURR001,msme,2023-04-24,1537.25,credit,IMPS/CUSTOMER PAY
E001,CURR001,msme,2023-04-24,6271.44,credit,UPI/CUSTOMER PAY
E001,CURR001,msme,2023-04-24,15527.45,debit,NEFT/SUPPLIER PAY
E001,CURR001,msme,2023-04-24,6326.19,debit,NEFT/SALARY
E001,CURR001,msme,2023-04-25,3143.15,credit,IMPS/CUSTOMER PAY
E001,CURR001,msme,2023-04-25,22144.59,credit,UPI/GPAY CUSTOMER
E001,CURR001,msme,2023-04-25,6160.65,credit,NEFT/SALES PAYMENT
E001,CURR001,msme,2023-04-25,1428.09,debit,UPI/VENDOR PAY
E001,CURR001,msme,2023-04-25,3491.92,debit,NEFT/SALARY
E001,CURR001,msme,2023-04-25,7656.64,debit,UPI/VENDOR PAY
E001,CURR001,msme,2023-04-26,5806.62,credit,UPI/CUSTOMER PAY
E001,CURR001,msme,2023-04-26,19847.48,credit,UPI/CUSTOMER PAY
E001,CURR001,msme,2023-04-26,25814.22,credit,NEFT/SALES PAYMENT
E001,CURR001,msme,2023-04-26,4371.24,debit,ELECTRICITY BILL
E001,CURR001,msme,2023-04-26,11206.86,debit,UPI/VENDOR PAY
E001,CURR001,msme,2023-04-27,6835.86,credit,NEFT/SALES PAYMENT
E001,CURR001,msme,2023-04-27,28758.89,credit,RTGS/INVOICE 1234
E001,CURR001,msme,2023-04-27,2544.14,credit,UPI/CUSTOMER PAY
E001,CURR001,msme,2023-04-27,22746.6,credit,IMPS/CUSTOMER PAY
E001,CURR001,msme,2023-04-27,1991.72,debit,TDS PAYMENT
E001,CURR001,msme,2023-04-28,9642.48,credit,RTGS/INVOICE 1234
E001,CURR001,msme,2023-04-28,6239.79,credit,UPI/CUSTOMER PAY
E001,CURR001,msme,2023-04-28,8062.12,debit,RENT/OFFICE
E001,CURR001,msme,2023-04-28,33659.53,debit,NEFT/SUPPLIER PAY
E001,CURR001,msme,2023-04-29,16151.67,credit,UPI/GPAY CUSTOMER
E001,CURR001,msme,2023-04-29,2609.77,credit,IMPS/CUSTOMER PAY
E001,CURR001,msme,2023-04-29,3121.86,debit,NEFT/SUPPLIER PAY
E001,CURR001,msme,2023-04-29,2759.97,debit,EMI/HDFC LOAN
E001,CURR001,msme,2023-04-29,4356.77,debit,EMI/HDFC LOAN
E001,CURR001,msme,2023-04-30,4069.52,credit,NEFT/SALES PAYMENT
E001,CURR001,msme,2023-04-30,3014.92,credit,IMPS/CUSTOMER PAY
E001,CURR001,msme,2023-04-30,9316.11,credit,UPI/GPAY CUSTOMER
E001,CURR001,msme,2023-04-30,9439.94,debit,NEFT/SALARY
E001,CURR001,msme,2023-04-30,3675.45,debit,UPI/VENDOR PAY
E001,CURR001,msme,2023-04-30,2544.47,debit,NEFT/SALARY
E001,CURR001,msme,2023-05-01,8330.68,credit,UPI/GPAY CUSTOMER
E001,CURR001,msme,2023-05-01,11372.43,credit,UPI/GPAY CUSTOMER
E001,CURR001,msme,2023-05-01,15171.46,credit,UPI/CUSTOMER PAY
E001,CURR001,msme,2023-05-01,2407.18,debit,NEFT/SUPPLIER PAY
E001,CURR001,msme,2023-05-01,5678.56,debit,TDS PAYMENT
E001,CURR001,msme,2023-05-02,17493.59,credit,UPI/GPAY CUSTOMER
E001,CURR001,msme,2023-05-02,6703.54,credit,RTGS/INVOICE 1234
E001,CURR001,msme,2023-05-02,2483.03,debit,TDS PAYMENT
E001,CURR001,msme,2023-05-02,9463.76,debit,UPI/VENDOR PAY
E001,CURR001,msme,2023-05-03,14927.47,credit,NEFT/SALES BULK ORDER
E001,CURR001,msme,2023-05-03,19968.26,credit,UPI/GPAY CUSTOMER
E001,CURR001,msme,2023-05-03,3016.07,credit,NEFT/SALES BULK ORDER
E001,CURR001,msme,2023-05-03,5263.91,credit,UPI/CUSTOMER PAY
E001,CURR001,msme,2023-05-03,4605.06,debit,NEFT/SUPPLIER PAY
E001,CURR001,msme,2023-05-04,6656.15,credit,UPI/GPAY CUSTOMER
E001,CURR001,msme,2023-05-04,20650.92,credit,UPI/GPAY CUSTOMER
E001,CURR001,msme,2023-05-04,4295.14,debit,NEFT/SALARY
E001,CURR001,msme,2023-05-04,7658.43,debit,GST PAYMENT
E001,CURR001,msme,2023-05-04,3014.71,debit,NEFT/SUPPLIER PAY
E001,CURR001,msme,2023-05-05,23131.12,credit,NEFT/SALES PAYMENT
E001,CURR001,msme,2023-05-05,6771.95,credit,NEFT/SALES BULK ORDER
E001,CURR001,msme,2023-05-05,1048.32,credit,NEFT/SALES BULK ORDER
E001,CURR001,msme,2023-05-05,9073.85,credit,IMPS/CUSTOMER PAY
E001,CURR001,msme,2023-05-05,2277.8,debit,UPI/VENDOR PAY
E001,CURR001,msme,2023-05-05,13284.5,debit,TDS PAYMENT
E001,CURR001,msme,2023-05-05,2596.88,debit,NEFT/SUPPLIER PAY
E001,CURR001,msme,2023-05-06,3056.51,credit,UPI/GPAY CUSTOMER
E001,CURR001,msme,2023-05-06,13622.69,credit,UPI/GPAY CUSTOMER
E001,CURR001,msme,2023-05-06,8671.89,debit,NEFT/SALARY
E001,CURR001,msme,2023-05-07,3698.47,credit,NEFT/SALES BULK ORDER
E001,CURR001,msme,2023-05-07,3389.78,credit,UPI/CUSTOMER PAY
E001,CURR001,msme,2023-05-07,7287.73,credit,NEFT/SALES BULK ORDER
E001,CURR001,msme,2023-05-07,3786.52,debit,GST PAYMENT
E001,CURR001,msme,2023-05-07,13533.28,debit,RENT/OFFICE
E001,CURR001,msme,2023-05-08,23452.03,credit,RTGS/INVOICE 1234
E001,CURR001,msme,2023-05-08,20268.52,credit,NEFT/SALES BULK ORDER
E001,CURR001,msme,2023-05-08,4350.75,credit,UPI/GPAY CUSTOMER
E001,CURR001,msme,2023-05-08,3764.78,debit,GST PAYMENT
E001,CURR001,msme,2023-05-09,5250.89,credit,NEFT/SALES BULK ORDER
E001,CURR001,msme,2023-05-09,4417.06,credit,NEFT/SALES PAYMENT
E001,CURR001,msme,2023-05-09,3728.56,credit,UPI/CUSTOMER PAY
E001,CURR001,msme,2023-05-09,3212.0,debit,NEFT/SALARY
E001,CURR001,msme,2023-05-10,7260.12,credit,UPI/CUSTOMER PAY
E001,CURR001,msme,2023-05-10,19606.1,credit,NEFT/SALES BULK ORDER
E001,CURR001,msme,2023-05-10,5007.43,credit,NEFT/SALES PAYMENT
E001,CURR001,msme,2023-05-10,5406.17,debit,UPI/VENDOR PAY
E001,CURR001,msme,2023-05-10,784.88,debit,EMI/HDFC LOAN
E001,CURR001,msme,2023-05-10,10396.82,debit,ELECTRICITY BILL
E001,CURR001,msme,2023-05-11,22415.63,credit,RTGS/INVOICE 1234
E001,CURR001,msme,2023-05-11,20483.75,credit,NEFT/SALES PAYMENT
E001,CURR001,msme,2023-05-11,8414.04,credit,NEFT/SALES BULK ORDER
E001,CURR001,msme,2023-05-11,12637.96,credit,UPI/GPAY CUSTOMER
E001,CURR001,msme,2023-05-11,1086.9,debit,NEFT/SALARY
E001,CURR001,msme,2023-05-11,1697.25,debit,GST PAYMENT
E001,CURR001,msme,2023-05-11,779.37,debit,TDS PAYMENT
E001,CURR001,msme,2023-05-12,5367.8,credit,NEFT/SALES PAYMENT
E001,CURR001,msme,2023-05-12,9846.04,credit,UPI/CUSTOMER PAY
E001,CURR001,msme,2023-05-12,4391.17,credit,UPI/GPAY CUSTOMER
E001,CURR001,msme,2023-05-12,7882.36,credit,NEFT/SALES BULK ORDER
E001,CURR001,msme,2023-05-12,3945.7,debit,TDS PAYMENT
E001,CURR001,msme,2023-05-12,6595.27,debit,RENT/OFFICE
E001,CURR001,msme,2023-05-12,2702.13,debit,EMI/HDFC LOAN
E001,CURR001,msme,2023-05-13,2182.51,credit,UPI/GPAY CUSTOMER
E001,CURR001,msme,2023-05-13,5731.78,credit,UPI/CUSTOMER PAY
E001,CURR001,msme,2023-05-13,15291.54,credit,IMPS/CUSTOMER PAY
E001,CURR001,msme,2023-05-13,17693.84,debit,NEFT/SALARY
E001,CURR001,msme,2023-05-13,5315.84,debit,RENT/OFFICE
E001,CURR001,msme,2023-05-14,20197.28,credit,UPI/CUSTOMER PAY
E001,CURR001,msme,2023-05-14,5688.92,credit,UPI/CUSTOMER PAY
E001,CURR001,msme,2023-05-14,5944.99,credit,UPI/CUSTOMER PAY
E001,CURR001,msme,2023-05-14,7199.9,credit,UPI/CUSTOMER PAY
E001,CURR001,msme,2023-05-14,2488.64,debit,RENT/OFFICE
E001,CURR001,msme,2023-05-14,9775.39,debit,TDS PAYMENT
E001,CURR001,msme,2023-05-15,13909.5,credit,RTGS/INVOICE 1234
E001,CURR001,msme,2023-05-15,7287.28,credit,RTGS/INVOICE 1234
E001,CURR001,msme,2023-05-15,4394.28,debit,EMI/HDFC LOAN
E001,CURR001,msme,2023-05-15,9466.86,debit,GST PAYMENT
E001,CURR001,msme,2023-05-16,8533.0,credit,NEFT/SALES PAYMENT
E001,CURR001,msme,2023-05-16,2135.11,credit,NEFT/SALES PAYMENT
E001,CURR001,msme,2023-05-16,7686.0,credit,NEFT/SALES BULK ORDER
E001,CURR001,msme,2023-05-16,14003.9,debit,NEFT/SUPPLIER PAY
E001,CURR001,msme,2023-05-16,4952.34,debit,GST PAYMENT
E001,CURR001,msme,2023-05-16,7278.99,debit,TDS PAYMENT
E001,CURR001,msme,2023-05-17,6313.71,credit,UPI/GPAY CUSTOMER
E001,CURR001,msme,2023-05-17,12217.03,credit,UPI/CUSTOMER PAY
E001,CURR001,msme,2023-05-17,10505.5,credit,RTGS/INVOICE 1234
E001,CURR001,msme,2023-05-17,4499.53,debit,EMI/HDFC LOAN
E001,CURR001,msme,2023-05-18,8852.26,credit,NEFT/SALES PAYMENT
E001,CURR001,msme,2023-05-18,4909.6,credit,RTGS/INVOICE 1234
E001,CURR001,msme,2023-05-18,6945.47,debit,ELECTRICITY BILL
E001,CURR001,msme,2023-05-19,825.76,credit,UPI/CUSTOMER PAY
E001,CURR001,msme,2023-05-19,7131.32,credit,UPI/GPAY CUSTOMER
E001,CURR001,msme,2023-05-19,6641.19,debit,ELECTRICITY BILL
E001,CURR001,msme,2023-05-20,6270.62,credit,UPI/CUSTOMER PAY
E001,CURR001,msme,2023-05-20,8265.21,credit,IMPS/CUSTOMER PAY
E001,CURR001,msme,2023-05-20,6167.95,debit,EMI/HDFC LOAN
E001,CURR001,msme,2023-05-20,1390.33,debit,ELECTRICITY BILL
E001,CURR001,msme,2023-05-20,2157.67,debit,TDS PAYMENT
E001,CURR001,msme,2023-05-21,6196.13,credit,UPI/GPAY CUSTOMER
E001,CURR001,msme,2023-05-21,7622.72,credit,IMPS/CUSTOMER PAY
E001,CURR001,msme,2023-05-21,4432.58,debit,UPI/VENDOR PAY
E001,CURR001,msme,2023-05-22,22681.4,credit,RTGS/INVOICE 1234
E001,CURR001,msme,2023-05-22,4974.16,credit,NEFT/SALES PAYMENT
E001,CURR001,msme,2023-05-22,9338.52,credit,RTGS/INVOICE 1234
E001,CURR001,msme,2023-05-22,1130.13,debit,RENT/OFFICE
E001,CURR001,msme,2023-05-22,3252.16,debit,EMI/HDFC LOAN
E001,CURR001,msme,2023-05-22,8015.1,debit,RENT/OFFICE
E001,CURR001,msme,2023-05-23,5193.06,credit,IMPS/CUSTOMER PAY
E001,CURR001,msme,2023-05-23,5828.27,credit,NEFT/SALES BULK ORDER
E001,CURR001,msme,2023-05-23,6940.23,debit,NEFT/SALARY
E001,CURR001,msme,2023-05-23,4720.82,debit,GST PAYMENT
E001,CURR001,msme,2023-05-24,16083.54,credit,UPI/CUSTOMER PAY
E001,CURR001,msme,2023-05-24,10764.89,credit,NEFT/SALES BULK ORDER
E001,CURR001,msme,2023-05-24,15110.25,credit,UPI/CUSTOMER PAY
E001,CURR001,msme,2023-05-24,4610.63,debit,GST PAYMENT
E001,CURR001,msme,2023-05-24,4609.18,debit,ELECTRICITY BILL
E001,CURR001,msme,2023-05-24,2640.07,debit,EMI/HDFC LOAN
E001,CURR001,msme,2023-05-25,4821.88,credit,RTGS/INVOICE 1234
E001,CURR001,msme,2023-05-25,10954.74,credit,RTGS/INVOICE 1234
E001,CURR001,msme,2023-05-25,15401.86,credit,IMPS/CUSTOMER PAY
E001,CURR001,msme,2023-05-25,82225.02,credit,NEFT/SALES BULK ORDER
E001,CURR001,msme,2023-05-25,4713.2,debit,GST PAYMENT
E001,CURR001,msme,2023-05-25,6943.02,debit,UPI/VENDOR PAY
E001,CURR001,msme,2023-05-25,19256.35,debit,ELECTRICITY BILL
E001,CURR001,msme,2023-05-26,10065.67,credit,IMPS/CUSTOMER PAY
E001,CURR001,msme,2023-05-26,11272.31,credit,NEFT/SALES BULK ORDER
E001,CURR001,msme,2023-05-26,3223.81,debit,RENT/OFFICE
E001,CURR001,msme,2023-05-26,5216.52,debit,UPI/VENDOR PAY
E001,CURR001,msme,2023-05-27,29026.45,credit,IMPS/CUSTOMER PAY
E001,CURR001,msme,2023-05-27,21197.64,credit,IMPS/CUSTOMER PAY
E001,CURR001,msme,2023-05-27,13012.06,credit,NEFT/SALES PAYMENT
E001,CURR001,msme,2023-05-27,3835.65,debit,ELECTRICITY BILL
E001,CURR001,msme,2023-05-27,10181.78,debit,ELECTRICITY BILL
E001,CURR001,msme,2023-05-27,4901.02,debit,RENT/OFFICE
E001,CURR001,msme,2023-05-28,6638.62,credit,RTGS/INVOICE 1234
E001,CURR001,msme,2023-05-28,12171.92,credit,IMPS/CUSTOMER PAY
E001,CURR001,msme,2023-05-28,5743.09,credit,IMPS/CUSTOMER PAY
E001,CURR001,msme,2023-05-28,1473.76,debit,NEFT/SALARY
E001,CURR001,msme,2023-05-28,2913.9,debit,TDS PAYMENT
E001,CURR001,msme,2023-05-29,5150.2,credit,UPI/GPAY CUSTOMER
E001,CURR001,msme,2023-05-29,3307.19,credit,UPI/CUSTOMER PAY
E001,CURR001,msme,2023-05-29,5968.3,credit,NEFT/SALES PAYMENT
E001,CURR001,msme,2023-05-29,3052.31,debit,NEFT/SALARY
E001,CURR001,msme,2023-05-29,15597.23,debit,NEFT/SALARY
E001,CURR001,msme,2023-05-30,4560.63,credit,RTGS/INVOICE 1234
E001,CURR001,msme,2023-05-30,6771.61,credit,NEFT/SALES BULK ORDER
E001,CURR001,msme,2023-05-30,10044.41,debit,RENT/OFFICE
E001,CURR001,msme,2023-05-31,2788.0,credit,NEFT/SALES PAYMENT
E001,CURR001,msme,2023-05-31,4232.69,credit,UPI/GPAY CUSTOMER
E001,CURR001,msme,2023-05-31,8789.81,credit,RTGS/INVOICE 1234
E001,CURR001,msme,2023-05-31,5292.03,debit,EMI/HDFC LOAN
E001,CURR001,msme,2023-05-31,3328.08,debit,EMI/HDFC LOAN
E001,CURR001,msme,2023-06-01,4778.94,credit,UPI/CUSTOMER PAY
E001,CURR001,msme,2023-06-01,7975.27,credit,NEFT/SALES BULK ORDER
E001,CURR001,msme,2023-06-01,4559.26,debit,NEFT/SALARY
E001,CURR001,msme,2023-06-01,2881.99,debit,ELECTRICITY BILL
E001,CURR001,msme,2023-06-01,10151.86,debit,NEFT/SALARY
E001,CURR001,msme,2023-06-02,20176.03,credit,UPI/CUSTOMER PAY
E001,CURR001,msme,2023-06-02,59819.91,credit,NEFT/SALES PAYMENT
E001,CURR001,msme,2023-06-02,2842.08,credit,UPI/GPAY CUSTOMER
E001,CURR001,msme,2023-06-02,1682.5,credit,RTGS/INVOICE 1234
E001,CURR001,msme,2023-06-02,5384.94,debit,TDS PAYMENT
E001,CURR001,msme,2023-06-02,1486.29,debit,ELECTRICITY BILL
E001,CURR001,msme,2023-06-02,5590.89,debit,GST PAYMENT
E001,CURR001,msme,2023-06-03,2910.74,credit,RTGS/INVOICE 1234
E001,CURR001,msme,2023-06-03,1681.19,credit,NEFT/SALES PAYMENT
E001,CURR001,msme,2023-06-03,7583.36,credit,NEFT/SALES BULK ORDER
E001,CURR001,msme,2023-06-03,4656.38,debit,GST PAYMENT
E001,CURR001,msme,2023-06-04,4851.96,credit,NEFT/SALES PAYMENT
E001,CURR001,msme,2023-06-04,3019.91,credit,RTGS/INVOICE 1234
E001,CURR001,msme,2023-06-04,7102.54,credit,IMPS/CUSTOMER PAY
E001,CURR001,msme,2023-06-04,13623.4,credit,IMPS/CUSTOMER PAY
E001,CURR001,msme,2023-06-04,7385.29,debit,ELECTRICITY BILL
E001,CURR001,msme,2023-06-05,10110.0,credit,NEFT/SALES BULK ORDER
E001,CURR001,msme,2023-06-05,21086.42,credit,NEFT/SALES PAYMENT
E001,CURR001,msme,2023-06-05,3202.1,debit,UPI/VENDOR PAY
E001,CURR001,msme,2023-06-05,8346.21,debit,TDS PAYMENT
E001,CURR001,msme,2023-06-06,7332.09,credit,UPI/CUSTOMER PAY
E001,CURR001,msme,2023-06-06,4255.78,credit,UPI/CUSTOMER PAY
E001,CURR001,msme,2023-06-06,6471.71,credit,IMPS/CUSTOMER PAY
E001,CURR001,msme,2023-06-06,4278.48,debit,UPI/VENDOR PAY
E001,CURR001,msme,2023-06-06,5193.4,debit,EMI/HDFC LOAN
E001,CURR001,msme,2023-06-06,10277.83,debit,NEFT/SUPPLIER PAY
E001,CURR001,msme,2023-06-07,7285.07,credit,UPI/GPAY CUSTOMER
E001,CURR001,msme,2023-06-07,15984.29,credit,NEFT/SALES BULK ORDER
E001,CURR001,msme,2023-06-07,4752.95,credit,UPI/CUSTOMER PAY
E001,CURR001,msme,2023-06-07,9493.22,credit,UPI/GPAY CUSTOMER
E001,CURR001,msme,2023-06-07,4013.99,debit,ELECTRICITY BILL
E001,CURR001,msme,2023-06-07,1757.75,debit,RENT/OFFICE
E001,CURR001,msme,2023-06-07,3972.28,debit,GST PAYMENT
E001,CURR001,msme,2023-06-08,3688.66,credit,UPI/GPAY CUSTOMER
E001,CURR001,msme,2023-06-08,12233.18,credit,RTGS/INVOICE 1234
E001,CURR001,msme,2023-06-08,15614.27,credit,NEFT/SALES PAYMENT
E001,CURR001,msme,2023-06-08,4205.0,debit,ELECTRICITY BILL
E001,CURR001,msme,2023-06-09,9836.37,credit,RTGS/INVOICE 1234
E001,CURR001,msme,2023-06-09,11788.27,credit,RTGS/INVOICE 1234
E001,CURR001,msme,2023-06-09,23230.86,credit,NEFT/SALES PAYMENT
E001,CURR001,msme,2023-06-09,10467.59,debit,RENT/OFFICE
E001,CURR001,msme,2023-06-09,9508.6,debit,ELECTRICITY BILL
E001,CURR001,msme,2023-06-10,10077.45,credit,RTGS/INVOICE 1234
E001,CURR001,msme,2023-06-10,4954.63,credit,NEFT/SALES PAYMENT
E001,CURR001,msme,2023-06-10,86724.07,credit,NEFT/SALES BULK ORDER
E001,CURR001,msme,2023-06-10,19158.96,credit,NEFT/SALES PAYMENT
E001,CURR001,msme,2023-06-10,7096.55,debit,ELECTRICITY BILL
E001,CURR001,msme,2023-06-11,26804.66,credit,UPI/CUSTOMER PAY
E001,CURR001,msme,2023-06-11,12490.54,credit,UPI/CUSTOMER PAY
E001,CURR001,msme,2023-06-11,16332.88,credit,UPI/GPAY CUSTOMER
E001,CURR001,msme,2023-06-11,7386.76,credit,IMPS/CUSTOMER PAY
E001,CURR001,msme,2023-06-11,10913.21,debit,ELECTRICITY BILL
E001,CURR001,msme,2023-06-12,4649.64,credit,UPI/GPAY CUSTOMER
E001,CURR001,msme,2023-06-12,2383.04,credit,NEFT/SALES PAYMENT
E001,CURR001,msme,2023-06-12,13518.41,credit,RTGS/INVOICE 1234
E001,CURR001,msme,2023-06-12,4125.57,debit,RENT/OFFICE
E001,CURR001,msme,2023-06-12,12820.37,debit,RENT/OFFICE
E001,CURR001,msme,2023-06-13,3398.73,credit,IMPS/CUSTOMER PAY
E001,CURR001,msme,2023-06-13,6176.45,credit,UPI/GPAY CUSTOMER
E001,CURR001,msme,2023-06-13,7198.65,credit,IMPS/CUSTOMER PAY
E001,CURR001,msme,2023-06-13,3923.0,debit,RENT/OFFICE
E001,CURR001,msme,2023-06-13,5303.71,debit,NEFT/SALARY
E001,CURR001,msme,2023-06-13,1412.6,debit,RENT/OFFICE
E001,CURR001,msme,2023-06-14,1360.52,credit,IMPS/CUSTOMER PAY
E001,CURR001,msme,2023-06-14,8152.46,credit,IMPS/CUSTOMER PAY
E001,CURR001,msme,2023-06-14,32309.09,credit,RTGS/INVOICE 1234
E001,CURR001,msme,2023-06-14,6109.5,debit,NEFT/SUPPLIER PAY
E001,CURR001,msme,2023-06-14,1627.71,debit,TDS PAYMENT
E001,CURR001,msme,2023-06-15,14413.77,credit,UPI/GPAY CUSTOMER
E001,CURR001,msme,2023-06-15,2751.8,credit,NEFT/SALES BULK ORDER
E001,CURR001,msme,2023-06-15,15327.25,debit,RENT/OFFICE
E001,CURR001,msme,2023-06-15,12235.08,debit,NEFT/SUPPLIER PAY
E001,CURR001,msme,2023-06-16,9512.49,credit,UPI/GPAY CUSTOMER
E001,CURR001,msme,2023-06-16,6277.1,credit,IMPS/CUSTOMER PAY
E001,CURR001,msme,2023-06-16,10990.32,debit,NEFT/SUPPLIER PAY
E001,CURR001,msme,2023-06-17,10272.87,credit,NEFT/SALES BULK ORDER
E001,CURR001,msme,2023-06-17,7096.05,credit,UPI/GPAY CUSTOMER
E001,CURR001,msme,2023-06-17,6806.26,credit,NEFT/SALES PAYMENT
E001,CURR001,msme,2023-06-17,10575.23,debit,NEFT/SUPPLIER PAY
E001,CURR001,msme,2023-06-18,2065.39,credit,UPI/CUSTOMER PAY
E001,CURR001,msme,2023-06-18,2197.29,credit,NEFT/SALES BULK ORDER
E001,CURR001,msme,2023-06-18,3705.48,debit,RENT/OFFICE
E001,CURR001,msme,2023-06-18,2344.49,debit,GST PAYMENT
E001,CURR001,msme,2023-06-18,7638.73,debit,EMI/HDFC LOAN
E001,CURR001,msme,2023-06-19,3370.71,credit,NEFT/SALES PAYMENT
E001,CURR001,msme,2023-06-19,19451.13,credit,UPI/GPAY CUSTOMER
E001,CURR001,msme,2023-06-19,4655.66,credit,UPI/CUSTOMER PAY
E001,CURR001,msme,2023-06-19,9480.87,credit,NEFT/SALES BULK ORDER
E001,CURR001,msme,2023-06-19,18161.46,debit,UPI/VENDOR PAY
E001,CURR001,msme,2023-06-20,21907.57,credit,UPI/CUSTOMER PAY
E001,CURR001,msme,2023-06-20,19033.08,credit,IMPS/CUSTOMER PAY
E001,CURR001,msme,2023-06-20,12619.01,credit,UPI/GPAY CUSTOMER
E001,CURR001,msme,2023-06-20,4588.44,debit,EMI/HDFC LOAN
E001,CURR001,msme,2023-06-20,5736.71,debit,EMI/HDFC LOAN
E001,CURR001,msme,2023-06-20,3522.41,debit,RENT/OFFICE
E001,CURR001,msme,2023-06-21,7666.06,credit,NEFT/SALES PAYMENT
E001,CURR001,msme,2023-06-21,12288.15,credit,RTGS/INVOICE 1234
E001,CURR001,msme,2023-06-21,4211.85,credit,IMPS/CUSTOMER PAY
E001,CURR001,msme,2023-06-21,6597.79,debit,GST PAYMENT
E001,CURR001,msme,2023-06-22,5103.41,credit,NEFT/SALES PAYMENT
E001,CURR001,msme,2023-06-22,11633.49,credit,NEFT/SALES PAYMENT
E001,CURR001,msme,2023-06-22,6465.59,credit,UPI/CUSTOMER PAY
E001,CURR001,msme,2023-06-22,26199.58,credit,RTGS/INVOICE 1234
E001,CURR001,msme,2023-06-22,7168.82,debit,RENT/OFFICE
E001,CURR001,msme,2023-06-22,5769.86,debit,UPI/VENDOR PAY
E001,CURR001,msme,2023-06-22,4763.21,debit,UPI/VENDOR PAY
E001,CURR001,msme,2023-06-23,7137.1,credit,NEFT/SALES BULK ORDER
E001,CURR001,msme,2023-06-23,22068.22,credit,NEFT/SALES PAYMENT
E001,CURR001,msme,2023-06-23,14078.13,credit,NEFT/SALES BULK ORDER
E001,CURR001,msme,2023-06-23,10021.56,credit,NEFT/SALES BULK ORDER
E001,CURR001,msme,2023-06-23,2467.4,debit,RENT/OFFICE
E001,CURR001,msme,2023-06-23,7400.09,debit,EMI/HDFC LOAN
E001,CURR001,msme,2023-06-24,5122.14,credit,NEFT/SALES PAYMENT
E001,CURR001,msme,2023-06-24,6495.13,credit,NEFT/SALES PAYMENT
E001,CURR001,msme,2023-06-24,55204.45,credit,UPI/GPAY CUSTOMER
E001,CURR001,msme,2023-06-24,68822.3,credit,RTGS/INVOICE 1234
E001,CURR001,msme,2023-06-24,16001.1,debit,RENT/OFFICE
E001,CURR001,msme,2023-06-24,3863.57,debit,RENT/OFFICE
E001,CURR001,msme,2023-06-25,2928.03,credit,NEFT/SALES BULK ORDER
E001,CURR001,msme,2023-06-25,4893.02,credit,NEFT/SALES BULK ORDER
E001,CURR001,msme,2023-06-25,4094.75,debit,GST PAYMENT
E001,CURR001,msme,2023-06-25,2065.25,debit,ELECTRICITY BILL
E001,CURR001,msme,2023-06-25,4190.85,debit,EMI/HDFC LOAN
E001,CURR001,msme,2023-06-26,3394.31,credit,UPI/CUSTOMER PAY
E001,CURR001,msme,2023-06-26,19387.58,credit,RTGS/INVOICE 1234
E001,CURR001,msme,2023-06-26,11383.42,debit,NEFT/SALARY
E001,CURR001,msme,2023-06-27,3385.59,credit,NEFT/SALES BULK ORDER
E001,CURR001,msme,2023-06-27,15297.44,credit,UPI/CUSTOMER PAY
E001,CURR001,msme,2023-06-27,9636.82,credit,UPI/GPAY CUSTOMER
E001,CURR001,msme,2023-06-27,3974.5,debit,NEFT/SUPPLIER PAY
E001,CURR001,msme,2023-06-27,3202.89,debit,TDS PAYMENT
E001,CURR001,msme,2023-06-28,773.61,credit,NEFT/SALES BULK ORDER
E001,CURR001,msme,2023-06-28,19059.39,credit,UPI/CUSTOMER PAY
E001,CURR001,msme,2023-06-28,4364.46,credit,UPI/CUSTOMER PAY
E001,CURR001,msme,2023-06-28,13490.42,credit,NEFT/SALES BULK ORDER
E001,CURR001,msme,2023-06-28,1926.11,debit,EMI/HDFC LOAN
E001,CURR001,msme,2023-06-28,3591.68,debit,TDS PAYMENT
E001,CURR001,msme,2023-06-29,3627.29,credit,UPI/GPAY CUSTOMER
E001,CURR001,msme,2023-06-29,3184.98,credit,UPI/CUSTOMER PAY
E001,CURR001,msme,2023-06-29,18791.7,credit,NEFT/SALES PAYMENT
E001,CURR001,msme,2023-06-29,3373.3,debit,TDS PAYMENT
E001,CURR001,msme,2023-06-30,13688.66,credit,RTGS/INVOICE 1234
E001,CURR001,msme,2023-06-30,7086.55,credit,IMPS/CUSTOMER PAY
E001,CURR001,msme,2023-06-30,9428.81,credit,UPI/GPAY CUSTOMER
E001,CURR001,msme,2023-06-30,15600.26,credit,NEFT/SALES BULK ORDER
E001,CURR001,msme,2023-06-30,5489.38,debit,NEFT/SUPPLIER PAY
E001,CURR001,msme,2023-06-30,8926.04,debit,GST PAYMENT
E001,CURR001,msme,2023-07-01,3031.02,credit,NEFT/SALES BULK ORDER
E001,CURR001,msme,2023-07-01,13319.55,credit,UPI/GPAY CUSTOMER
E001,CURR001,msme,2023-07-01,12113.02,debit,RENT/OFFICE
E001,CURR001,msme,2023-07-01,3237.36,debit,GST PAYMENT
E001,CURR001,msme,2023-07-01,3986.12,debit,RENT/OFFICE
E001,CURR001,msme,2023-07-02,4795.29,credit,NEFT/SALES PAYMENT
E001,CURR001,msme,2023-07-02,4232.95,credit,UPI/CUSTOMER PAY
E001,CURR001,msme,2023-07-02,2519.42,credit,NEFT/SALES BULK ORDER
E001,CURR001,msme,2023-07-02,1902.34,credit,NEFT/SALES PAYMENT
E001,CURR001,msme,2023-07-02,3306.1,debit,RENT/OFFICE
E001,CURR001,msme,2023-07-02,8796.7,debit,TDS PAYMENT
E001,CURR001,msme,2023-07-02,8167.11,debit,UPI/VENDOR PAY
E001,CURR001,msme,2023-07-03,9039.3,credit,IMPS/CUSTOMER PAY
E001,CURR001,msme,2023-07-03,4509.66,credit,UPI/CUSTOMER PAY
E001,CURR001,msme,2023-07-03,4818.42,debit,ELECTRICITY BILL
E001,CURR001,msme,2023-07-03,12770.04,debit,ELECTRICITY BILL
E001,CURR001,msme,2023-07-03,1872.14,debit,ELECTRICITY BILL
E001,CURR001,msme,2023-07-04,2091.28,credit,RTGS/INVOICE 1234
E001,CURR001,msme,2023-07-04,14137.55,credit,UPI/CUSTOMER PAY
E001,CURR001,msme,2023-07-04,17527.6,credit,IMPS/CUSTOMER PAY
E001,CURR001,msme,2023-07-04,6334.59,debit,GST PAYMENT
E001,CURR001,msme,2023-07-04,9400.68,debit,EMI/HDFC LOAN
E001,CURR001,msme,2023-07-04,5767.9,debit,GST PAYMENT
E001,CURR001,msme,2023-07-05,10598.0,credit,UPI/CUSTOMER PAY
E001,CURR001,msme,2023-07-05,6874.87,credit,UPI/GPAY CUSTOMER
E001,CURR001,msme,2023-07-05,6365.95,credit,NEFT/SALES BULK ORDER
E001,CURR001,msme,2023-07-05,5202.01,debit,RENT/OFFICE
E001,CURR001,msme,2023-07-05,2941.62,debit,ELECTRICITY BILL
E001,CURR001,msme,2023-07-06,4741.73,credit,NEFT/SALES BULK ORDER
E001,CURR001,msme,2023-07-06,16581.31,credit,NEFT/SALES PAYMENT
E001,CURR001,msme,2023-07-06,6003.37,debit,GST PAYMENT
E001,CURR001,msme,2023-07-06,9487.89,debit,NEFT/SALARY
E001,CURR001,msme,2023-07-06,11731.58,debit,ELECTRICITY BILL
E001,CURR001,msme,2023-07-07,3174.89,credit,UPI/CUSTOMER PAY
E001,CURR001,msme,2023-07-07,49968.74,credit,UPI/CUSTOMER PAY
E001,CURR001,msme,2023-07-07,15775.91,credit,NEFT/SALES PAYMENT
E001,CURR001,msme,2023-07-07,15952.81,credit,RTGS/INVOICE 1234
E001,CURR001,msme,2023-07-07,2640.89,debit,ELECTRICITY BILL
E001,CURR001,msme,2023-07-08,15024.49,credit,UPI/CUSTOMER PAY
E001,CURR001,msme,2023-07-08,5474.32,credit,UPI/CUSTOMER PAY
E001,CURR001,msme,2023-07-08,3456.64,credit,NEFT/SALES BULK ORDER
E001,CURR001,msme,2023-07-08,8993.54,credit,UPI/GPAY CUSTOMER
E001,CURR001,msme,2023-07-08,2974.02,debit,ELECTRICITY BILL
E001,CURR001,msme,2023-07-08,6441.19,debit,ELECTRICITY BILL
E001,CURR001,msme,2023-07-09,15838.7,credit,RTGS/INVOICE 1234
E001,CURR001,msme,2023-07-09,6437.02,credit,UPI/CUSTOMER PAY
E001,CURR001,msme,2023-07-09,5384.0,debit,ELECTRICITY BILL
E001,CURR001,msme,2023-07-10,1613.45,credit,IMPS/CUSTOMER PAY
E001,CURR001,msme,2023-07-10,840.62,credit,UPI/CUSTOMER PAY
E001,CURR001,msme,2023-07-10,8569.63,debit,EMI/HDFC LOAN
E001,CURR001,msme,2023-07-11,26198.55,credit,IMPS/CUSTOMER PAY
E001,CURR001,msme,2023-07-11,10153.11,credit,IMPS/CUSTOMER PAY
E001,CURR001,msme,2023-07-11,7057.25,credit,IMPS/CUSTOMER PAY
E001,CURR001,msme,2023-07-11,8403.9,credit,RTGS/INVOICE 1234
E001,CURR001,msme,2023-07-11,7603.66,debit,TDS PAYMENT
E001,CURR001,msme,2023-07-11,4576.53,debit,NEFT/SUPPLIER PAY
E001,CURR001,msme,2023-07-12,17102.79,credit,NEFT/SALES PAYMENT
E001,CURR001,msme,2023-07-12,3911.39,credit,UPI/GPAY CUSTOMER
E001,CURR001,msme,2023-07-12,43725.85,credit,RTGS/INVOICE 1234
E001,CURR001,msme,2023-07-12,3918.89,debit,RENT/OFFICE
E001,CURR001,msme,2023-07-13,3207.57,credit,RTGS/INVOICE 1234
E001,CURR001,msme,2023-07-13,6255.35,credit,RTGS/INVOICE 1234
E001,CURR001,msme,2023-07-13,7595.39,credit,IMPS/CUSTOMER PAY
E001,CURR001,msme,2023-07-13,7759.04,debit,NEFT/SALARY
E001,CURR001,msme,2023-07-13,1568.8,debit,UPI/VENDOR PAY
E001,CURR001,msme,2023-07-13,2037.3,debit,TDS PAYMENT
E001,CURR001,msme,2023-07-14,14549.05,credit,NEFT/SALES PAYMENT
E001,CURR001,msme,2023-07-14,18509.61,credit,UPI/CUSTOMER PAY
E001,CURR001,msme,2023-07-14,14687.18,debit,EMI/HDFC LOAN
E001,CURR001,msme,2023-07-15,7670.82,credit,RTGS/INVOICE 1234
E001,CURR001,msme,2023-07-15,6124.84,credit,IMPS/CUSTOMER PAY
E001,CURR001,msme,2023-07-15,16614.56,credit,IMPS/CUSTOMER PAY
E001,CURR001,msme,2023-07-15,10841.69,debit,NEFT/SALARY
E001,CURR001,msme,2023-07-16,6883.91,credit,NEFT/SALES PAYMENT
E001,CURR001,msme,2023-07-16,13598.01,credit,RTGS/INVOICE 1234
E001,CURR001,msme,2023-07-16,17344.75,credit,UPI/CUSTOMER PAY
E001,CURR001,msme,2023-07-16,7106.95,debit,NEFT/SALARY
E001,CURR001,msme,2023-07-17,12187.01,credit,NEFT/SALES PAYMENT
E001,CURR001,msme,2023-07-17,22427.79,credit,UPI/GPAY CUSTOMER
E001,CURR001,msme,2023-07-17,2448.4,credit,NEFT/SALES PAYMENT
E001,CURR001,msme,2023-07-17,9620.08,debit,ELECTRICITY BILL
E001,CURR001,msme,2023-07-17,4654.98,debit,ELECTRICITY BILL
E001,CURR001,msme,2023-07-18,8597.47,credit,NEFT/SALES PAYMENT
E001,CURR001,msme,2023-07-18,4980.67,credit,IMPS/CUSTOMER PAY
E001,CURR001,msme,2023-07-18,7441.08,debit,TDS PAYMENT
E001,CURR001,msme,2023-07-18,5953.29,debit,UPI/VENDOR PAY
E001,CURR001,msme,2023-07-18,1995.52,debit,NEFT/SUPPLIER PAY
E001,CURR001,msme,2023-07-19,36260.47,credit,UPI/GPAY CUSTOMER
E001,CURR001,msme,2023-07-19,17720.15,credit,RTGS/INVOICE 1234
E001,CURR001,msme,2023-07-19,14447.28,credit,UPI/GPAY CUSTOMER
E001,CURR001,msme,2023-07-19,8861.22,credit,UPI/GPAY CUSTOMER
E001,CURR001,msme,2023-07-19,5005.75,debit,RENT/OFFICE
E001,CURR001,msme,2023-07-19,3973.91,debit,GST PAYMENT
E001,CURR001,msme,2023-07-20,12429.72,credit,NEFT/SALES PAYMENT
E001,CURR001,msme,2023-07-20,18278.05,credit,UPI/CUSTOMER PAY
E001,CURR001,msme,2023-07-20,4542.91,credit,NEFT/SALES PAYMENT
E001,CURR001,msme,2023-07-20,13769.7,credit,NEFT/SALES PAYMENT
E001,CURR001,msme,2023-07-20,2363.07,debit,RENT/OFFICE
E001,CURR001,msme,2023-07-20,6845.76,debit,NEFT/SALARY
E001,CURR001,msme,2023-07-20,2301.12,debit,NEFT/SALARY
E001,CURR001,msme,2023-07-21,10787.88,credit,NEFT/SALES BULK ORDER
E001,CURR001,msme,2023-07-21,11845.54,credit,UPI/GPAY CUSTOMER
E001,CURR001,msme,2023-07-21,26205.65,credit,NEFT/SALES PAYMENT
E001,CURR001,msme,2023-07-21,12272.26,credit,UPI/GPAY CUSTOMER
E001,CURR001,msme,2023-07-21,6953.94,debit,RENT/OFFICE
E001,CURR001,msme,2023-07-21,15108.87,debit,NEFT/SUPPLIER PAY
E001,CURR001,msme,2023-07-21,4025.62,debit,NEFT/SUPPLIER PAY
E001,CURR001,msme,2023-07-22,18323.86,credit,NEFT/SALES BULK ORDER
E001,CURR001,msme,2023-07-22,12562.05,credit,NEFT/SALES BULK ORDER
E001,CURR001,msme,2023-07-22,7316.28,credit,NEFT/SALES BULK ORDER
E001,CURR001,msme,2023-07-22,5198.76,debit,NEFT/SUPPLIER PAY
E001,CURR001,msme,2023-07-23,8305.26,credit,NEFT/SALES BULK ORDER
E001,CURR001,msme,2023-07-23,7312.36,credit,RTGS/INVOICE 1234
E001,CURR001,msme,2023-07-23,10217.52,credit,NEFT/SALES PAYMENT
E001,CURR001,msme,2023-07-23,7445.79,debit,RENT/OFFICE
E001,CURR001,msme,2023-07-23,8491.51,debit,NEFT/SUPPLIER PAY
E001,CURR001,msme,2023-07-23,2498.71,debit,UPI/VENDOR PAY
E001,CURR001,msme,2023-07-24,2846.7,credit,UPI/GPAY CUSTOMER
E001,CURR001,msme,2023-07-24,1874.99,credit,NEFT/SALES BULK ORDER
E001,CURR001,msme,2023-07-24,2147.07,debit,UPI/VENDOR PAY
E001,CURR001,msme,2023-07-24,4117.76,debit,RENT/OFFICE
E001,CURR001,msme,2023-07-24,3703.48,debit,EMI/HDFC LOAN
E001,CURR001,msme,2023-07-25,10020.32,credit,NEFT/SALES PAYMENT
E001,CURR001,msme,2023-07-25,7396.68,credit,RTGS/INVOICE 1234
E001,CURR001,msme,2023-07-25,1869.25,debit,UPI/VENDOR PAY
E001,CURR001,msme,2023-07-26,58916.78,credit,UPI/GPAY CUSTOMER
E001,CURR001,msme,2023-07-26,16122.73,credit,UPI/GPAY CUSTOMER
E001,CURR001,msme,2023-07-26,5143.84,credit,NEFT/SALES PAYMENT
E001,CURR001,msme,2023-07-26,10431.93,debit,NEFT/SUPPLIER PAY
E001,CURR001,msme,2023-07-26,1504.97,debit,RENT/OFFICE
E001,CURR001,msme,2023-07-26,2477.61,debit,TDS PAYMENT
E001,CURR001,msme,2023-07-27,13466.0,credit,NEFT/SALES PAYMENT
E001,CURR001,msme,2023-07-27,54898.64,credit,NEFT/SALES BULK ORDER
E001,CURR001,msme,2023-07-27,2646.12,debit,RENT/OFFICE
E001,CURR001,msme,2023-07-27,3413.81,debit,TDS PAYMENT
E001,CURR001,msme,2023-07-28,13789.12,credit,RTGS/INVOICE 1234
E001,CURR001,msme,2023-07-28,3597.74,credit,UPI/CUSTOMER PAY
E001,CURR001,msme,2023-07-28,5596.52,credit,RTGS/INVOICE 1234
E001,CURR001,msme,2023-07-28,6730.34,credit,NEFT/SALES PAYMENT
E001,CURR001,msme,2023-07-28,4585.07,debit,EMI/HDFC LOAN
E001,CURR001,msme,2023-07-29,10951.24,credit,IMPS/CUSTOMER PAY
E001,CURR001,msme,2023-07-29,28739.97,credit,UPI/CUSTOMER PAY
E001,CURR001,msme,2023-07-29,4103.99,debit,GST PAYMENT
E001,CURR001,msme,2023-07-30,7742.25,credit,IMPS/CUSTOMER PAY
E001,CURR001,msme,2023-07-30,6191.48,credit,NEFT/SALES PAYMENT
E001,CURR001,msme,2023-07-30,1858.99,debit,UPI/VENDOR PAY
E001,CURR001,msme,2023-07-30,6063.48,debit,ELECTRICITY BILL
E001,CURR001,msme,2023-07-30,6094.5,debit,TDS PAYMENT
E001,CURR001,msme,2023-07-31,6646.18,credit,UPI/CUSTOMER PAY
E001,CURR001,msme,2023-07-31,2848.42,credit,UPI/GPAY CUSTOMER
E001,CURR001,msme,2023-07-31,6380.13,credit,UPI/CUSTOMER PAY
E001,CURR001,msme,2023-07-31,9090.95,credit,NEFT/SALES BULK ORDER
E001,CURR001,msme,2023-07-31,1453.47,debit,NEFT/SUPPLIER PAY
E001,CURR001,msme,2023-07-31,5734.93,debit,NEFT/SALARY
E001,CURR001,msme,2023-08-01,3651.83,credit,RTGS/INVOICE 1234
E001,CURR001,msme,2023-08-01,8669.83,credit,UPI/CUSTOMER PAY
E001,CURR001,msme,2023-08-01,8592.08,debit,UPI/VENDOR PAY
E001,CURR001,msme,2023-08-02,16236.52,credit,RTGS/INVOICE 1234
E001,CURR001,msme,2023-08-02,3136.71,credit,IMPS/CUSTOMER PAY
E001,CURR001,msme,2023-08-02,4097.03,debit,NEFT/SALARY
E001,CURR001,msme,2023-08-03,4042.25,credit,NEFT/SALES PAYMENT
E001,CURR001,msme,2023-08-03,8437.4,credit,RTGS/INVOICE 1234
E001,CURR001,msme,2023-08-03,26684.61,credit,NEFT/SALES BULK ORDER
E001,CURR001,msme,2023-08-03,32742.87,credit,UPI/GPAY CUSTOMER
E001,CURR001,msme,2023-08-03,9366.76,debit,RENT/OFFICE
E001,CURR001,msme,2023-08-03,2794.86,debit,UPI/VENDOR PAY
E001,CURR001,msme,2023-08-03,5182.21,debit,GST PAYMENT
E001,CURR001,msme,2023-08-04,24775.94,credit,IMPS/CUSTOMER PAY
E001,CURR001,msme,2023-08-04,17597.38,credit,RTGS/INVOICE 1234
E001,CURR001,msme,2023-08-04,7150.3,credit,UPI/CUSTOMER PAY
E001,CURR001,msme,2023-08-04,24905.11,credit,RTGS/INVOICE 1234
E001,CURR001,msme,2023-08-04,6154.65,debit,TDS PAYMENT
E001,CURR001,msme,2023-08-05,5525.72,credit,IMPS/CUSTOMER PAY
E001,CURR001,msme,2023-08-05,52596.72,credit,RTGS/INVOICE 1234
E001,CURR001,msme,2023-08-05,6709.13,credit,RTGS/INVOICE 1234
E001,CURR001,msme,2023-08-05,2487.62,debit,ELECTRICITY BILL
E001,CURR001,msme,2023-08-05,7044.04,debit,TDS PAYMENT
E001,CURR001,msme,2023-08-05,20216.45,debit,EMI/HDFC LOAN
E001,CURR001,msme,2023-08-06,8502.2,credit,UPI/CUSTOMER PAY
E001,CURR001,msme,2023-08-06,4713.79,credit,IMPS/CUSTOMER PAY
E001,CURR001,msme,2023-08-06,6574.05,debit,GST PAYMENT
E001,CURR001,msme,2023-08-07,12571.37,credit,NEFT/SALES BULK ORDER
E001,CURR001,msme,2023-08-07,10506.52,credit,IMPS/CUSTOMER PAY
E001,CURR001,msme,2023-08-07,2618.92,credit,RTGS/INVOICE 1234
E001,CURR001,msme,2023-08-07,4158.32,debit,RENT/OFFICE
E001,CURR001,msme,2023-08-08,5983.85,credit,NEFT/SALES PAYMENT
E001,CURR001,msme,2023-08-08,1816.5,credit,NEFT/SALES PAYMENT
E001,CURR001,msme,2023-08-08,8397.47,credit,IMPS/CUSTOMER PAY
E001,CURR001,msme,2023-08-08,11848.49,debit,NEFT/SALARY
E001,CURR001,msme,2023-08-08,5592.5,debit,UPI/VENDOR PAY
E001,CURR001,msme,2023-08-09,17812.3,credit,UPI/GPAY CUSTOMER
E001,CURR001,msme,2023-08-09,6297.06,credit,NEFT/SALES BULK ORDER
E001,CURR001,msme,2023-08-09,6697.42,credit,IMPS/CUSTOMER PAY
E001,CURR001,msme,2023-08-09,7397.46,debit,NEFT/SALARY
E001,CURR001,msme,2023-08-09,7553.05,debit,NEFT/SUPPLIER PAY
E001,CURR001,msme,2023-08-10,5918.33,credit,IMPS/CUSTOMER PAY
E001,CURR001,msme,2023-08-10,6717.72,credit,UPI/CUSTOMER PAY
E001,CURR001,msme,2023-08-10,3772.94,credit,UPI/CUSTOMER PAY
E001,CURR001,msme,2023-08-10,6364.76,debit,NEFT/SALARY
E001,CURR001,msme,2023-08-11,14759.84,credit,IMPS/CUSTOMER PAY
E001,CURR001,msme,2023-08-11,7050.42,credit,UPI/CUSTOMER PAY
E001,CURR001,msme,2023-08-11,4197.9,credit,UPI/CUSTOMER PAY
E001,CURR001,msme,2023-08-11,3055.11,credit,NEFT/SALES BULK ORDER
E001,CURR001,msme,2023-08-11,6211.28,debit,GST PAYMENT
E001,CURR001,msme,2023-08-11,7885.44,debit,NEFT/SALARY
E001,CURR001,msme,2023-08-12,6379.19,credit,UPI/CUSTOMER PAY
E001,CURR001,msme,2023-08-12,5391.97,credit,NEFT/SALES PAYMENT
E001,CURR001,msme,2023-08-12,7716.86,debit,GST PAYMENT
E001,CURR001,msme,2023-08-13,17027.7,credit,IMPS/CUSTOMER PAY
E001,CURR001,msme,2023-08-13,5465.55,credit,UPI/GPAY CUSTOMER
E001,CURR001,msme,2023-08-13,7295.49,credit,UPI/CUSTOMER PAY
E001,CURR001,msme,2023-08-13,8425.27,credit,IMPS/CUSTOMER PAY
E001,CURR001,msme,2023-08-13,1036.07,debit,NEFT/SALARY
E001,CURR001,msme,2023-08-14,10510.56,credit,RTGS/INVOICE 1234
E001,CURR001,msme,2023-08-14,7600.38,credit,NEFT/SALES BULK ORDER
E001,CURR001,msme,2023-08-14,16521.5,credit,UPI/GPAY CUSTOMER
E001,CURR001,msme,2023-08-14,10858.76,credit,IMPS/CUSTOMER PAY
E001,CURR001,msme,2023-08-14,15750.27,debit,NEFT/SUPPLIER PAY
E001,CURR001,msme,2023-08-14,6085.54,debit,NEFT/SALARY
E001,CURR001,msme,2023-08-15,5783.51,credit,NEFT/SALES PAYMENT
E001,CURR001,msme,2023-08-15,5670.26,credit,NEFT/SALES BULK ORDER
E001,CURR001,msme,2023-08-15,8925.7,credit,RTGS/INVOICE 1234
E001,CURR001,msme,2023-08-15,2675.38,debit,ELECTRICITY BILL
E001,CURR001,msme,2023-08-15,3633.87,debit,GST PAYMENT
E001,CURR001,msme,2023-08-16,7457.34,credit,RTGS/INVOICE 1234
E001,CURR001,msme,2023-08-16,5609.34,credit,UPI/CUSTOMER PAY
E001,CURR001,msme,2023-08-16,7189.48,debit,TDS PAYMENT
E001,CURR001,msme,2023-08-16,1870.86,debit,UPI/VENDOR PAY
E001,CURR001,msme,2023-08-16,5226.23,debit,NEFT/SALARY
E001,CURR001,msme,2023-08-17,14432.89,credit,RTGS/INVOICE 1234
E001,CURR001,msme,2023-08-17,6439.34,credit,IMPS/CUSTOMER PAY
E001,CURR001,msme,2023-08-17,21125.46,credit,UPI/GPAY CUSTOMER
E001,CURR001,msme,2023-08-17,11746.38,debit,UPI/VENDOR PAY
E001,CURR001,msme,2023-08-18,24805.59,credit,IMPS/CUSTOMER PAY
E001,CURR001,msme,2023-08-18,29070.52,credit,NEFT/SALES BULK ORDER
E001,CURR001,msme,2023-08-18,24554.04,credit,RTGS/INVOICE 1234
E001,CURR001,msme,2023-08-18,5605.71,debit,NEFT/SALARY
E001,CURR001,msme,2023-08-19,3307.7,credit,NEFT/SALES PAYMENT
E001,CURR001,msme,2023-08-19,7052.21,credit,IMPS/CUSTOMER PAY
E001,CURR001,msme,2023-08-19,4125.42,debit,ELECTRICITY BILL
E001,CURR001,msme,2023-08-20,5317.51,credit,UPI/CUSTOMER PAY
E001,CURR001,msme,2023-08-20,7341.69,credit,NEFT/SALES BULK ORDER
E001,CURR001,msme,2023-08-20,10375.87,credit,UPI/CUSTOMER PAY
E001,CURR001,msme,2023-08-20,6239.95,credit,IMPS/CUSTOMER PAY
E001,CURR001,msme,2023-08-20,8793.64,debit,TDS PAYMENT
E001,CURR001,msme,2023-08-20,5081.36,debit,TDS PAYMENT
E001,CURR001,msme,2023-08-21,7052.25,credit,IMPS/CUSTOMER PAY
E001,CURR001,msme,2023-08-21,6218.73,credit,UPI/CUSTOMER PAY
E001,CURR001,msme,2023-08-21,8120.35,credit,NEFT/SALES BULK ORDER
E001,CURR001,msme,2023-08-21,6455.73,debit,GST PAYMENT
E001,CURR001,msme,2023-08-21,1038.68,debit,TDS PAYMENT
E001,CURR001,msme,2023-08-21,2569.52,debit,GST PAYMENT
E001,CURR001,msme,2023-08-22,3758.96,credit,UPI/GPAY CUSTOMER
E001,CURR001,msme,2023-08-22,1862.09,credit,UPI/GPAY CUSTOMER
E001,CURR001,msme,2023-08-22,7554.16,debit,TDS PAYMENT
E001,CURR001,msme,2023-08-22,5624.11,debit,EMI/HDFC LOAN
E001,CURR001,msme,2023-08-23,54923.01,credit,IMPS/CUSTOMER PAY
E001,CURR001,msme,2023-08-23,37704.94,credit,NEFT/SALES PAYMENT
E001,CURR001,msme,2023-08-23,3102.79,debit,NEFT/SALARY
E001,CURR001,msme,2023-08-23,3102.11,debit,EMI/HDFC LOAN
E001,CURR001,msme,2023-08-23,4749.17,debit,EMI/HDFC LOAN
E001,CURR001,msme,2023-08-24,2524.76,credit,UPI/GPAY CUSTOMER
E001,CURR001,msme,2023-08-24,4585.58,credit,UPI/CUSTOMER PAY
E001,CURR001,msme,2023-08-24,26172.41,credit,UPI/GPAY CUSTOMER
E001,CURR001,msme,2023-08-24,5528.86,credit,IMPS/CUSTOMER PAY
E001,CURR001,msme,2023-08-24,12594.59,debit,NEFT/SALARY
E001,CURR001,msme,2023-08-24,12152.39,debit,ELECTRICITY BILL
E001,CURR001,msme,2023-08-24,2939.62,debit,TDS PAYMENT
E001,CURR001,msme,2023-08-25,7235.66,credit,RTGS/INVOICE 1234
E001,CURR001,msme,2023-08-25,3441.69,credit,RTGS/INVOICE 1234
E001,CURR001,msme,2023-08-25,9317.92,debit,GST PAYMENT
E001,CURR001,msme,2023-08-25,4018.55,debit,UPI/VENDOR PAY
E001,CURR001,msme,2023-08-25,13955.87,debit,NEFT/SUPPLIER PAY
E001,CURR001,msme,2023-08-26,13812.99,credit,NEFT/SALES BULK ORDER
E001,CURR001,msme,2023-08-26,7707.18,credit,NEFT/SALES PAYMENT
E001,CURR001,msme,2023-08-26,22495.37,debit,UPI/VENDOR PAY
E001,CURR001,msme,2023-08-27,14167.57,credit,NEFT/SALES PAYMENT
E001,CURR001,msme,2023-08-27,12002.29,credit,NEFT/SALES PAYMENT
E001,CURR001,msme,2023-08-27,17870.8,credit,IMPS/CUSTOMER PAY
E001,CURR001,msme,2023-08-27,14542.06,credit,UPI/CUSTOMER PAY
E001,CURR001,msme,2023-08-27,7164.58,debit,TDS PAYMENT
E001,CURR001,msme,2023-08-27,8111.3,debit,EMI/HDFC LOAN
E001,CURR001,msme,2023-08-27,26266.6,debit,NEFT/SALARY
E001,CURR001,msme,2023-08-28,10383.52,credit,RTGS/INVOICE 1234
E001,CURR001,msme,2023-08-28,12301.5,credit,IMPS/CUSTOMER PAY
E001,CURR001,msme,2023-08-28,4027.75,credit,UPI/CUSTOMER PAY
E001,CURR001,msme,2023-08-28,17503.29,credit,IMPS/CUSTOMER PAY
E001,CURR001,msme,2023-08-28,12272.24,debit,EMI/HDFC LOAN
E001,CURR001,msme,2023-08-28,8945.28,debit,TDS PAYMENT
E001,CURR001,msme,2023-08-29,1541.35,credit,NEFT/SALES BULK ORDER
E001,CURR001,msme,2023-08-29,7961.5,credit,UPI/CUSTOMER PAY
E001,CURR001,msme,2023-08-29,8187.34,debit,RENT/OFFICE
E001,CURR001,msme,2023-08-30,10731.43,credit,NEFT/SALES BULK ORDER
E001,CURR001,msme,2023-08-30,8815.54,credit,IMPS/CUSTOMER PAY
E001,CURR001,msme,2023-08-30,10320.49,credit,IMPS/CUSTOMER PAY
E001,CURR001,msme,2023-08-30,10190.67,debit,ELECTRICITY BILL
E001,CURR001,msme,2023-08-31,4128.47,credit,NEFT/SALES PAYMENT
E001,CURR001,msme,2023-08-31,5988.89,credit,NEFT/SALES BULK ORDER
E001,CURR001,msme,2023-08-31,4451.89,credit,NEFT/SALES PAYMENT
E001,CURR001,msme,2023-08-31,15678.02,credit,IMPS/CUSTOMER PAY
E001,CURR001,msme,2023-08-31,7761.45,debit,GST PAYMENT
E001,CURR001,msme,2023-08-31,3025.99,debit,TDS PAYMENT
E001,CURR001,msme,2023-09-01,7757.63,credit,NEFT/SALES PAYMENT
E001,CURR001,msme,2023-09-01,4368.03,credit,UPI/CUSTOMER PAY
E001,CURR001,msme,2023-09-01,16508.54,credit,NEFT/SALES BULK ORDER
E001,CURR001,msme,2023-09-01,2623.12,debit,EMI/HDFC LOAN
E001,CURR001,msme,2023-09-01,8908.04,debit,GST PAYMENT
E001,CURR001,msme,2023-09-02,10588.79,credit,UPI/GPAY CUSTOMER
E001,CURR001,msme,2023-09-02,26435.35,credit,NEFT/SALES PAYMENT
E001,CURR001,msme,2023-09-02,5214.13,debit,TDS PAYMENT
E001,CURR001,msme,2023-09-02,2325.11,debit,TDS PAYMENT
E001,CURR001,msme,2023-09-03,3356.47,credit,UPI/GPAY CUSTOMER
E001,CURR001,msme,2023-09-03,12809.75,credit,UPI/CUSTOMER PAY
E001,CURR001,msme,2023-09-03,2063.61,credit,NEFT/SALES BULK ORDER
E001,CURR001,msme,2023-09-03,5189.53,credit,UPI/CUSTOMER PAY
E001,CURR001,msme,2023-09-03,7622.57,debit,ELECTRICITY BILL
E001,CURR001,msme,2023-09-03,4048.34,debit,TDS PAYMENT
E001,CURR001,msme,2023-09-04,3856.85,credit,NEFT/SALES BULK ORDER
E001,CURR001,msme,2023-09-04,14900.84,credit,UPI/CUSTOMER PAY
E001,CURR001,msme,2023-09-04,9158.23,debit,EMI/HDFC LOAN
E001,CURR001,msme,2023-09-05,3303.04,credit,UPI/CUSTOMER PAY
E001,CURR001,msme,2023-09-05,36931.86,credit,UPI/GPAY CUSTOMER
E001,CURR001,msme,2023-09-05,7336.91,credit,NEFT/SALES BULK ORDER
E001,CURR001,msme,2023-09-05,2837.0,credit,NEFT/SALES PAYMENT
E001,CURR001,msme,2023-09-05,2830.28,debit,ELECTRICITY BILL
E001,CURR001,msme,2023-09-05,4073.91,debit,TDS PAYMENT
E001,CURR001,msme,2023-09-05,1749.26,debit,NEFT/SALARY
E001,CURR001,msme,2023-09-06,11161.09,credit,UPI/GPAY CUSTOMER
E001,CURR001,msme,2023-09-06,9521.64,credit,NEFT/SALES PAYMENT
E001,CURR001,msme,2023-09-06,8872.44,debit,NEFT/SALARY
E001,CURR001,msme,2023-09-06,9395.11,debit,UPI/VENDOR PAY
E001,CURR001,msme,2023-09-07,7848.55,credit,UPI/CUSTOMER PAY
E001,CURR001,msme,2023-09-07,2634.92,credit,NEFT/SALES BULK ORDER
E001,CURR001,msme,2023-09-07,15856.82,debit,GST PAYMENT
E001,CURR001,msme,2023-09-07,3253.16,debit,RENT/OFFICE
E001,CURR001,msme,2023-09-07,2938.45,debit,EMI/HDFC LOAN
E001,CURR001,msme,2023-09-08,2153.06,credit,NEFT/SALES BULK ORDER
E001,CURR001,msme,2023-09-08,17456.82,credit,NEFT/SALES PAYMENT
E001,CURR001,msme,2023-09-08,4462.14,debit,ELECTRICITY BILL
E001,CURR001,msme,2023-09-08,7218.43,debit,ELECTRICITY BILL
E001,CURR001,msme,2023-09-08,5015.0,debit,EMI/HDFC LOAN
E001,CURR001,msme,2023-09-09,6509.49,credit,NEFT/SALES BULK ORDER
E001,CURR001,msme,2023-09-09,8011.1,credit,RTGS/INVOICE 1234
E001,CURR001,msme,2023-09-09,12975.27,credit,NEFT/SALES PAYMENT
E001,CURR001,msme,2023-09-09,13814.83,credit,UPI/GPAY CUSTOMER
E001,CURR001,msme,2023-09-09,7562.07,debit,NEFT/SUPPLIER PAY
E001,CURR001,msme,2023-09-09,4213.75,debit,NEFT/SUPPLIER PAY
E001,CURR001,msme,2023-09-09,12630.51,debit,ELECTRICITY BILL
E001,CURR001,msme,2023-09-10,14323.05,credit,NEFT/SALES PAYMENT
E001,CURR001,msme,2023-09-10,5677.49,credit,RTGS/INVOICE 1234
E001,CURR001,msme,2023-09-10,5185.03,credit,UPI/GPAY CUSTOMER
E001,CURR001,msme,2023-09-10,5119.03,credit,UPI/GPAY CUSTOMER
E001,CURR001,msme,2023-09-10,7154.45,debit,EMI/HDFC LOAN
E001,CURR001,msme,2023-09-11,18529.23,credit,UPI/CUSTOMER PAY
E001,CURR001,msme,2023-09-11,5849.03,credit,NEFT/SALES PAYMENT
E001,CURR001,msme,2023-09-11,3875.35,debit,UPI/VENDOR PAY
E001,CURR001,msme,2023-09-11,2906.28,debit,ELECTRICITY BILL
E001,CURR001,msme,2023-09-12,15343.51,credit,UPI/GPAY CUSTOMER
E001,CURR001,msme,2023-09-12,3161.06,credit,RTGS/INVOICE 1234
E001,CURR001,msme,2023-09-12,8824.63,debit,TDS PAYMENT
E001,CURR001,msme,2023-09-12,13596.94,debit,EMI/HDFC LOAN
E001,CURR001,msme,2023-09-12,1269.6,debit,TDS PAYMENT
E001,CURR001,msme,2023-09-13,14149.11,credit,NEFT/SALES PAYMENT
E001,CURR001,msme,2023-09-13,8917.11,credit,RTGS/INVOICE 1234
E001,CURR001,msme,2023-09-13,4146.52,credit,IMPS/CUSTOMER PAY
E001,CURR001,msme,2023-09-13,6993.13,credit,NEFT/SALES PAYMENT
E001,CURR001,msme,2023-09-13,2228.03,debit,RENT/OFFICE
E001,CURR001,msme,2023-09-14,7528.38,credit,UPI/CUSTOMER PAY
E001,CURR001,msme,2023-09-14,8207.64,credit,NEFT/SALES PAYMENT
E001,CURR001,msme,2023-09-14,6686.72,debit,TDS PAYMENT
E001,CURR001,msme,2023-09-14,1443.34,debit,RENT/OFFICE
E001,CURR001,msme,2023-09-15,9773.94,credit,UPI/GPAY CUSTOMER
E001,CURR001,msme,2023-09-15,17388.13,credit,NEFT/SALES PAYMENT
E001,CURR001,msme,2023-09-15,2199.1,debit,GST PAYMENT
E001,CURR001,msme,2023-09-15,5879.67,debit,TDS PAYMENT
E001,CURR001,msme,2023-09-16,1558.76,credit,NEFT/SALES PAYMENT
E001,CURR001,msme,2023-09-16,19395.05,credit,UPI/CUSTOMER PAY
E001,CURR001,msme,2023-09-16,1257.57,debit,NEFT/SUPPLIER PAY
E001,CURR001,msme,2023-09-16,20407.27,debit,GST PAYMENT
E001,CURR001,msme,2023-09-16,5691.17,debit,TDS PAYMENT
E001,CURR001,msme,2023-09-17,8504.12,credit,NEFT/SALES BULK ORDER
E001,CURR001,msme,2023-09-17,8140.39,credit,RTGS/INVOICE 1234
E001,CURR001,msme,2023-09-17,8620.92,debit,UPI/VENDOR PAY
E001,CURR001,msme,2023-09-18,8137.21,credit,IMPS/CUSTOMER PAY
E001,CURR001,msme,2023-09-18,19205.2,credit,IMPS/CUSTOMER PAY
E001,CURR001,msme,2023-09-18,22229.4,credit,UPI/GPAY CUSTOMER
E001,CURR001,msme,2023-09-18,3871.34,credit,UPI/CUSTOMER PAY
E001,CURR001,msme,2023-09-18,4189.68,debit,NEFT/SUPPLIER PAY
E001,CURR001,msme,2023-09-19,25618.27,credit,RTGS/INVOICE 1234
E001,CURR001,msme,2023-09-19,11481.95,credit,IMPS/CUSTOMER PAY
E001,CURR001,msme,2023-09-19,13307.25,credit,NEFT/SALES BULK ORDER
E001,CURR001,msme,2023-09-19,10007.82,credit,NEFT/SALES PAYMENT
E001,CURR001,msme,2023-09-19,4407.73,debit,RENT/OFFICE
E001,CURR001,msme,2023-09-20,1021.22,credit,UPI/CUSTOMER PAY
E001,CURR001,msme,2023-09-20,42182.89,credit,RTGS/INVOICE 1234
E001,CURR001,msme,2023-09-20,5542.05,debit,ELECTRICITY BILL
E001,CURR001,msme,2023-09-20,5826.97,debit,ELECTRICITY BILL
E001,CURR001,msme,2023-09-21,4361.45,credit,IMPS/CUSTOMER PAY
E001,CURR001,msme,2023-09-21,15501.48,credit,NEFT/SALES PAYMENT
E001,CURR001,msme,2023-09-21,10226.85,credit,NEFT/SALES PAYMENT
E001,CURR001,msme,2023-09-21,5401.29,credit,UPI/GPAY CUSTOMER
E001,CURR001,msme,2023-09-21,17142.95,debit,NEFT/SUPPLIER PAY
E001,CURR001,msme,2023-09-21,4961.26,debit,TDS PAYMENT
E001,CURR001,msme,2023-09-21,3698.93,debit,UPI/VENDOR PAY
E001,CURR001,msme,2023-09-22,1056.39,credit,NEFT/SALES BULK ORDER
E001,CURR001,msme,2023-09-22,6871.98,credit,UPI/CUSTOMER PAY
E001,CURR001,msme,2023-09-22,3292.22,debit,ELECTRICITY BILL
E001,CURR001,msme,2023-09-22,2346.73,debit,EMI/HDFC LOAN
E001,CURR001,msme,2023-09-22,4105.73,debit,RENT/OFFICE
E001,CURR001,msme,2023-09-23,48366.13,credit,UPI/GPAY CUSTOMER
E001,CURR001,msme,2023-09-23,3984.18,credit,NEFT/SALES PAYMENT
E001,CURR001,msme,2023-09-23,31422.47,credit,RTGS/INVOICE 1234
E001,CURR001,msme,2023-09-23,2643.39,debit,ELECTRICITY BILL
E001,CURR001,msme,2023-09-23,3330.95,debit,NEFT/SALARY
E001,CURR001,msme,2023-09-23,5928.67,debit,ELECTRICITY BILL
E001,CURR001,msme,2023-09-24,15607.37,credit,UPI/CUSTOMER PAY
E001,CURR001,msme,2023-09-24,11374.3,credit,UPI/CUSTOMER PAY
E001,CURR001,msme,2023-09-24,3351.32,debit,UPI/VENDOR PAY
E001,CURR001,msme,2023-09-25,4721.73,credit,UPI/CUSTOMER PAY
E001,CURR001,msme,2023-09-25,11478.04,credit,NEFT/SALES PAYMENT
E001,CURR001,msme,2023-09-25,30873.01,credit,RTGS/INVOICE 1234
E001,CURR001,msme,2023-09-25,22071.28,credit,UPI/GPAY CUSTOMER
E001,CURR001,msme,2023-09-25,2848.89,debit,GST PAYMENT
E001,CURR001,msme,2023-09-25,3099.86,debit,TDS PAYMENT
E001,CURR001,msme,2023-09-25,6793.47,debit,TDS PAYMENT
E001,CURR001,msme,2023-09-26,16314.27,credit,RTGS/INVOICE 1234
E001,CURR001,msme,2023-09-26,10661.25,credit,NEFT/SALES BULK ORDER
E001,CURR001,msme,2023-09-26,19105.44,debit,RENT/OFFICE
E001,CURR001,msme,2023-09-26,12102.59,debit,NEFT/SUPPLIER PAY
E001,CURR001,msme,2023-09-26,7347.02,debit,NEFT/SALARY
E001,CURR001,msme,2023-09-27,6049.82,credit,RTGS/INVOICE 1234
E001,CURR001,msme,2023-09-27,19742.77,credit,UPI/CUSTOMER PAY
E001,CURR001,msme,2023-09-27,3379.6,credit,IMPS/CUSTOMER PAY
E001,CURR001,msme,2023-09-27,2498.91,credit,RTGS/INVOICE 1234
E001,CURR001,msme,2023-09-27,2030.55,debit,GST PAYMENT
E001,CURR001,msme,2023-09-27,7330.59,debit,GST PAYMENT
E001,CURR001,msme,2023-09-27,7291.15,debit,ELECTRICITY BILL
E001,CURR001,msme,2023-09-28,10113.19,credit,UPI/CUSTOMER PAY
E001,CURR001,msme,2023-09-28,24001.52,credit,RTGS/INVOICE 1234
E001,CURR001,msme,2023-09-28,21965.68,credit,UPI/CUSTOMER PAY
E001,CURR001,msme,2023-09-28,1605.05,debit,EMI/HDFC LOAN
E001,CURR001,msme,2023-09-28,14788.63,debit,GST PAYMENT
E001,CURR001,msme,2023-09-29,11676.7,credit,NEFT/SALES PAYMENT
E001,CURR001,msme,2023-09-29,19397.88,credit,NEFT/SALES PAYMENT
E001,CURR001,msme,2023-09-29,6421.52,credit,NEFT/SALES PAYMENT
E001,CURR001,msme,2023-09-29,3950.06,credit,NEFT/SALES BULK ORDER
E001,CURR001,msme,2023-09-29,2771.05,debit,GST PAYMENT
E001,CURR001,msme,2023-09-30,14936.79,credit,NEFT/SALES BULK ORDER
E001,CURR001,msme,2023-09-30,3698.28,credit,UPI/CUSTOMER PAY
E001,CURR001,msme,2023-09-30,2420.52,debit,NEFT/SUPPLIER PAY
E001,CURR001,msme,2023-09-30,8667.61,debit,RENT/OFFICE
E001,CURR001,msme,2023-09-30,9440.26,debit,ELECTRICITY BILL
E001,CURR001,msme,2023-10-01,12561.98,credit,IMPS/CUSTOMER PAY
E001,CURR001,msme,2023-10-01,48445.88,credit,UPI/CUSTOMER PAY
E001,CURR001,msme,2023-10-01,3339.22,credit,IMPS/CUSTOMER PAY
E001,CURR001,msme,2023-10-01,6229.26,credit,NEFT/SALES PAYMENT
E001,CURR001,msme,2023-10-01,4096.07,debit,TDS PAYMENT
E001,CURR001,msme,2023-10-01,4376.46,debit,NEFT/SALARY
E001,CURR001,msme,2023-10-02,10461.33,credit,UPI/CUSTOMER PAY
E001,CURR001,msme,2023-10-02,4792.46,credit,NEFT/SALES BULK ORDER
E001,CURR001,msme,2023-10-02,3583.56,debit,EMI/HDFC LOAN
E001,CURR001,msme,2023-10-03,12118.69,credit,NEFT/SALES PAYMENT
E001,CURR001,msme,2023-10-03,4866.56,credit,UPI/GPAY CUSTOMER
E001,CURR001,msme,2023-10-03,1592.94,debit,TDS PAYMENT
E001,CURR001,msme,2023-10-03,3016.59,debit,NEFT/SUPPLIER PAY
E001,CURR001,msme,2023-10-04,3994.79,credit,NEFT/SALES BULK ORDER
E001,CURR001,msme,2023-10-04,13661.4,credit,NEFT/SALES PAYMENT
E001,CURR001,msme,2023-10-04,5880.04,debit,ELECTRICITY BILL
E001,CURR001,msme,2023-10-04,11331.23,debit,EMI/HDFC LOAN
E001,CURR001,msme,2023-10-04,2431.19,debit,NEFT/SALARY
E001,CURR001,msme,2023-10-05,4824.04,credit,UPI/GPAY CUSTOMER
E001,CURR001,msme,2023-10-05,21847.24,credit,UPI/GPAY CUSTOMER
E001,CURR001,msme,2023-10-05,6168.82,credit,UPI/CUSTOMER PAY
E001,CURR001,msme,2023-10-05,26426.24,debit,NEFT/SUPPLIER PAY
E001,CURR001,msme,2023-10-05,6671.3,debit,UPI/VENDOR PAY
E001,CURR001,msme,2023-10-06,13788.57,credit,IMPS/CUSTOMER PAY
E001,CURR001,msme,2023-10-06,21901.51,credit,NEFT/SALES BULK ORDER
E001,CURR001,msme,2023-10-06,9895.15,debit,RENT/OFFICE
E001,CURR001,msme,2023-10-06,2620.92,debit,ELECTRICITY BILL
E001,CURR001,msme,2023-10-06,4054.73,debit,EMI/HDFC LOAN
E001,CURR001,msme,2023-10-07,1810.52,credit,NEFT/SALES BULK ORDER
E001,CURR001,msme,2023-10-07,6109.44,credit,NEFT/SALES PAYMENT
E001,CURR001,msme,2023-10-07,3081.13,credit,UPI/CUSTOMER PAY
E001,CURR001,msme,2023-10-07,14599.31,credit,UPI/CUSTOMER PAY
E001,CURR001,msme,2023-10-07,6301.34,debit,RENT/OFFICE
E001,CURR001,msme,2023-10-07,2785.7,debit,RENT/OFFICE
E001,CURR001,msme,2023-10-07,3816.65,debit,EMI/HDFC LOAN
E001,CURR001,msme,2023-10-08,2481.78,credit,UPI/GPAY CUSTOMER
E001,CURR001,msme,2023-10-08,8454.79,credit,RTGS/INVOICE 1234
E001,CURR001,msme,2023-10-08,3032.25,debit,NEFT/SALARY
E001,CURR001,msme,2023-10-09,10891.99,credit,RTGS/INVOICE 1234
E001,CURR001,msme,2023-10-09,33940.11,credit,NEFT/SALES PAYMENT
E001,CURR001,msme,2023-10-09,12161.5,credit,NEFT/SALES PAYMENT
E001,CURR001,msme,2023-10-09,5863.54,debit,UPI/VENDOR PAY
E001,CURR001,msme,2023-10-09,11881.17,debit,RENT/OFFICE
E001,CURR001,msme,2023-10-10,9635.14,credit,UPI/GPAY CUSTOMER
E001,CURR001,msme,2023-10-10,33383.22,credit,NEFT/SALES PAYMENT
E001,CURR001,msme,2023-10-10,14878.46,credit,NEFT/SALES BULK ORDER
E001,CURR001,msme,2023-10-10,8248.39,debit,UPI/VENDOR PAY
E001,CURR001,msme,2023-10-10,7525.97,debit,UPI/VENDOR PAY
E001,CURR001,msme,2023-10-11,6745.7,credit,NEFT/SALES BULK ORDER
E001,CURR001,msme,2023-10-11,8074.62,credit,NEFT/SALES BULK ORDER
E001,CURR001,msme,2023-10-11,24280.8,credit,UPI/CUSTOMER PAY
E001,CURR001,msme,2023-10-11,2003.61,debit,TDS PAYMENT
E001,CURR001,msme,2023-10-11,1607.06,debit,NEFT/SALARY
E001,CURR001,msme,2023-10-12,3632.95,credit,UPI/GPAY CUSTOMER
E001,CURR001,msme,2023-10-12,1844.55,credit,IMPS/CUSTOMER PAY
E001,CURR001,msme,2023-10-12,25236.5,credit,IMPS/CUSTOMER PAY
E001,CURR001,msme,2023-10-12,3233.09,credit,NEFT/SALES PAYMENT
E001,CURR001,msme,2023-10-12,3164.22,debit,TDS PAYMENT
E001,CURR001,msme,2023-10-12,5640.45,debit,EMI/HDFC LOAN
E001,CURR001,msme,2023-10-12,1306.45,debit,RENT/OFFICE
E001,CURR001,msme,2023-10-13,13515.02,credit,UPI/CUSTOMER PAY
E001,CURR001,msme,2023-10-13,5402.11,credit,UPI/GPAY CUSTOMER
E001,CURR001,msme,2023-10-13,3549.79,debit,EMI/HDFC LOAN
E001,CURR001,msme,2023-10-13,5685.3,debit,TDS PAYMENT
E001,CURR001,msme,2023-10-13,2962.56,debit,UPI/VENDOR PAY
E001,CURR001,msme,2023-10-14,3622.92,credit,IMPS/CUSTOMER PAY
E001,CURR001,msme,2023-10-14,8394.92,credit,UPI/CUSTOMER PAY
E001,CURR001,msme,2023-10-14,21266.96,credit,NEFT/SALES PAYMENT
E001,CURR001,msme,2023-10-14,5687.94,credit,UPI/CUSTOMER PAY
E001,CURR001,msme,2023-10-14,11059.3,debit,ELECTRICITY BILL
E001,CURR001,msme,2023-10-14,5332.6,debit,NEFT/SALARY
E001,CURR001,msme,2023-10-14,4707.29,debit,NEFT/SALARY
E001,CURR001,msme,2023-10-15,28158.5,credit,NEFT/SALES PAYMENT
E001,CURR001,msme,2023-10-15,9189.04,credit,IMPS/CUSTOMER PAY
E001,CURR001,msme,2023-10-15,911.99,debit,UPI/VENDOR PAY
E001,CURR001,msme,2023-10-15,5600.0,debit,UPI/VENDOR PAY
E001,CURR001,msme,2023-10-15,4161.06,debit,TDS PAYMENT
E001,CURR001,msme,2023-10-16,6084.65,credit,NEFT/SALES BULK ORDER
E001,CURR001,msme,2023-10-16,6429.13,credit,RTGS/INVOICE 1234
E001,CURR001,msme,2023-10-16,3059.35,debit,GST PAYMENT
E001,CURR001,msme,2023-10-16,11788.12,debit,EMI/HDFC LOAN
E001,CURR001,msme,2023-10-16,3474.87,debit,TDS PAYMENT
E001,CURR001,msme,2023-10-17,27830.86,credit,NEFT/SALES BULK ORDER
E001,CURR001,msme,2023-10-17,6028.61,credit,RTGS/INVOICE 1234
E001,CURR001,msme,2023-10-17,2520.37,debit,GST PAYMENT
E001,CURR001,msme,2023-10-17,1910.57,debit,GST PAYMENT
E001,CURR001,msme,2023-10-17,16944.84,debit,NEFT/SUPPLIER PAY
E001,CURR001,msme,2023-10-18,13606.96,credit,NEFT/SALES BULK ORDER
E001,CURR001,msme,2023-10-18,3418.0,credit,RTGS/INVOICE 1234
E001,CURR001,msme,2023-10-18,9712.0,credit,NEFT/SALES BULK ORDER
E001,CURR001,msme,2023-10-18,7162.01,credit,NEFT/SALES PAYMENT
E001,CURR001,msme,2023-10-18,7964.15,debit,UPI/VENDOR PAY
E001,CURR001,msme,2023-10-19,14776.13,credit,NEFT/SALES BULK ORDER
E001,CURR001,msme,2023-10-19,6427.72,credit,NEFT/SALES BULK ORDER
E001,CURR001,msme,2023-10-19,4665.31,debit,UPI/VENDOR PAY
E001,CURR001,msme,2023-10-20,5559.61,credit,NEFT/SALES PAYMENT
E001,CURR001,msme,2023-10-20,24540.34,credit,NEFT/SALES PAYMENT
E001,CURR001,msme,2023-10-20,9254.97,credit,NEFT/SALES PAYMENT
E001,CURR001,msme,2023-10-20,4957.31,debit,NEFT/SUPPLIER PAY
E001,CURR001,msme,2023-10-21,15142.53,credit,UPI/CUSTOMER PAY
E001,CURR001,msme,2023-10-21,5738.55,credit,NEFT/SALES PAYMENT
E001,CURR001,msme,2023-10-21,1296.01,credit,RTGS/INVOICE 1234
E001,CURR001,msme,2023-10-21,1991.48,debit,GST PAYMENT
E001,CURR001,msme,2023-10-22,50525.53,credit,IMPS/CUSTOMER PAY
E001,CURR001,msme,2023-10-22,15106.11,credit,RTGS/INVOICE 1234
E001,CURR001,msme,2023-10-22,2105.41,credit,IMPS/CUSTOMER PAY
E001,CURR001,msme,2023-10-22,5269.11,debit,GST PAYMENT
E001,CURR001,msme,2023-10-22,1878.59,debit,TDS PAYMENT
E001,CURR001,msme,2023-10-22,9672.97,debit,ELECTRICITY BILL
E001,CURR001,msme,2023-10-23,4973.58,credit,UPI/CUSTOMER PAY
E001,CURR001,msme,2023-10-23,8923.92,credit,IMPS/CUSTOMER PAY
E001,CURR001,msme,2023-10-23,46923.61,credit,NEFT/SALES PAYMENT
E001,CURR001,msme,2023-10-23,9959.53,debit,GST PAYMENT
E001,CURR001,msme,2023-10-23,14866.87,debit,EMI/HDFC LOAN
E001,CURR001,msme,2023-10-24,7608.56,credit,NEFT/SALES PAYMENT
E001,CURR001,msme,2023-10-24,11447.56,credit,NEFT/SALES PAYMENT
E001,CURR001,msme,2023-10-24,54766.24,credit,NEFT/SALES PAYMENT
E001,CURR001,msme,2023-10-24,3935.99,debit,RENT/OFFICE
E001,CURR001,msme,2023-10-24,1198.15,debit,ELECTRICITY BILL
E001,CURR001,msme,2023-10-25,3971.96,credit,UPI/GPAY CUSTOMER
E001,CURR001,msme,2023-10-25,9691.2,credit,NEFT/SALES BULK ORDER
E001,CURR001,msme,2023-10-25,2833.41,debit,TDS PAYMENT
E001,CURR001,msme,2023-10-26,5623.83,credit,IMPS/CUSTOMER PAY
E001,CURR001,msme,2023-10-26,8892.27,credit,UPI/CUSTOMER PAY
E001,CURR001,msme,2023-10-26,21276.17,credit,RTGS/INVOICE 1234
E001,CURR001,msme,2023-10-26,11348.85,debit,NEFT/SALARY
E001,CURR001,msme,2023-10-26,1697.18,debit,EMI/HDFC LOAN
E001,CURR001,msme,2023-10-27,2918.91,credit,RTGS/INVOICE 1234
E001,CURR001,msme,2023-10-27,3665.32,credit,NEFT/SALES PAYMENT
E001,CURR001,msme,2023-10-27,2968.66,credit,UPI/GPAY CUSTOMER
E001,CURR001,msme,2023-10-27,4162.63,credit,NEFT/SALES BULK ORDER
E001,CURR001,msme,2023-10-27,3078.83,debit,UPI/VENDOR PAY
E001,CURR001,msme,2023-10-27,2844.41,debit,EMI/HDFC LOAN
E001,CURR001,msme,2023-10-28,36377.31,credit,RTGS/INVOICE 1234
E001,CURR001,msme,2023-10-28,19820.37,credit,UPI/GPAY CUSTOMER
E001,CURR001,msme,2023-10-28,19198.08,credit,UPI/CUSTOMER PAY
E001,CURR001,msme,2023-10-28,5337.97,credit,RTGS/INVOICE 1234
E001,CURR001,msme,2023-10-28,2826.93,debit,ELECTRICITY BILL
E001,CURR001,msme,2023-10-29,38283.02,credit,NEFT/SALES BULK ORDER
E001,CURR001,msme,2023-10-29,10296.12,credit,NEFT/SALES BULK ORDER
E001,CURR001,msme,2023-10-29,11583.16,credit,RTGS/INVOICE 1234
E001,CURR001,msme,2023-10-29,3930.1,credit,NEFT/SALES BULK ORDER
E001,CURR001,msme,2023-10-29,9573.21,debit,EMI/HDFC LOAN
E001,CURR001,msme,2023-10-29,10665.87,debit,TDS PAYMENT
E001,CURR001,msme,2023-10-30,9422.06,credit,IMPS/CUSTOMER PAY
E001,CURR001,msme,2023-10-30,40986.44,credit,NEFT/SALES BULK ORDER
E001,CURR001,msme,2023-10-30,1653.75,credit,NEFT/SALES PAYMENT
E001,CURR001,msme,2023-10-30,15495.08,debit,TDS PAYMENT
E001,CURR001,msme,2023-10-31,4093.46,credit,IMPS/CUSTOMER PAY
E001,CURR001,msme,2023-10-31,12661.05,credit,NEFT/SALES PAYMENT
E001,CURR001,msme,2023-10-31,6976.62,credit,IMPS/CUSTOMER PAY
E001,CURR001,msme,2023-10-31,4401.81,debit,RENT/OFFICE
E001,CURR001,msme,2023-11-01,4387.66,credit,NEFT/SALES PAYMENT
E001,CURR001,msme,2023-11-01,10290.65,credit,IMPS/CUSTOMER PAY
E001,CURR001,msme,2023-11-01,8455.57,debit,UPI/VENDOR PAY
E001,CURR001,msme,2023-11-01,4536.75,debit,TDS PAYMENT
E001,CURR001,msme,2023-11-02,23222.39,credit,UPI/CUSTOMER PAY
E001,CURR001,msme,2023-11-02,52935.33,credit,IMPS/CUSTOMER PAY
E001,CURR001,msme,2023-11-02,5775.48,debit,NEFT/SUPPLIER PAY
E001,CURR001,msme,2023-11-03,7475.79,credit,UPI/CUSTOMER PAY
E001,CURR001,msme,2023-11-03,11347.0,credit,UPI/CUSTOMER PAY
E001,CURR001,msme,2023-11-03,7999.33,credit,NEFT/SALES PAYMENT
E001,CURR001,msme,2023-11-03,7806.69,credit,NEFT/SALES BULK ORDER
E001,CURR001,msme,2023-11-03,3078.81,debit,UPI/VENDOR PAY
E001,CURR001,msme,2023-11-03,5627.19,debit,RENT/OFFICE
E001,CURR001,msme,2023-11-03,6050.69,debit,NEFT/SUPPLIER PAY
E001,CURR001,msme,2023-11-04,3800.38,credit,NEFT/SALES PAYMENT
E001,CURR001,msme,2023-11-04,9160.25,credit,NEFT/SALES BULK ORDER
E001,CURR001,msme,2023-11-04,5002.55,debit,RENT/OFFICE
E001,CURR001,msme,2023-11-04,22741.56,debit,NEFT/SUPPLIER PAY
E001,CURR001,msme,2023-11-04,4173.07,debit,RENT/OFFICE
E001,CURR001,msme,2023-11-05,3121.76,credit,NEFT/SALES PAYMENT
E001,CURR001,msme,2023-11-05,22490.13,credit,RTGS/INVOICE 1234
E001,CURR001,msme,2023-11-05,5763.35,credit,NEFT/SALES BULK ORDER
E001,CURR001,msme,2023-11-05,14306.76,credit,UPI/CUSTOMER PAY
E001,CURR001,msme,2023-11-05,9298.47,debit,ELECTRICITY BILL
E001,CURR001,msme,2023-11-05,3501.72,debit,TDS PAYMENT
E001,CURR001,msme,2023-11-05,4433.88,debit,EMI/HDFC LOAN
E001,CURR001,msme,2023-11-06,2171.89,credit,UPI/CUSTOMER PAY
E001,CURR001,msme,2023-11-06,8877.4,credit,IMPS/CUSTOMER PAY
E001,CURR001,msme,2023-11-06,22893.7,credit,UPI/GPAY CUSTOMER
E001,CURR001,msme,2023-11-06,6125.44,debit,RENT/OFFICE
E001,CURR001,msme,2023-11-06,3097.76,debit,GST PAYMENT
E001,CURR001,msme,2023-11-06,3072.7,debit,ELECTRICITY BILL
E001,CURR001,msme,2023-11-07,23850.63,credit,UPI/CUSTOMER PAY
E001,CURR001,msme,2023-11-07,6224.82,credit,UPI/GPAY CUSTOMER
E001,CURR001,msme,2023-11-07,6243.24,debit,NEFT/SUPPLIER PAY
E001,CURR001,msme,2023-11-08,8763.44,credit,IMPS/CUSTOMER PAY
E001,CURR001,msme,2023-11-08,22889.76,credit,NEFT/SALES PAYMENT
E001,CURR001,msme,2023-11-08,9206.42,credit,IMPS/CUSTOMER PAY
E001,CURR001,msme,2023-11-08,3911.95,debit,NEFT/SALARY
E001,CURR001,msme,2023-11-08,6145.14,debit,NEFT/SUPPLIER PAY
E001,CURR001,msme,2023-11-09,12319.05,credit,IMPS/CUSTOMER PAY
E001,CURR001,msme,2023-11-09,10119.59,credit,UPI/CUSTOMER PAY
E001,CURR001,msme,2023-11-09,3875.02,credit,RTGS/INVOICE 1234
E001,CURR001,msme,2023-11-09,8980.81,debit,NEFT/SALARY
E001,CURR001,msme,2023-11-10,19070.05,credit,UPI/GPAY CUSTOMER
E001,CURR001,msme,2023-11-10,5825.34,credit,NEFT/SALES PAYMENT
E001,CURR001,msme,2023-11-10,9003.58,debit,ELECTRICITY BILL
E001,CURR001,msme,2023-11-10,2841.77,debit,RENT/OFFICE
E001,CURR001,msme,2023-11-10,8062.05,debit,RENT/OFFICE
E001,CURR001,msme,2023-11-11,24340.64,credit,NEFT/SALES BULK ORDER
E001,CURR001,msme,2023-11-11,3712.22,credit,UPI/GPAY CUSTOMER
E001,CURR001,msme,2023-11-11,6176.32,debit,NEFT/SALARY
E001,CURR001,msme,2023-11-11,11711.91,debit,NEFT/SALARY
E001,CURR001,msme,2023-11-12,2249.67,credit,UPI/GPAY CUSTOMER
E001,CURR001,msme,2023-11-12,7666.47,credit,NEFT/SALES BULK ORDER
E001,CURR001,msme,2023-11-12,6478.92,credit,NEFT/SALES BULK ORDER
E001,CURR001,msme,2023-11-12,14731.27,debit,ELECTRICITY BILL
E001,CURR001,msme,2023-11-13,9149.68,credit,RTGS/INVOICE 1234
E001,CURR001,msme,2023-11-13,11257.1,credit,IMPS/CUSTOMER PAY
E001,CURR001,msme,2023-11-13,5482.09,credit,UPI/GPAY CUSTOMER
E001,CURR001,msme,2023-11-13,22230.74,credit,UPI/GPAY CUSTOMER
E001,CURR001,msme,2023-11-13,4055.29,debit,NEFT/SALARY
E001,CURR001,msme,2023-11-13,9056.41,debit,UPI/VENDOR PAY
E001,CURR001,msme,2023-11-13,4729.88,debit,GST PAYMENT
E001,CURR001,msme,2023-11-14,5036.33,credit,UPI/CUSTOMER PAY
E001,CURR001,msme,2023-11-14,10596.24,credit,NEFT/SALES PAYMENT
E001,CURR001,msme,2023-11-14,3227.71,credit,NEFT/SALES BULK ORDER
E001,CURR001,msme,2023-11-14,7988.4,debit,UPI/VENDOR PAY
E001,CURR001,msme,2023-11-15,18687.98,credit,RTGS/INVOICE 1234
E001,CURR001,msme,2023-11-15,2639.0,credit,NEFT/SALES PAYMENT
E001,CURR001,msme,2023-11-15,12502.95,debit,UPI/VENDOR PAY
E001,CURR001,msme,2023-11-15,8583.19,debit,NEFT/SUPPLIER PAY
E001,CURR001,msme,2023-11-16,19915.85,credit,RTGS/INVOICE 1234
E001,CURR001,msme,2023-11-16,4424.75,credit,RTGS/INVOICE 1234
E001,CURR001,msme,2023-11-16,11620.78,credit,IMPS/CUSTOMER PAY
E001,CURR001,msme,2023-11-16,9350.7,credit,UPI/CUSTOMER PAY
E001,CURR001,msme,2023-11-16,7016.79,debit,UPI/VENDOR PAY
E001,CURR001,msme,2023-11-16,4632.42,debit,ELECTRICITY BILL
E001,CURR001,msme,2023-11-16,1320.95,debit,ELECTRICITY BILL
E001,CURR001,msme,2023-11-17,28752.53,credit,UPI/CUSTOMER PAY
E001,CURR001,msme,2023-11-17,7074.32,credit,NEFT/SALES PAYMENT
E001,CURR001,msme,2023-11-17,14424.9,credit,RTGS/INVOICE 1234
E001,CURR001,msme,2023-11-17,15642.84,credit,RTGS/INVOICE 1234
E001,CURR001,msme,2023-11-17,6001.59,debit,NEFT/SALARY
E001,CURR001,msme,2023-11-18,11782.37,credit,NEFT/SALES PAYMENT
E001,CURR001,msme,2023-11-18,10078.03,credit,NEFT/SALES BULK ORDER
E001,CURR001,msme,2023-11-18,14824.2,credit,UPI/GPAY CUSTOMER
E001,CURR001,msme,2023-11-18,11841.11,credit,NEFT/SALES PAYMENT
E001,CURR001,msme,2023-11-18,10838.52,debit,NEFT/SUPPLIER PAY
E001,CURR001,msme,2023-11-18,4387.01,debit,RENT/OFFICE
E001,CURR001,msme,2023-11-19,10322.55,credit,NEFT/SALES BULK ORDER
E001,CURR001,msme,2023-11-19,17105.91,credit,NEFT/SALES BULK ORDER
E001,CURR001,msme,2023-11-19,8047.0,credit,NEFT/SALES BULK ORDER
E001,CURR001,msme,2023-11-19,14922.54,credit,IMPS/CUSTOMER PAY
E001,CURR001,msme,2023-11-19,2819.59,debit,EMI/HDFC LOAN
E001,CURR001,msme,2023-11-19,12041.94,debit,NEFT/SUPPLIER PAY
E001,CURR001,msme,2023-11-20,8526.27,credit,NEFT/SALES BULK ORDER
E001,CURR001,msme,2023-11-20,2489.18,credit,IMPS/CUSTOMER PAY
E001,CURR001,msme,2023-11-20,13044.86,credit,IMPS/CUSTOMER PAY
E001,CURR001,msme,2023-11-20,20905.22,credit,UPI/CUSTOMER PAY
E001,CURR001,msme,2023-11-20,6494.0,debit,NEFT/SUPPLIER PAY
E001,CURR001,msme,2023-11-21,28165.66,credit,IMPS/CUSTOMER PAY
E001,CURR001,msme,2023-11-21,8830.12,credit,IMPS/CUSTOMER PAY
E001,CURR001,msme,2023-11-21,7252.92,debit,GST PAYMENT
E001,CURR001,msme,2023-11-21,1295.35,debit,NEFT/SUPPLIER PAY
E001,CURR001,msme,2023-11-21,1577.16,debit,TDS PAYMENT
E001,CURR001,msme,2023-11-22,7835.62,credit,IMPS/CUSTOMER PAY
E001,CURR001,msme,2023-11-22,2674.32,credit,IMPS/CUSTOMER PAY
E001,CURR001,msme,2023-11-22,2613.42,debit,ELECTRICITY BILL
E001,CURR001,msme,2023-11-23,8154.16,credit,UPI/CUSTOMER PAY
E001,CURR001,msme,2023-11-23,1538.11,credit,UPI/GPAY CUSTOMER
E001,CURR001,msme,2023-11-23,12455.1,credit,UPI/GPAY CUSTOMER
E001,CURR001,msme,2023-11-23,6725.08,credit,NEFT/SALES BULK ORDER
E001,CURR001,msme,2023-11-23,7372.73,debit,TDS PAYMENT
E001,CURR001,msme,2023-11-24,32597.33,credit,UPI/CUSTOMER PAY
E001,CURR001,msme,2023-11-24,29882.66,credit,NEFT/SALES PAYMENT
E001,CURR001,msme,2023-11-24,5309.35,debit,NEFT/SUPPLIER PAY
E001,CURR001,msme,2023-11-25,7748.58,credit,NEFT/SALES PAYMENT
E001,CURR001,msme,2023-11-25,12384.35,credit,NEFT/SALES PAYMENT
E001,CURR001,msme,2023-11-25,10573.22,debit,NEFT/SALARY
E001,CURR001,msme,2023-11-26,43825.36,credit,RTGS/INVOICE 1234
E001,CURR001,msme,2023-11-26,1714.31,credit,UPI/CUSTOMER PAY
E001,CURR001,msme,2023-11-26,4244.92,debit,NEFT/SUPPLIER PAY
E001,CURR001,msme,2023-11-27,2799.68,credit,NEFT/SALES PAYMENT
E001,CURR001,msme,2023-11-27,6991.92,credit,NEFT/SALES PAYMENT
E001,CURR001,msme,2023-11-27,3418.42,debit,GST PAYMENT
E001,CURR001,msme,2023-11-27,8930.62,debit,EMI/HDFC LOAN
E001,CURR001,msme,2023-11-28,9020.3,credit,NEFT/SALES PAYMENT
E001,CURR001,msme,2023-11-28,4156.99,credit,RTGS/INVOICE 1234
E001,CURR001,msme,2023-11-28,6588.9,credit,UPI/GPAY CUSTOMER
E001,CURR001,msme,2023-11-28,4315.12,debit,NEFT/SUPPLIER PAY
E001,CURR001,msme,2023-11-28,2948.62,debit,NEFT/SUPPLIER PAY
E001,CURR001,msme,2023-11-29,51117.47,credit,IMPS/CUSTOMER PAY
E001,CURR001,msme,2023-11-29,16413.49,credit,NEFT/SALES BULK ORDER
E001,CURR001,msme,2023-11-29,1875.01,debit,ELECTRICITY BILL
E001,CURR001,msme,2023-11-30,16888.33,credit,UPI/GPAY CUSTOMER
E001,CURR001,msme,2023-11-30,19371.59,credit,UPI/CUSTOMER PAY
E001,CURR001,msme,2023-11-30,8087.65,credit,NEFT/SALES PAYMENT
E001,CURR001,msme,2023-11-30,4223.38,debit,RENT/OFFICE
E001,CURR001,msme,2023-11-30,12120.99,debit,ELECTRICITY BILL
E001,CURR001,msme,2023-11-30,5038.51,debit,ELECTRICITY BILL
E001,CURR001,msme,2023-12-01,2603.43,credit,NEFT/SALES PAYMENT
E001,CURR001,msme,2023-12-01,11362.36,credit,IMPS/CUSTOMER PAY
E001,CURR001,msme,2023-12-01,10588.29,debit,NEFT/SALARY
E001,CURR001,msme,2023-12-01,7988.65,debit,RENT/OFFICE
E001,CURR001,msme,2023-12-02,10493.59,credit,UPI/GPAY CUSTOMER
E001,CURR001,msme,2023-12-02,6550.88,credit,UPI/CUSTOMER PAY
E001,CURR001,msme,2023-12-02,12600.6,credit,NEFT/SALES PAYMENT
E001,CURR001,msme,2023-12-02,3388.95,debit,UPI/VENDOR PAY
E001,CURR001,msme,2023-12-03,4749.74,credit,NEFT/SALES BULK ORDER
E001,CURR001,msme,2023-12-03,19528.89,credit,NEFT/SALES PAYMENT
E001,CURR001,msme,2023-12-03,4232.95,credit,UPI/CUSTOMER PAY
E001,CURR001,msme,2023-12-03,15113.03,debit,NEFT/SUPPLIER PAY
E001,CURR001,msme,2023-12-04,11662.29,credit,RTGS/INVOICE 1234
E001,CURR001,msme,2023-12-04,9541.58,credit,UPI/GPAY CUSTOMER
E001,CURR001,msme,2023-12-04,13577.52,credit,UPI/CUSTOMER PAY
E001,CURR001,msme,2023-12-04,3130.02,debit,TDS PAYMENT
E001,CURR001,msme,2023-12-04,2534.87,debit,ELECTRICITY BILL
E001,CURR001,msme,2023-12-04,5895.65,debit,NEFT/SUPPLIER PAY
E001,CURR001,msme,2023-12-05,3675.84,credit,NEFT/SALES PAYMENT
E001,CURR001,msme,2023-12-05,5896.67,credit,RTGS/INVOICE 1234
E001,CURR001,msme,2023-12-05,3875.8,credit,UPI/CUSTOMER PAY
E001,CURR001,msme,2023-12-05,8520.02,credit,UPI/GPAY CUSTOMER
E001,CURR001,msme,2023-12-05,18035.93,debit,ELECTRICITY BILL
E001,CURR001,msme,2023-12-05,11754.07,debit,EMI/HDFC LOAN
E001,CURR001,msme,2023-12-05,12229.93,debit,ELECTRICITY BILL
E001,CURR001,msme,2023-12-06,5172.94,credit,IMPS/CUSTOMER PAY
E001,CURR001,msme,2023-12-06,31839.9,credit,UPI/GPAY CUSTOMER
E001,CURR001,msme,2023-12-06,20752.07,debit,NEFT/SUPPLIER PAY
E001,CURR001,msme,2023-12-06,2270.54,debit,UPI/VENDOR PAY
E001,CURR001,msme,2023-12-06,8728.84,debit,EMI/HDFC LOAN
E001,CURR001,msme,2023-12-07,9684.83,credit,IMPS/CUSTOMER PAY
E001,CURR001,msme,2023-12-07,4079.3,credit,UPI/GPAY CUSTOMER
E001,CURR001,msme,2023-12-07,14574.18,credit,RTGS/INVOICE 1234
E001,CURR001,msme,2023-12-07,85780.25,credit,UPI/CUSTOMER PAY
E001,CURR001,msme,2023-12-07,1257.67,debit,EMI/HDFC LOAN
E001,CURR001,msme,2023-12-07,2628.32,debit,RENT/OFFICE
E001,CURR001,msme,2023-12-07,10510.49,debit,NEFT/SALARY
E001,CURR001,msme,2023-12-08,4273.21,credit,UPI/GPAY CUSTOMER
E001,CURR001,msme,2023-12-08,8944.51,credit,UPI/GPAY CUSTOMER
E001,CURR001,msme,2023-12-08,9242.12,credit,NEFT/SALES BULK ORDER
E001,CURR001,msme,2023-12-08,3488.02,credit,RTGS/INVOICE 1234
E001,CURR001,msme,2023-12-08,1395.84,debit,GST PAYMENT
E001,CURR001,msme,2023-12-09,8279.85,credit,UPI/CUSTOMER PAY
E001,CURR001,msme,2023-12-09,6356.38,credit,UPI/CUSTOMER PAY
E001,CURR001,msme,2023-12-09,6521.83,credit,UPI/CUSTOMER PAY
E001,CURR001,msme,2023-12-09,6853.14,credit,RTGS/INVOICE 1234
E001,CURR001,msme,2023-12-09,4398.17,debit,RENT/OFFICE
E001,CURR001,msme,2023-12-10,12536.85,credit,NEFT/SALES PAYMENT
E001,CURR001,msme,2023-12-10,8496.95,credit,UPI/CUSTOMER PAY
E001,CURR001,msme,2023-12-10,14048.83,debit,EMI/HDFC LOAN
E001,CURR001,msme,2023-12-10,11965.06,debit,RENT/OFFICE
E001,CURR001,msme,2023-12-10,2474.9,debit,EMI/HDFC LOAN
E001,CURR001,msme,2023-12-11,13935.37,credit,UPI/GPAY CUSTOMER
E001,CURR001,msme,2023-12-11,7974.79,credit,UPI/CUSTOMER PAY
E001,CURR001,msme,2023-12-11,2810.38,credit,RTGS/INVOICE 1234
E001,CURR001,msme,2023-12-11,7365.81,credit,NEFT/SALES PAYMENT
E001,CURR001,msme,2023-12-11,1856.36,debit,NEFT/SALARY
E001,CURR001,msme,2023-12-12,7161.62,credit,NEFT/SALES PAYMENT
E001,CURR001,msme,2023-12-12,13894.6,credit,RTGS/INVOICE 1234
E001,CURR001,msme,2023-12-12,24950.8,credit,IMPS/CUSTOMER PAY
E001,CURR001,msme,2023-12-12,10619.69,debit,ELECTRICITY BILL
E001,CURR001,msme,2023-12-13,7767.58,credit,IMPS/CUSTOMER PAY
E001,CURR001,msme,2023-12-13,4447.36,credit,UPI/GPAY CUSTOMER
E001,CURR001,msme,2023-12-13,23899.74,credit,IMPS/CUSTOMER PAY
E001,CURR001,msme,2023-12-13,40894.38,credit,NEFT/SALES BULK ORDER
E001,CURR001,msme,2023-12-13,8045.38,debit,NEFT/SUPPLIER PAY
E001,CURR001,msme,2023-12-13,1220.64,debit,UPI/VENDOR PAY
E001,CURR001,msme,2023-12-14,6139.27,credit,NEFT/SALES BULK ORDER
E001,CURR001,msme,2023-12-14,12583.15,credit,UPI/GPAY CUSTOMER
E001,CURR001,msme,2023-12-14,3637.21,debit,UPI/VENDOR PAY
E001,CURR001,msme,2023-12-15,14848.51,credit,IMPS/CUSTOMER PAY
E001,CURR001,msme,2023-12-15,19914.48,credit,NEFT/SALES BULK ORDER
E001,CURR001,msme,2023-12-15,6859.96,debit,EMI/HDFC LOAN
E001,CURR001,msme,2023-12-15,1949.31,debit,RENT/OFFICE
E001,CURR001,msme,2023-12-16,17660.34,credit,NEFT/SALES BULK ORDER
E001,CURR001,msme,2023-12-16,4372.67,credit,NEFT/SALES BULK ORDER
E001,CURR001,msme,2023-12-16,3134.58,debit,EMI/HDFC LOAN
E001,CURR001,msme,2023-12-16,7931.6,debit,GST PAYMENT
E001,CURR001,msme,2023-12-17,23362.59,credit,NEFT/SALES PAYMENT
E001,CURR001,msme,2023-12-17,2893.84,credit,NEFT/SALES BULK ORDER
E001,CURR001,msme,2023-12-17,10247.85,credit,UPI/CUSTOMER PAY
E001,CURR001,msme,2023-12-17,3066.17,credit,UPI/CUSTOMER PAY
E001,CURR001,msme,2023-12-17,7501.8,debit,EMI/HDFC LOAN
E001,CURR001,msme,2023-12-17,1220.55,debit,UPI/VENDOR PAY
E001,CURR001,msme,2023-12-18,9284.4,credit,NEFT/SALES PAYMENT
E001,CURR001,msme,2023-12-18,6860.25,credit,UPI/CUSTOMER PAY
E001,CURR001,msme,2023-12-18,7932.54,debit,UPI/VENDOR PAY
E001,CURR001,msme,2023-12-18,9137.4,debit,NEFT/SUPPLIER PAY
E001,CURR001,msme,2023-12-18,4150.22,debit,NEFT/SUPPLIER PAY
E001,CURR001,msme,2023-12-19,26490.73,credit,UPI/GPAY CUSTOMER
E001,CURR001,msme,2023-12-19,8339.05,credit,RTGS/INVOICE 1234
E001,CURR001,msme,2023-12-19,7626.31,credit,NEFT/SALES PAYMENT
E001,CURR001,msme,2023-12-19,15625.69,credit,NEFT/SALES BULK ORDER
E001,CURR001,msme,2023-12-19,8808.94,debit,RENT/OFFICE
E001,CURR001,msme,2023-12-19,2068.0,debit,UPI/VENDOR PAY
E001,CURR001,msme,2023-12-20,7487.57,credit,IMPS/CUSTOMER PAY
E001,CURR001,msme,2023-12-20,35775.58,credit,UPI/GPAY CUSTOMER
E001,CURR001,msme,2023-12-20,7032.55,credit,IMPS/CUSTOMER PAY
E001,CURR001,msme,2023-12-20,2987.05,credit,NEFT/SALES BULK ORDER
E001,CURR001,msme,2023-12-20,4134.07,debit,GST PAYMENT
E001,CURR001,msme,2023-12-20,5883.28,debit,UPI/VENDOR PAY
E001,CURR001,msme,2023-12-21,11572.99,credit,UPI/GPAY CUSTOMER
E001,CURR001,msme,2023-12-21,3605.87,credit,UPI/GPAY CUSTOMER
E001,CURR001,msme,2023-12-21,4222.4,debit,NEFT/SUPPLIER PAY
E001,CURR001,msme,2023-12-21,7495.63,debit,NEFT/SALARY
E001,CURR001,msme,2023-12-22,19900.77,credit,NEFT/SALES PAYMENT
E001,CURR001,msme,2023-12-22,5542.06,credit,RTGS/INVOICE 1234
E001,CURR001,msme,2023-12-22,1661.2,debit,TDS PAYMENT
E001,CURR001,msme,2023-12-23,34249.05,credit,IMPS/CUSTOMER PAY
E001,CURR001,msme,2023-12-23,21163.12,credit,NEFT/SALES BULK ORDER
E001,CURR001,msme,2023-12-23,39537.78,credit,RTGS/INVOICE 1234
E001,CURR001,msme,2023-12-23,7601.96,debit,NEFT/SUPPLIER PAY
E001,CURR001,msme,2023-12-24,11359.25,credit,NEFT/SALES PAYMENT
E001,CURR001,msme,2023-12-24,4597.52,credit,UPI/GPAY CUSTOMER
E001,CURR001,msme,2023-12-24,37597.29,credit,RTGS/INVOICE 1234
E001,CURR001,msme,2023-12-24,6681.15,credit,NEFT/SALES PAYMENT
E001,CURR001,msme,2023-12-24,7807.28,debit,RENT/OFFICE
E001,CURR001,msme,2023-12-25,9858.33,credit,UPI/CUSTOMER PAY
E001,CURR001,msme,2023-12-25,7202.95,credit,UPI/CUSTOMER PAY
E001,CURR001,msme,2023-12-25,26934.76,credit,NEFT/SALES PAYMENT
E001,CURR001,msme,2023-12-25,5136.32,credit,RTGS/INVOICE 1234
E001,CURR001,msme,2023-12-25,10459.67,debit,UPI/VENDOR PAY
E001,CURR001,msme,2023-12-25,8995.41,debit,UPI/VENDOR PAY
E001,CURR001,msme,2023-12-26,12082.82,credit,NEFT/SALES PAYMENT
E001,CURR001,msme,2023-12-26,14927.35,credit,IMPS/CUSTOMER PAY
E001,CURR001,msme,2023-12-26,7262.29,debit,ELECTRICITY BILL
E001,CURR001,msme,2023-12-27,4957.79,credit,NEFT/SALES PAYMENT
E001,CURR001,msme,2023-12-27,6795.17,credit,IMPS/CUSTOMER PAY
E001,CURR001,msme,2023-12-27,6711.51,credit,UPI/GPAY CUSTOMER
E001,CURR001,msme,2023-12-27,4802.02,debit,RENT/OFFICE
E001,CURR001,msme,2023-12-28,25386.02,credit,UPI/GPAY CUSTOMER
E001,CURR001,msme,2023-12-28,9057.92,credit,NEFT/SALES BULK ORDER
E001,CURR001,msme,2023-12-28,15453.13,credit,NEFT/SALES PAYMENT
E001,CURR001,msme,2023-12-28,5288.64,credit,IMPS/CUSTOMER PAY
E001,CURR001,msme,2023-12-28,2436.31,debit,UPI/VENDOR PAY
E001,CURR001,msme,2023-12-28,3821.13,debit,UPI/VENDOR PAY
E001,CURR001,msme,2023-12-29,9917.28,credit,NEFT/SALES PAYMENT
E001,CURR001,msme,2023-12-29,39716.28,credit,UPI/CUSTOMER PAY
E001,CURR001,msme,2023-12-29,4548.01,debit,RENT/OFFICE
E001,CURR001,msme,2023-12-29,4007.64,debit,RENT/OFFICE
E001,CURR001,msme,2023-12-30,22436.02,credit,UPI/GPAY CUSTOMER
E001,CURR001,msme,2023-12-30,11751.83,credit,NEFT/SALES PAYMENT
E001,CURR001,msme,2023-12-30,2850.43,credit,UPI/GPAY CUSTOMER
E001,CURR001,msme,2023-12-30,7498.81,credit,IMPS/CUSTOMER PAY
E001,CURR001,msme,2023-12-30,1810.25,debit,EMI/HDFC LOAN
E001,CURR001,msme,2023-12-31,11134.84,credit,UPI/CUSTOMER PAY
E001,CURR001,msme,2023-12-31,16869.67,credit,NEFT/SALES PAYMENT
E001,CURR001,msme,2023-12-31,18864.56,credit,NEFT/SALES BULK ORDER
E001,CURR001,msme,2023-12-31,4043.16,debit,NEFT/SALARY
E001,CURR001,msme,2024-01-01,41877.84,credit,UPI/GPAY CUSTOMER
E001,CURR001,msme,2024-01-01,3493.74,credit,IMPS/CUSTOMER PAY
E001,CURR001,msme,2024-01-01,3222.98,credit,NEFT/SALES PAYMENT
E001,CURR001,msme,2024-01-01,12887.67,debit,NEFT/SUPPLIER PAY
E001,CURR001,msme,2024-01-01,10036.92,debit,RENT/OFFICE
E001,CURR001,msme,2024-01-01,11256.99,debit,RENT/OFFICE
E001,CURR001,msme,2024-01-02,4658.53,credit,IMPS/CUSTOMER PAY
E001,CURR001,msme,2024-01-02,14757.78,credit,NEFT/SALES PAYMENT
E001,CURR001,msme,2024-01-02,8245.33,credit,UPI/GPAY CUSTOMER
E001,CURR001,msme,2024-01-02,3578.81,credit,RTGS/INVOICE 1234
E001,CURR001,msme,2024-01-02,2593.27,debit,ELECTRICITY BILL
E001,CURR001,msme,2024-01-02,13700.11,debit,NEFT/SALARY
E001,CURR001,msme,2024-01-02,21380.92,debit,RENT/OFFICE
E001,CURR001,msme,2024-01-03,14903.3,credit,NEFT/SALES PAYMENT
E001,CURR001,msme,2024-01-03,15689.76,credit,NEFT/SALES BULK ORDER
E001,CURR001,msme,2024-01-03,16215.94,credit,UPI/CUSTOMER PAY
E001,CURR001,msme,2024-01-03,3469.8,debit,ELECTRICITY BILL
E001,CURR001,msme,2024-01-04,9574.69,credit,NEFT/SALES PAYMENT
E001,CURR001,msme,2024-01-04,17582.02,credit,NEFT/SALES PAYMENT
E001,CURR001,msme,2024-01-04,21196.73,credit,NEFT/SALES BULK ORDER
E001,CURR001,msme,2024-01-04,7286.74,credit,NEFT/SALES PAYMENT
E001,CURR001,msme,2024-01-04,1928.32,debit,GST PAYMENT
E001,CURR001,msme,2024-01-05,23607.65,credit,NEFT/SALES BULK ORDER
E001,CURR001,msme,2024-01-05,6106.22,credit,NEFT/SALES PAYMENT
E001,CURR001,msme,2024-01-05,8006.68,credit,UPI/GPAY CUSTOMER
E001,CURR001,msme,2024-01-05,4699.94,credit,IMPS/CUSTOMER PAY
E001,CURR001,msme,2024-01-05,1319.85,debit,UPI/VENDOR PAY
E001,CURR001,msme,2024-01-05,5913.41,debit,UPI/VENDOR PAY
E001,CURR001,msme,2024-01-06,7845.79,credit,NEFT/SALES PAYMENT
E001,CURR001,msme,2024-01-06,7114.12,credit,RTGS/INVOICE 1234
E001,CURR001,msme,2024-01-06,4036.15,credit,RTGS/INVOICE 1234
E001,CURR001,msme,2024-01-06,5426.95,credit,RTGS/INVOICE 1234
E001,CURR001,msme,2024-01-06,6874.57,debit,UPI/VENDOR PAY
E001,CURR001,msme,2024-01-07,9763.77,credit,UPI/GPAY CUSTOMER
E001,CURR001,msme,2024-01-07,4562.14,credit,UPI/CUSTOMER PAY
E001,CURR001,msme,2024-01-07,13355.26,credit,IMPS/CUSTOMER PAY
E001,CURR001,msme,2024-01-07,2273.96,debit,NEFT/SUPPLIER PAY
E001,CURR001,msme,2024-01-08,3815.47,credit,NEFT/SALES BULK ORDER
E001,CURR001,msme,2024-01-08,1522.86,credit,NEFT/SALES BULK ORDER
E001,CURR001,msme,2024-01-08,7159.53,credit,NEFT/SALES BULK ORDER
E001,CURR001,msme,2024-01-08,2340.34,debit,ELECTRICITY BILL
E001,CURR001,msme,2024-01-09,15644.59,credit,IMPS/CUSTOMER PAY
E001,CURR001,msme,2024-01-09,4148.14,credit,NEFT/SALES PAYMENT
E001,CURR001,msme,2024-01-09,11728.89,credit,UPI/GPAY CUSTOMER
E001,CURR001,msme,2024-01-09,2073.92,debit,NEFT/SALARY
E001,CURR001,msme,2024-01-09,9558.44,debit,EMI/HDFC LOAN
E001,CURR001,msme,2024-01-09,11968.9,debit,UPI/VENDOR PAY
E001,CURR001,msme,2024-01-10,4193.8,credit,IMPS/CUSTOMER PAY
E001,CURR001,msme,2024-01-10,6618.78,credit,IMPS/CUSTOMER PAY
E001,CURR001,msme,2024-01-10,3629.75,credit,UPI/GPAY CUSTOMER
E001,CURR001,msme,2024-01-10,8816.01,debit,NEFT/SALARY
E001,CURR001,msme,2024-01-10,5013.67,debit,RENT/OFFICE
E001,CURR001,msme,2024-01-11,8245.18,credit,UPI/CUSTOMER PAY
E001,CURR001,msme,2024-01-11,2617.32,credit,NEFT/SALES BULK ORDER
E001,CURR001,msme,2024-01-11,16434.66,credit,NEFT/SALES BULK ORDER
E001,CURR001,msme,2024-01-11,4858.1,debit,NEFT/SALARY
E001,CURR001,msme,2024-01-11,7929.36,debit,TDS PAYMENT
E001,CURR001,msme,2024-01-11,12448.19,debit,GST PAYMENT
E001,CURR001,msme,2024-01-12,47445.98,credit,NEFT/SALES BULK ORDER
E001,CURR001,msme,2024-01-12,13703.31,credit,NEFT/SALES PAYMENT
E001,CURR001,msme,2024-01-12,5484.78,debit,GST PAYMENT
E001,CURR001,msme,2024-01-12,2860.86,debit,NEFT/SUPPLIER PAY
E001,CURR001,msme,2024-01-12,2671.75,debit,ELECTRICITY BILL
E001,CURR001,msme,2024-01-13,14467.69,credit,NEFT/SALES BULK ORDER
E001,CURR001,msme,2024-01-13,11600.32,credit,RTGS/INVOICE 1234
E001,CURR001,msme,2024-01-13,3513.96,debit,NEFT/SALARY
E001,CURR001,msme,2024-01-13,1751.28,debit,GST PAYMENT
E001,CURR001,msme,2024-01-13,683.06,debit,ELECTRICITY BILL
E001,CURR001,msme,2024-01-14,2842.27,credit,RTGS/INVOICE 1234
E001,CURR001,msme,2024-01-14,9088.28,credit,UPI/CUSTOMER PAY
E001,CURR001,msme,2024-01-14,9045.9,debit,UPI/VENDOR PAY
E001,CURR001,msme,2024-01-15,11693.42,credit,RTGS/INVOICE 1234
E001,CURR001,msme,2024-01-15,32588.92,credit,IMPS/CUSTOMER PAY
E001,CURR001,msme,2024-01-15,1594.14,credit,NEFT/SALES BULK ORDER
E001,CURR001,msme,2024-01-15,3121.5,credit,UPI/CUSTOMER PAY
E001,CURR001,msme,2024-01-15,6224.43,debit,ELECTRICITY BILL
E001,CURR001,msme,2024-01-15,4087.48,debit,ELECTRICITY BILL
E001,CURR001,msme,2024-01-15,23549.2,debit,TDS PAYMENT
E001,CURR001,msme,2024-01-16,3823.18,credit,IMPS/CUSTOMER PAY
E001,CURR001,msme,2024-01-16,9470.39,credit,UPI/CUSTOMER PAY
E001,CURR001,msme,2024-01-16,10271.21,debit,NEFT/SALARY
E001,CURR001,msme,2024-01-17,23213.88,credit,RTGS/INVOICE 1234
E001,CURR001,msme,2024-01-17,7216.51,credit,IMPS/CUSTOMER PAY
E001,CURR001,msme,2024-01-17,3527.33,credit,NEFT/SALES BULK ORDER
E001,CURR001,msme,2024-01-17,7998.0,credit,NEFT/SALES PAYMENT
E001,CURR001,msme,2024-01-17,2009.23,debit,GST PAYMENT
E001,CURR001,msme,2024-01-17,8280.8,debit,NEFT/SUPPLIER PAY
E001,CURR001,msme,2024-01-18,925.11,credit,UPI/GPAY CUSTOMER
E001,CURR001,msme,2024-01-18,7189.92,credit,NEFT/SALES PAYMENT
E001,CURR001,msme,2024-01-18,6756.6,credit,UPI/CUSTOMER PAY
E001,CURR001,msme,2024-01-18,17429.63,credit,UPI/GPAY CUSTOMER
E001,CURR001,msme,2024-01-18,3338.97,debit,ELECTRICITY BILL
E001,CURR001,msme,2024-01-19,3368.71,credit,UPI/CUSTOMER PAY
E001,CURR001,msme,2024-01-19,50692.29,credit,UPI/CUSTOMER PAY
E001,CURR001,msme,2024-01-19,18164.48,debit,GST PAYMENT
E001,CURR001,msme,2024-01-19,1895.85,debit,UPI/VENDOR PAY
E001,CURR001,msme,2024-01-20,1913.76,credit,UPI/CUSTOMER PAY
E001,CURR001,msme,2024-01-20,17802.28,credit,UPI/GPAY CUSTOMER
E001,CURR001,msme,2024-01-20,8961.65,credit,IMPS/CUSTOMER PAY
E001,CURR001,msme,2024-01-20,4533.28,credit,UPI/CUSTOMER PAY
E001,CURR001,msme,2024-01-20,13548.31,debit,RENT/OFFICE
E001,CURR001,msme,2024-01-20,2298.14,debit,EMI/HDFC LOAN
E001,CURR001,msme,2024-01-20,3955.43,debit,NEFT/SALARY
E001,CURR001,msme,2024-01-21,9566.08,credit,RTGS/INVOICE 1234
E001,CURR001,msme,2024-01-21,5771.4,credit,NEFT/SALES BULK ORDER
E001,CURR001,msme,2024-01-21,2471.79,credit,RTGS/INVOICE 1234
E001,CURR001,msme,2024-01-21,1965.34,credit,UPI/CUSTOMER PAY
E001,CURR001,msme,2024-01-21,2959.16,debit,RENT/OFFICE
E001,CURR001,msme,2024-01-22,4022.71,credit,NEFT/SALES BULK ORDER
E001,CURR001,msme,2024-01-22,7553.04,credit,NEFT/SALES PAYMENT
E001,CURR001,msme,2024-01-22,6849.49,credit,NEFT/SALES BULK ORDER
E001,CURR001,msme,2024-01-22,18677.53,credit,IMPS/CUSTOMER PAY
E001,CURR001,msme,2024-01-22,4841.88,debit,NEFT/SALARY
E001,CURR001,msme,2024-01-22,17698.47,debit,EMI/HDFC LOAN
E001,CURR001,msme,2024-01-22,3031.34,debit,NEFT/SUPPLIER PAY
E001,CURR001,msme,2024-01-23,4425.95,credit,RTGS/INVOICE 1234
E001,CURR001,msme,2024-01-23,10811.37,credit,UPI/GPAY CUSTOMER
E001,CURR001,msme,2024-01-23,12491.28,debit,NEFT/SUPPLIER PAY
E001,CURR001,msme,2024-01-23,9416.82,debit,TDS PAYMENT
E001,CURR001,msme,2024-01-24,4994.41,credit,IMPS/CUSTOMER PAY
E001,CURR001,msme,2024-01-24,12067.01,credit,NEFT/SALES BULK ORDER
E001,CURR001,msme,2024-01-24,12138.88,credit,IMPS/CUSTOMER PAY
E001,CURR001,msme,2024-01-24,24961.66,credit,NEFT/SALES PAYMENT
E001,CURR001,msme,2024-01-24,3954.0,debit,RENT/OFFICE
E001,CURR001,msme,2024-01-24,2790.0,debit,TDS PAYMENT
E001,CURR001,msme,2024-01-24,19359.7,debit,EMI/HDFC LOAN
E001,CURR001,msme,2024-01-25,15842.66,credit,NEFT/SALES PAYMENT
E001,CURR001,msme,2024-01-25,3630.95,credit,IMPS/CUSTOMER PAY
E001,CURR001,msme,2024-01-25,3897.35,debit,UPI/VENDOR PAY
E001,CURR001,msme,2024-01-25,4400.68,debit,GST PAYMENT
E001,CURR001,msme,2024-01-26,10369.6,credit,UPI/CUSTOMER PAY
E001,CURR001,msme,2024-01-26,5012.51,credit,RTGS/INVOICE 1234
E001,CURR001,msme,2024-01-26,9060.89,credit,IMPS/CUSTOMER PAY
E001,CURR001,msme,2024-01-26,41274.79,credit,NEFT/SALES BULK ORDER
E001,CURR001,msme,2024-01-26,6315.39,debit,TDS PAYMENT
E001,CURR001,msme,2024-01-26,8585.1,debit,GST PAYMENT
E001,CURR001,msme,2024-01-26,2857.87,debit,RENT/OFFICE
E001,CURR001,msme,2024-01-27,54914.68,credit,UPI/GPAY CUSTOMER
E001,CURR001,msme,2024-01-27,4385.66,credit,UPI/GPAY CUSTOMER
E001,CURR001,msme,2024-01-27,16495.56,credit,RTGS/INVOICE 1234
E001,CURR001,msme,2024-01-27,29308.63,credit,UPI/CUSTOMER PAY
E001,CURR001,msme,2024-01-27,2108.14,debit,EMI/HDFC LOAN
E001,CURR001,msme,2024-01-28,8479.39,credit,UPI/GPAY CUSTOMER
E001,CURR001,msme,2024-01-28,11742.91,credit,RTGS/INVOICE 1234
E001,CURR001,msme,2024-01-28,11574.31,debit,NEFT/SALARY
E001,CURR001,msme,2024-01-28,3932.26,debit,UPI/VENDOR PAY
E001,CURR001,msme,2024-01-28,1773.52,debit,RENT/OFFICE
E001,CURR001,msme,2024-01-29,5439.0,credit,UPI/GPAY CUSTOMER
E001,CURR001,msme,2024-01-29,15801.87,credit,NEFT/SALES PAYMENT
E001,CURR001,msme,2024-01-29,12772.86,credit,RTGS/INVOICE 1234
E001,CURR001,msme,2024-01-29,9954.26,credit,UPI/CUSTOMER PAY
E001,CURR001,msme,2024-01-29,3855.52,debit,NEFT/SUPPLIER PAY
E001,CURR001,msme,2024-01-29,3261.51,debit,NEFT/SALARY
E001,CURR001,msme,2024-01-30,17449.27,credit,UPI/GPAY CUSTOMER
E001,CURR001,msme,2024-01-30,19973.25,credit,NEFT/SALES PAYMENT
E001,CURR001,msme,2024-01-30,8962.91,credit,NEFT/SALES BULK ORDER
E001,CURR001,msme,2024-01-30,15099.08,credit,NEFT/SALES BULK ORDER
E001,CURR001,msme,2024-01-30,5947.87,debit,UPI/VENDOR PAY
E001,CURR001,msme,2024-01-31,4861.88,credit,IMPS/CUSTOMER PAY
E001,CURR001,msme,2024-01-31,42575.02,credit,RTGS/INVOICE 1234
E001,CURR001,msme,2024-01-31,2834.4,debit,NEFT/SUPPLIER PAY
E001,CURR001,msme,2024-01-31,4418.42,debit,ELECTRICITY BILL
E001,CURR001,msme,2024-02-01,27905.71,credit,UPI/CUSTOMER PAY
E001,CURR001,msme,2024-02-01,4011.33,credit,RTGS/INVOICE 1234
E001,CURR001,msme,2024-02-01,13815.44,credit,NEFT/SALES BULK ORDER
E001,CURR001,msme,2024-02-01,1811.16,debit,TDS PAYMENT
E001,CURR001,msme,2024-02-01,3529.82,debit,UPI/VENDOR PAY
E001,CURR001,msme,2024-02-02,2329.58,credit,NEFT/SALES PAYMENT
E001,CURR001,msme,2024-02-02,25213.71,credit,UPI/GPAY CUSTOMER
E001,CURR001,msme,2024-02-02,4536.03,debit,UPI/VENDOR PAY
E001,CURR001,msme,2024-02-03,8666.98,credit,IMPS/CUSTOMER PAY
E001,CURR001,msme,2024-02-03,9056.36,credit,NEFT/SALES PAYMENT
E001,CURR001,msme,2024-02-03,7815.79,credit,NEFT/SALES PAYMENT
E001,CURR001,msme,2024-02-03,5735.13,credit,IMPS/CUSTOMER PAY
E001,CURR001,msme,2024-02-03,17418.94,debit,ELECTRICITY BILL
E001,CURR001,msme,2024-02-04,17653.56,credit,NEFT/SALES PAYMENT
E001,CURR001,msme,2024-02-04,13347.93,credit,RTGS/INVOICE 1234
E001,CURR001,msme,2024-02-04,3179.3,credit,NEFT/SALES PAYMENT
E001,CURR001,msme,2024-02-04,4551.55,credit,IMPS/CUSTOMER PAY
E001,CURR001,msme,2024-02-04,1905.26,debit,TDS PAYMENT
E001,CURR001,msme,2024-02-04,8218.42,debit,ELECTRICITY BILL
E001,CURR001,msme,2024-02-04,4869.11,debit,EMI/HDFC LOAN
E001,CURR001,msme,2024-02-05,6160.02,credit,NEFT/SALES BULK ORDER
E001,CURR001,msme,2024-02-05,2025.76,credit,UPI/CUSTOMER PAY
E001,CURR001,msme,2024-02-05,18597.54,debit,UPI/VENDOR PAY
E001,CURR001,msme,2024-02-06,16754.12,credit,IMPS/CUSTOMER PAY
E001,CURR001,msme,2024-02-06,12150.63,credit,UPI/CUSTOMER PAY
E001,CURR001,msme,2024-02-06,24641.92,credit,UPI/CUSTOMER PAY
E001,CURR001,msme,2024-02-06,17173.84,debit,EMI/HDFC LOAN
E001,CURR001,msme,2024-02-07,21781.6,credit,UPI/CUSTOMER PAY
E001,CURR001,msme,2024-02-07,4947.7,credit,NEFT/SALES BULK ORDER
E001,CURR001,msme,2024-02-07,7322.83,credit,RTGS/INVOICE 1234
E001,CURR001,msme,2024-02-07,17401.32,credit,NEFT/SALES PAYMENT
E001,CURR001,msme,2024-02-07,21356.53,debit,TDS PAYMENT
E001,CURR001,msme,2024-02-07,1863.5,debit,UPI/VENDOR PAY
E001,CURR001,msme,2024-02-07,9270.39,debit,GST PAYMENT
E001,CURR001,msme,2024-02-08,8585.26,credit,UPI/GPAY CUSTOMER
E001,CURR001,msme,2024-02-08,5475.96,credit,NEFT/SALES BULK ORDER
E001,CURR001,msme,2024-02-08,10421.87,credit,RTGS/INVOICE 1234
E001,CURR001,msme,2024-02-08,2024.69,debit,UPI/VENDOR PAY
E001,CURR001,msme,2024-02-08,6681.3,debit,GST PAYMENT
E001,CURR001,msme,2024-02-09,26436.79,credit,UPI/CUSTOMER PAY
E001,CURR001,msme,2024-02-09,18225.74,credit,IMPS/CUSTOMER PAY
E001,CURR001,msme,2024-02-09,2270.8,credit,NEFT/SALES PAYMENT
E001,CURR001,msme,2024-02-09,3086.35,debit,NEFT/SUPPLIER PAY
E001,CURR001,msme,2024-02-09,12390.05,debit,ELECTRICITY BILL
E001,CURR001,msme,2024-02-09,6625.91,debit,RENT/OFFICE
E001,CURR001,msme,2024-02-10,10552.21,credit,NEFT/SALES PAYMENT
E001,CURR001,msme,2024-02-10,4225.07,credit,IMPS/CUSTOMER PAY
E001,CURR001,msme,2024-02-10,8088.09,debit,GST PAYMENT
E001,CURR001,msme,2024-02-11,5435.39,credit,UPI/CUSTOMER PAY
E001,CURR001,msme,2024-02-11,12297.6,credit,UPI/GPAY CUSTOMER
E001,CURR001,msme,2024-02-11,23613.53,credit,IMPS/CUSTOMER PAY
E001,CURR001,msme,2024-02-11,26524.91,credit,UPI/GPAY CUSTOMER
E001,CURR001,msme,2024-02-11,2385.74,debit,GST PAYMENT
E001,CURR001,msme,2024-02-11,14400.31,debit,NEFT/SALARY
E001,CURR001,msme,2024-02-11,9428.63,debit,UPI/VENDOR PAY
E001,CURR001,msme,2024-02-12,1985.61,credit,UPI/CUSTOMER PAY
E001,CURR001,msme,2024-02-12,2386.62,credit,IMPS/CUSTOMER PAY
E001,CURR001,msme,2024-02-12,33799.64,credit,IMPS/CUSTOMER PAY
E001,CURR001,msme,2024-02-12,6675.9,debit,NEFT/SALARY
E001,CURR001,msme,2024-02-12,4174.84,debit,EMI/HDFC LOAN
E001,CURR001,msme,2024-02-12,7213.35,debit,NEFT/SALARY
E001,CURR001,msme,2024-02-13,3515.12,credit,RTGS/INVOICE 1234
E001,CURR001,msme,2024-02-13,13020.31,credit,RTGS/INVOICE 1234
E001,CURR001,msme,2024-02-13,12809.06,credit,NEFT/SALES BULK ORDER
E001,CURR001,msme,2024-02-13,4070.59,credit,IMPS/CUSTOMER PAY
E001,CURR001,msme,2024-02-13,8219.62,debit,NEFT/SALARY
E001,CURR001,msme,2024-02-13,17495.51,debit,UPI/VENDOR PAY
E001,CURR001,msme,2024-02-13,17327.6,debit,EMI/HDFC LOAN
E001,CURR001,msme,2024-02-14,7663.74,credit,IMPS/CUSTOMER PAY
E001,CURR001,msme,2024-02-14,5472.79,credit,RTGS/INVOICE 1234
E001,CURR001,msme,2024-02-14,7187.36,credit,IMPS/CUSTOMER PAY
E001,CURR001,msme,2024-02-14,2762.06,credit,NEFT/SALES BULK ORDER
E001,CURR001,msme,2024-02-14,4036.71,debit,UPI/VENDOR PAY
E001,CURR001,msme,2024-02-14,1300.14,debit,GST PAYMENT
E001,CURR001,msme,2024-02-15,7312.86,credit,IMPS/CUSTOMER PAY
E001,CURR001,msme,2024-02-15,5874.62,credit,RTGS/INVOICE 1234
E001,CURR001,msme,2024-02-15,8142.55,debit,RENT/OFFICE
E001,CURR001,msme,2024-02-15,3612.7,debit,RENT/OFFICE
E001,CURR001,msme,2024-02-15,3239.6,debit,RENT/OFFICE
E001,CURR001,msme,2024-02-16,11253.63,credit,UPI/CUSTOMER PAY
E001,CURR001,msme,2024-02-16,4385.87,credit,IMPS/CUSTOMER PAY
E001,CURR001,msme,2024-02-16,4721.16,credit,UPI/GPAY CUSTOMER
E001,CURR001,msme,2024-02-16,2095.03,debit,NEFT/SUPPLIER PAY
E001,CURR001,msme,2024-02-17,25017.8,credit,NEFT/SALES PAYMENT
E001,CURR001,msme,2024-02-17,5486.56,credit,NEFT/SALES PAYMENT
E001,CURR001,msme,2024-02-17,7172.43,credit,UPI/CUSTOMER PAY
E001,CURR001,msme,2024-02-17,6143.9,credit,NEFT/SALES BULK ORDER
E001,CURR001,msme,2024-02-17,1153.06,debit,GST PAYMENT
E001,CURR001,msme,2024-02-17,9851.06,debit,UPI/VENDOR PAY
E001,CURR001,msme,2024-02-17,1365.43,debit,GST PAYMENT
E001,CURR001,msme,2024-02-18,13263.53,credit,UPI/CUSTOMER PAY
E001,CURR001,msme,2024-02-18,5437.2,credit,NEFT/SALES PAYMENT
E001,CURR001,msme,2024-02-18,3074.99,debit,NEFT/SALARY
E001,CURR001,msme,2024-02-18,6381.22,debit,ELECTRICITY BILL
E001,CURR001,msme,2024-02-19,8529.18,credit,RTGS/INVOICE 1234
E001,CURR001,msme,2024-02-19,2574.32,credit,UPI/GPAY CUSTOMER
E001,CURR001,msme,2024-02-19,8929.02,credit,NEFT/SALES PAYMENT
E001,CURR001,msme,2024-02-19,2705.71,debit,NEFT/SUPPLIER PAY
E001,CURR001,msme,2024-02-20,9443.02,credit,RTGS/INVOICE 1234
E001,CURR001,msme,2024-02-20,20910.69,credit,UPI/CUSTOMER PAY
E001,CURR001,msme,2024-02-20,2019.86,debit,TDS PAYMENT
E001,CURR001,msme,2024-02-21,3465.15,credit,UPI/GPAY CUSTOMER
E001,CURR001,msme,2024-02-21,24779.67,credit,UPI/GPAY CUSTOMER
E001,CURR001,msme,2024-02-21,7416.71,credit,NEFT/SALES BULK ORDER
E001,CURR001,msme,2024-02-21,3548.67,debit,UPI/VENDOR PAY
E001,CURR001,msme,2024-02-21,3116.39,debit,NEFT/SUPPLIER PAY
E001,CURR001,msme,2024-02-22,4406.59,credit,NEFT/SALES PAYMENT
E001,CURR001,msme,2024-02-22,8429.22,credit,UPI/GPAY CUSTOMER
E001,CURR001,msme,2024-02-22,9575.19,credit,IMPS/CUSTOMER PAY
E001,CURR001,msme,2024-02-22,9432.48,debit,ELECTRICITY BILL
E001,CURR001,msme,2024-02-22,4727.09,debit,GST PAYMENT
E001,CURR001,msme,2024-02-22,9191.88,debit,GST PAYMENT
E001,CURR001,msme,2024-02-23,2135.91,credit,NEFT/SALES PAYMENT
E001,CURR001,msme,2024-02-23,3530.36,credit,IMPS/CUSTOMER PAY
E001,CURR001,msme,2024-02-23,12145.34,debit,ELECTRICITY BILL
E001,CURR001,msme,2024-02-23,2420.33,debit,NEFT/SUPPLIER PAY
E001,CURR001,msme,2024-02-23,6728.94,debit,ELECTRICITY BILL
E001,CURR001,msme,2024-02-24,6133.21,credit,UPI/GPAY CUSTOMER
E001,CURR001,msme,2024-02-24,7631.65,credit,NEFT/SALES PAYMENT
E001,CURR001,msme,2024-02-24,3797.0,debit,UPI/VENDOR PAY
E001,CURR001,msme,2024-02-24,8646.7,debit,NEFT/SALARY
E001,CURR001,msme,2024-02-24,4280.58,debit,UPI/VENDOR PAY
E001,CURR001,msme,2024-02-25,20614.86,credit,UPI/GPAY CUSTOMER
E001,CURR001,msme,2024-02-25,7339.21,credit,NEFT/SALES BULK ORDER
E001,CURR001,msme,2024-02-25,17067.15,credit,UPI/CUSTOMER PAY
E001,CURR001,msme,2024-02-25,11820.21,debit,UPI/VENDOR PAY
E001,CURR001,msme,2024-02-26,8623.41,credit,UPI/GPAY CUSTOMER
E001,CURR001,msme,2024-02-26,6781.93,credit,NEFT/SALES PAYMENT
E001,CURR001,msme,2024-02-26,8556.94,credit,UPI/GPAY CUSTOMER
E001,CURR001,msme,2024-02-26,4681.9,credit,IMPS/CUSTOMER PAY
E001,CURR001,msme,2024-02-26,8727.28,debit,RENT/OFFICE
E001,CURR001,msme,2024-02-26,3423.33,debit,ELECTRICITY BILL
E001,CURR001,msme,2024-02-26,2401.2,debit,NEFT/SALARY
E001,CURR001,msme,2024-02-27,8426.44,credit,UPI/CUSTOMER PAY
E001,CURR001,msme,2024-02-27,8179.43,credit,UPI/GPAY CUSTOMER
E001,CURR001,msme,2024-02-27,7016.6,credit,NEFT/SALES PAYMENT
E001,CURR001,msme,2024-02-27,13655.0,credit,RTGS/INVOICE 1234
E001,CURR001,msme,2024-02-27,4859.27,debit,ELECTRICITY BILL
E001,CURR001,msme,2024-02-27,11045.56,debit,EMI/HDFC LOAN
E001,CURR001,msme,2024-02-28,12650.85,credit,UPI/GPAY CUSTOMER
E001,CURR001,msme,2024-02-28,1594.23,credit,IMPS/CUSTOMER PAY
E001,CURR001,msme,2024-02-28,13571.54,credit,NEFT/SALES BULK ORDER
E001,CURR001,msme,2024-02-28,2307.4,debit,GST PAYMENT
E001,CURR001,msme,2024-02-29,3557.73,credit,UPI/CUSTOMER PAY
E001,CURR001,msme,2024-02-29,6923.67,credit,UPI/CUSTOMER PAY
E001,CURR001,msme,2024-02-29,2330.32,credit,RTGS/INVOICE 1234
E001,CURR001,msme,2024-02-29,4501.6,credit,NEFT/SALES PAYMENT
E001,CURR001,msme,2024-02-29,12438.19,debit,NEFT/SUPPLIER PAY
E001,CURR001,msme,2024-02-29,18448.29,debit,GST PAYMENT
E001,CURR001,msme,2024-03-01,7285.18,credit,UPI/GPAY CUSTOMER
E001,CURR001,msme,2024-03-01,2816.6,credit,NEFT/SALES PAYMENT
E001,CURR001,msme,2024-03-01,7074.6,debit,GST PAYMENT
E001,CURR001,msme,2024-03-01,4674.18,debit,EMI/HDFC LOAN
E001,CURR001,msme,2024-03-01,15093.77,debit,NEFT/SUPPLIER PAY
E001,CURR001,msme,2024-03-02,7705.71,credit,RTGS/INVOICE 1234
E001,CURR001,msme,2024-03-02,9926.76,credit,IMPS/CUSTOMER PAY
E001,CURR001,msme,2024-03-02,1930.51,credit,RTGS/INVOICE 1234
E001,CURR001,msme,2024-03-02,13637.04,debit,GST PAYMENT
E001,CURR001,msme,2024-03-03,16675.34,credit,NEFT/SALES PAYMENT
E001,CURR001,msme,2024-03-03,12256.16,credit,IMPS/CUSTOMER PAY
E001,CURR001,msme,2024-03-03,22325.34,credit,RTGS/INVOICE 1234
E001,CURR001,msme,2024-03-03,19214.86,debit,EMI/HDFC LOAN
E001,CURR001,msme,2024-03-04,6653.31,credit,UPI/CUSTOMER PAY
E001,CURR001,msme,2024-03-04,1858.99,credit,UPI/CUSTOMER PAY
E001,CURR001,msme,2024-03-04,23447.82,credit,RTGS/INVOICE 1234
E001,CURR001,msme,2024-03-04,11172.06,credit,RTGS/INVOICE 1234
E001,CURR001,msme,2024-03-04,1778.01,debit,RENT/OFFICE
E001,CURR001,msme,2024-03-04,6936.6,debit,GST PAYMENT
E001,CURR001,msme,2024-03-05,3655.29,credit,IMPS/CUSTOMER PAY
E001,CURR001,msme,2024-03-05,36734.0,credit,NEFT/SALES BULK ORDER
E001,CURR001,msme,2024-03-05,7965.92,debit,EMI/HDFC LOAN
E001,CURR001,msme,2024-03-06,1825.02,credit,UPI/GPAY CUSTOMER
E001,CURR001,msme,2024-03-06,18291.36,credit,UPI/GPAY CUSTOMER
E001,CURR001,msme,2024-03-06,14972.69,credit,UPI/GPAY CUSTOMER
E001,CURR001,msme,2024-03-06,8091.98,credit,UPI/GPAY CUSTOMER
E001,CURR001,msme,2024-03-06,10196.22,debit,TDS PAYMENT
E001,CURR001,msme,2024-03-06,3585.85,debit,ELECTRICITY BILL
E001,CURR001,msme,2024-03-07,8508.52,credit,IMPS/CUSTOMER PAY
E001,CURR001,msme,2024-03-07,2212.83,credit,RTGS/INVOICE 1234
E001,CURR001,msme,2024-03-07,8216.07,debit,UPI/VENDOR PAY
E001,CURR001,msme,2024-03-08,14947.26,credit,NEFT/SALES BULK ORDER
E001,CURR001,msme,2024-03-08,3884.83,credit,NEFT/SALES PAYMENT
E001,CURR001,msme,2024-03-08,5430.73,credit,RTGS/INVOICE 1234
E001,CURR001,msme,2024-03-08,5399.88,credit,NEFT/SALES BULK ORDER
E001,CURR001,msme,2024-03-08,981.04,debit,ELECTRICITY BILL
E001,CURR001,msme,2024-03-08,13081.56,debit,NEFT/SUPPLIER PAY
E001,CURR001,msme,2024-03-09,5886.87,credit,RTGS/INVOICE 1234
E001,CURR001,msme,2024-03-09,6497.62,credit,RTGS/INVOICE 1234
E001,CURR001,msme,2024-03-09,6177.92,credit,UPI/GPAY CUSTOMER
E001,CURR001,msme,2024-03-09,5897.64,credit,RTGS/INVOICE 1234
E001,CURR001,msme,2024-03-09,4774.14,debit,ELECTRICITY BILL
E001,CURR001,msme,2024-03-09,2704.18,debit,EMI/HDFC LOAN
E001,CURR001,msme,2024-03-09,3076.03,debit,GST PAYMENT
E001,CURR001,msme,2024-03-10,12709.14,credit,NEFT/SALES PAYMENT
E001,CURR001,msme,2024-03-10,2364.93,credit,IMPS/CUSTOMER PAY
E001,CURR001,msme,2024-03-10,7795.13,debit,NEFT/SUPPLIER PAY
E001,CURR001,msme,2024-03-10,10502.61,debit,EMI/HDFC LOAN
E001,CURR001,msme,2024-03-11,10949.05,credit,NEFT/SALES PAYMENT
E001,CURR001,msme,2024-03-11,9567.38,credit,UPI/CUSTOMER PAY
E001,CURR001,msme,2024-03-11,11768.2,credit,UPI/GPAY CUSTOMER
E001,CURR001,msme,2024-03-11,7358.37,credit,UPI/GPAY CUSTOMER
E001,CURR001,msme,2024-03-11,5661.34,debit,TDS PAYMENT
E001,CURR001,msme,2024-03-11,15064.35,debit,NEFT/SALARY
E001,CURR001,msme,2024-03-11,9286.99,debit,NEFT/SALARY
E001,CURR001,msme,2024-03-12,2325.22,credit,NEFT/SALES PAYMENT
E001,CURR001,msme,2024-03-12,17211.92,credit,IMPS/CUSTOMER PAY
E001,CURR001,msme,2024-03-12,20767.92,credit,NEFT/SALES PAYMENT
E001,CURR001,msme,2024-03-12,6363.36,debit,TDS PAYMENT
E001,CURR001,msme,2024-03-12,5361.5,debit,RENT/OFFICE
E001,CURR001,msme,2024-03-13,6941.14,credit,NEFT/SALES BULK ORDER
E001,CURR001,msme,2024-03-13,3830.7,credit,UPI/GPAY CUSTOMER
E001,CURR001,msme,2024-03-13,4073.23,debit,RENT/OFFICE
E001,CURR001,msme,2024-03-13,5553.48,debit,EMI/HDFC LOAN
E001,CURR001,msme,2024-03-13,3111.73,debit,GST PAYMENT
E001,CURR001,msme,2024-03-14,5219.56,credit,NEFT/SALES PAYMENT
E001,CURR001,msme,2024-03-14,14359.1,credit,RTGS/INVOICE 1234
E001,CURR001,msme,2024-03-14,4742.01,debit,GST PAYMENT
E001,CURR001,msme,2024-03-15,8208.29,credit,NEFT/SALES PAYMENT
E001,CURR001,msme,2024-03-15,9087.41,credit,NEFT/SALES PAYMENT
E001,CURR001,msme,2024-03-15,9187.74,credit,IMPS/CUSTOMER PAY
E001,CURR001,msme,2024-03-15,10400.34,debit,TDS PAYMENT
E001,CURR001,msme,2024-03-15,6844.51,debit,RENT/OFFICE
E001,CURR001,msme,2024-03-16,4617.79,credit,UPI/GPAY CUSTOMER
E001,CURR001,msme,2024-03-16,10222.72,credit,NEFT/SALES PAYMENT
E001,CURR001,msme,2024-03-16,4625.2,debit,NEFT/SALARY
E001,CURR001,msme,2024-03-17,20078.36,credit,UPI/GPAY CUSTOMER
E001,CURR001,msme,2024-03-17,7174.49,credit,NEFT/SALES BULK ORDER
E001,CURR001,msme,2024-03-17,7596.91,credit,UPI/GPAY CUSTOMER
E001,CURR001,msme,2024-03-17,8601.81,debit,NEFT/SALARY
E001,CURR001,msme,2024-03-18,13186.49,credit,UPI/CUSTOMER PAY
E001,CURR001,msme,2024-03-18,19668.04,credit,UPI/CUSTOMER PAY
E001,CURR001,msme,2024-03-18,7809.93,credit,NEFT/SALES BULK ORDER
E001,CURR001,msme,2024-03-18,3731.32,debit,ELECTRICITY BILL
E001,CURR001,msme,2024-03-19,14533.72,credit,UPI/GPAY CUSTOMER
E001,CURR001,msme,2024-03-19,9826.13,credit,RTGS/INVOICE 1234
E001,CURR001,msme,2024-03-19,14192.68,debit,UPI/VENDOR PAY
E001,CURR001,msme,2024-03-20,1861.9,credit,NEFT/SALES BULK ORDER
E001,CURR001,msme,2024-03-20,18745.7,credit,NEFT/SALES BULK ORDER
E001,CURR001,msme,2024-03-20,7594.25,credit,UPI/GPAY CUSTOMER
E001,CURR001,msme,2024-03-20,2071.93,credit,NEFT/SALES BULK ORDER
E001,CURR001,msme,2024-03-20,9771.32,debit,TDS PAYMENT
E001,CURR001,msme,2024-03-20,3296.67,debit,ELECTRICITY BILL
E001,CURR001,msme,2024-03-20,4310.84,debit,TDS PAYMENT
E001,CURR001,msme,2024-03-21,5563.67,credit,NEFT/SALES BULK ORDER
E001,CURR001,msme,2024-03-21,9470.56,credit,RTGS/INVOICE 1234
E001,CURR001,msme,2024-03-21,15587.19,credit,NEFT/SALES BULK ORDER
E001,CURR001,msme,2024-03-21,2106.09,debit,EMI/HDFC LOAN
E001,CURR001,msme,2024-03-21,8674.94,debit,NEFT/SALARY
E001,CURR001,msme,2024-03-21,6200.24,debit,NEFT/SALARY
E001,CURR001,msme,2024-03-22,7949.04,credit,UPI/GPAY CUSTOMER
E001,CURR001,msme,2024-03-22,4174.34,credit,RTGS/INVOICE 1234
E001,CURR001,msme,2024-03-22,2933.29,credit,UPI/CUSTOMER PAY
E001,CURR001,msme,2024-03-22,6802.43,credit,IMPS/CUSTOMER PAY
E001,CURR001,msme,2024-03-22,11287.0,debit,EMI/HDFC LOAN
E001,CURR001,msme,2024-03-22,2011.53,debit,GST PAYMENT
E001,CURR001,msme,2024-03-22,3394.16,debit,NEFT/SALARY
E001,CURR001,msme,2024-03-23,5697.48,credit,NEFT/SALES BULK ORDER
E001,CURR001,msme,2024-03-23,6920.77,credit,UPI/CUSTOMER PAY
E001,CURR001,msme,2024-03-23,1712.55,debit,EMI/HDFC LOAN
E001,CURR001,msme,2024-03-24,1760.65,credit,NEFT/SALES BULK ORDER
E001,CURR001,msme,2024-03-24,10983.58,credit,RTGS/INVOICE 1234
E001,CURR001,msme,2024-03-24,8723.87,debit,NEFT/SALARY
E001,CURR001,msme,2024-03-24,4286.26,debit,RENT/OFFICE
E001,CURR001,msme,2024-03-25,2999.35,credit,UPI/CUSTOMER PAY
E001,CURR001,msme,2024-03-25,2078.41,credit,UPI/GPAY CUSTOMER
E001,CURR001,msme,2024-03-25,14399.12,credit,UPI/CUSTOMER PAY
E001,CURR001,msme,2024-03-25,11393.94,credit,NEFT/SALES BULK ORDER
E001,CURR001,msme,2024-03-25,15906.02,debit,EMI/HDFC LOAN
E001,CURR001,msme,2024-03-26,4194.09,credit,UPI/CUSTOMER PAY
E001,CURR001,msme,2024-03-26,6820.73,credit,UPI/GPAY CUSTOMER
E001,CURR001,msme,2024-03-26,9848.46,debit,EMI/HDFC LOAN
E001,CURR001,msme,2024-03-27,6635.87,credit,IMPS/CUSTOMER PAY
E001,CURR001,msme,2024-03-27,6034.45,credit,NEFT/SALES BULK ORDER
E001,CURR001,msme,2024-03-27,8581.92,credit,IMPS/CUSTOMER PAY
E001,CURR001,msme,2024-03-27,15266.21,debit,RENT/OFFICE
E001,CURR001,msme,2024-03-28,10080.85,credit,RTGS/INVOICE 1234
E001,CURR001,msme,2024-03-28,20203.1,credit,RTGS/INVOICE 1234
E001,CURR001,msme,2024-03-28,5117.93,debit,RENT/OFFICE
E001,CURR001,msme,2024-03-28,4080.95,debit,EMI/HDFC LOAN
E001,CURR001,msme,2024-03-29,17696.91,credit,UPI/CUSTOMER PAY
E001,CURR001,msme,2024-03-29,3275.68,credit,IMPS/CUSTOMER PAY
E001,CURR001,msme,2024-03-29,8799.35,credit,UPI/GPAY CUSTOMER
E001,CURR001,msme,2024-03-29,9594.45,debit,NEFT/SALARY
E001,CURR001,msme,2024-03-29,7160.32,debit,UPI/VENDOR PAY
E001,CURR001,msme,2024-03-30,12611.97,credit,RTGS/INVOICE 1234
E001,CURR001,msme,2024-03-30,20630.68,credit,UPI/GPAY CUSTOMER
E001,CURR001,msme,2024-03-30,10914.2,credit,UPI/GPAY CUSTOMER
E001,CURR001,msme,2024-03-30,43709.83,credit,NEFT/SALES PAYMENT
E001,CURR001,msme,2024-03-30,17772.59,debit,NEFT/SUPPLIER PAY
E001,CURR001,msme,2024-03-30,2684.4,debit,GST PAYMENT
E001,CURR001,msme,2024-03-31,7322.99,credit,NEFT/SALES BULK ORDER
E001,CURR001,msme,2024-03-31,21398.2,credit,UPI/CUSTOMER PAY
E001,CURR001,msme,2024-03-31,14014.36,credit,NEFT/SALES BULK ORDER
E001,CURR001,msme,2024-03-31,4429.16,debit,GST PAYMENT
E001,CURR001,msme,2024-03-31,2486.71,debit,NEFT/SUPPLIER PAY
E001,CURR001,msme,2024-04-01,12302.47,credit,UPI/CUSTOMER PAY
E001,CURR001,msme,2024-04-01,7354.75,credit,RTGS/INVOICE 1234
E001,CURR001,msme,2024-04-01,11906.09,credit,UPI/CUSTOMER PAY
E001,CURR001,msme,2024-04-01,3563.19,credit,IMPS/CUSTOMER PAY
E001,CURR001,msme,2024-04-01,1725.24,debit,ELECTRICITY BILL
E001,CURR001,msme,2024-04-01,4872.64,debit,ELECTRICITY BILL
E001,CURR001,msme,2024-04-01,2684.62,debit,GST PAYMENT
E001,CURR001,msme,2024-04-02,5776.49,credit,NEFT/SALES BULK ORDER
E001,CURR001,msme,2024-04-02,15707.83,credit,UPI/GPAY CUSTOMER
E001,CURR001,msme,2024-04-02,4251.91,debit,NEFT/SALARY
E001,CURR001,msme,2024-04-03,6597.06,credit,UPI/CUSTOMER PAY
E001,CURR001,msme,2024-04-03,17069.03,credit,NEFT/SALES BULK ORDER
E001,CURR001,msme,2024-04-03,34463.24,credit,UPI/GPAY CUSTOMER
E001,CURR001,msme,2024-04-03,3594.1,credit,UPI/CUSTOMER PAY
E001,CURR001,msme,2024-04-03,18210.47,debit,GST PAYMENT
E001,CURR001,msme,2024-04-04,4102.26,credit,RTGS/INVOICE 1234
E001,CURR001,msme,2024-04-04,5024.13,credit,NEFT/SALES BULK ORDER
E001,CURR001,msme,2024-04-04,7076.53,credit,NEFT/SALES BULK ORDER
E001,CURR001,msme,2024-04-04,1140.56,debit,TDS PAYMENT
E001,CURR001,msme,2024-04-04,3314.15,debit,NEFT/SUPPLIER PAY
E001,CURR001,msme,2024-04-04,7563.15,debit,GST PAYMENT
E001,CURR001,msme,2024-04-05,20862.76,credit,UPI/GPAY CUSTOMER
E001,CURR001,msme,2024-04-05,8249.2,credit,IMPS/CUSTOMER PAY
E001,CURR001,msme,2024-04-05,16082.44,debit,NEFT/SUPPLIER PAY
E001,CURR001,msme,2024-04-05,5271.84,debit,UPI/VENDOR PAY
E001,CURR001,msme,2024-04-05,24044.05,debit,UPI/VENDOR PAY
E001,CURR001,msme,2024-04-06,13843.06,credit,NEFT/SALES PAYMENT
E001,CURR001,msme,2024-04-06,11790.82,credit,NEFT/SALES BULK ORDER
E001,CURR001,msme,2024-04-06,6695.97,debit,GST PAYMENT
E001,CURR001,msme,2024-04-07,6548.33,credit,UPI/GPAY CUSTOMER
E001,CURR001,msme,2024-04-07,18925.44,credit,IMPS/CUSTOMER PAY
E001,CURR001,msme,2024-04-07,9484.19,debit,EMI/HDFC LOAN
E001,CURR001,msme,2024-04-07,2255.59,debit,UPI/VENDOR PAY
E001,CURR001,msme,2024-04-07,7714.58,debit,GST PAYMENT
E001,CURR001,msme,2024-04-08,12591.96,credit,NEFT/SALES BULK ORDER
E001,CURR001,msme,2024-04-08,4506.22,credit,NEFT/SALES PAYMENT
E001,CURR001,msme,2024-04-08,7800.96,credit,NEFT/SALES PAYMENT
E001,CURR001,msme,2024-04-08,9587.32,credit,RTGS/INVOICE 1234
E001,CURR001,msme,2024-04-08,16063.17,debit,ELECTRICITY BILL
E001,CURR001,msme,2024-04-09,27894.65,credit,IMPS/CUSTOMER PAY
E001,CURR001,msme,2024-04-09,15031.21,credit,NEFT/SALES BULK ORDER
E001,CURR001,msme,2024-04-09,4007.27,credit,NEFT/SALES PAYMENT
E001,CURR001,msme,2024-04-09,8389.7,debit,NEFT/SALARY
E001,CURR001,msme,2024-04-09,4798.77,debit,UPI/VENDOR PAY
E001,CURR001,msme,2024-04-09,2876.15,debit,EMI/HDFC LOAN
E001,CURR001,msme,2024-04-10,13372.02,credit,NEFT/SALES BULK ORDER
E001,CURR001,msme,2024-04-10,4554.31,credit,NEFT/SALES PAYMENT
E001,CURR001,msme,2024-04-10,3292.74,credit,IMPS/CUSTOMER PAY
E001,CURR001,msme,2024-04-10,9535.39,debit,UPI/VENDOR PAY
E001,CURR001,msme,2024-04-10,5107.69,debit,NEFT/SALARY
E001,CURR001,msme,2024-04-10,7335.55,debit,RENT/OFFICE
E001,CURR001,msme,2024-04-11,13052.63,credit,IMPS/CUSTOMER PAY
E001,CURR001,msme,2024-04-11,16520.12,credit,RTGS/INVOICE 1234
E001,CURR001,msme,2024-04-11,5209.35,debit,TDS PAYMENT
E001,CURR001,msme,2024-04-11,7441.1,debit,RENT/OFFICE
E001,CURR001,msme,2024-04-12,7377.63,credit,UPI/GPAY CUSTOMER
E001,CURR001,msme,2024-04-12,14569.4,credit,NEFT/SALES BULK ORDER
E001,CURR001,msme,2024-04-12,4540.87,credit,UPI/CUSTOMER PAY
E001,CURR001,msme,2024-04-12,3635.66,debit,RENT/OFFICE
E001,CURR001,msme,2024-04-12,8642.47,debit,RENT/OFFICE
E001,CURR001,msme,2024-04-13,6210.56,credit,UPI/CUSTOMER PAY
E001,CURR001,msme,2024-04-13,7893.27,credit,RTGS/INVOICE 1234
E001,CURR001,msme,2024-04-13,7585.33,credit,UPI/CUSTOMER PAY
E001,CURR001,msme,2024-04-13,7678.36,credit,UPI/GPAY CUSTOMER
E001,CURR001,msme,2024-04-13,25096.34,debit,NEFT/SUPPLIER PAY
E001,CURR001,msme,2024-04-14,9271.75,credit,NEFT/SALES BULK ORDER
E001,CURR001,msme,2024-04-14,3415.48,credit,UPI/GPAY CUSTOMER
E001,CURR001,msme,2024-04-14,8230.99,credit,UPI/GPAY CUSTOMER
E001,CURR001,msme,2024-04-14,1109.78,debit,ELECTRICITY BILL
E001,CURR001,msme,2024-04-14,4593.02,debit,UPI/VENDOR PAY
E001,CURR001,msme,2024-04-14,14985.4,debit,GST PAYMENT
E001,CURR001,msme,2024-04-15,10539.33,credit,IMPS/CUSTOMER PAY
E001,CURR001,msme,2024-04-15,6632.99,credit,RTGS/INVOICE 1234
E001,CURR001,msme,2024-04-15,6284.04,credit,IMPS/CUSTOMER PAY
E001,CURR001,msme,2024-04-15,1736.46,debit,GST PAYMENT
E001,CURR001,msme,2024-04-15,9030.67,debit,RENT/OFFICE
E001,CURR001,msme,2024-04-16,18147.45,credit,RTGS/INVOICE 1234
E001,CURR001,msme,2024-04-16,1819.25,credit,UPI/GPAY CUSTOMER
E001,CURR001,msme,2024-04-16,2521.16,credit,IMPS/CUSTOMER PAY
E001,CURR001,msme,2024-04-16,17133.68,credit,IMPS/CUSTOMER PAY
E001,CURR001,msme,2024-04-16,1377.95,debit,RENT/OFFICE
E001,CURR001,msme,2024-04-16,1949.73,debit,TDS PAYMENT
E001,CURR001,msme,2024-04-17,4770.66,credit,RTGS/INVOICE 1234
E001,CURR001,msme,2024-04-17,8962.43,credit,IMPS/CUSTOMER PAY
E001,CURR001,msme,2024-04-17,7852.86,debit,NEFT/SUPPLIER PAY
E001,CURR001,msme,2024-04-17,10800.39,debit,ELECTRICITY BILL
E001,CURR001,msme,2024-04-18,15003.19,credit,NEFT/SALES PAYMENT
E001,CURR001,msme,2024-04-18,9168.01,credit,NEFT/SALES PAYMENT
E001,CURR001,msme,2024-04-18,3637.88,debit,EMI/HDFC LOAN
E001,CURR001,msme,2024-04-19,12979.53,credit,NEFT/SALES BULK ORDER
E001,CURR001,msme,2024-04-19,9740.47,credit,UPI/CUSTOMER PAY
E001,CURR001,msme,2024-04-19,8944.35,credit,IMPS/CUSTOMER PAY
E001,CURR001,msme,2024-04-19,3432.7,debit,EMI/HDFC LOAN
E001,CURR001,msme,2024-04-20,9345.85,credit,UPI/GPAY CUSTOMER
E001,CURR001,msme,2024-04-20,3453.61,credit,UPI/GPAY CUSTOMER
E001,CURR001,msme,2024-04-20,7775.76,credit,RTGS/INVOICE 1234
E001,CURR001,msme,2024-04-20,18739.78,debit,ELECTRICITY BILL
E001,CURR001,msme,2024-04-20,11101.57,debit,NEFT/SALARY
E001,CURR001,msme,2024-04-20,6061.95,debit,TDS PAYMENT
E001,CURR001,msme,2024-04-21,10002.56,credit,RTGS/INVOICE 1234
E001,CURR001,msme,2024-04-21,4562.73,credit,RTGS/INVOICE 1234
E001,CURR001,msme,2024-04-21,31804.58,credit,NEFT/SALES BULK ORDER
E001,CURR001,msme,2024-04-21,9960.27,debit,ELECTRICITY BILL
E001,CURR001,msme,2024-04-22,25014.78,credit,NEFT/SALES BULK ORDER
E001,CURR001,msme,2024-04-22,6493.06,credit,UPI/GPAY CUSTOMER
E001,CURR001,msme,2024-04-22,3071.11,debit,EMI/HDFC LOAN
E001,CURR001,msme,2024-04-22,5252.98,debit,GST PAYMENT
E001,CURR001,msme,2024-04-23,15971.52,credit,IMPS/CUSTOMER PAY
E001,CURR001,msme,2024-04-23,7423.95,credit,NEFT/SALES BULK ORDER
E001,CURR001,msme,2024-04-23,4721.54,credit,NEFT/SALES BULK ORDER
E001,CURR001,msme,2024-04-23,4041.83,debit,EMI/HDFC LOAN
E001,CURR001,msme,2024-04-23,4902.72,debit,ELECTRICITY BILL
E001,CURR001,msme,2024-04-24,1618.3,credit,UPI/CUSTOMER PAY
E001,CURR001,msme,2024-04-24,10411.82,credit,UPI/GPAY CUSTOMER
E001,CURR001,msme,2024-04-24,8064.45,debit,NEFT/SALARY
E001,CURR001,msme,2024-04-24,8466.33,debit,NEFT/SUPPLIER PAY
E001,CURR001,msme,2024-04-25,11025.3,credit,NEFT/SALES BULK ORDER
E001,CURR001,msme,2024-04-25,14930.46,credit,NEFT/SALES PAYMENT
E001,CURR001,msme,2024-04-25,6743.13,credit,IMPS/CUSTOMER PAY
E001,CURR001,msme,2024-04-25,3293.21,credit,IMPS/CUSTOMER PAY
E001,CURR001,msme,2024-04-25,13972.72,debit,GST PAYMENT
E001,CURR001,msme,2024-04-25,7800.01,debit,NEFT/SUPPLIER PAY
E001,CURR001,msme,2024-04-26,8830.69,credit,NEFT/SALES PAYMENT
E001,CURR001,msme,2024-04-26,5740.75,credit,IMPS/CUSTOMER PAY
E001,CURR001,msme,2024-04-26,15293.04,debit,TDS PAYMENT
E001,CURR001,msme,2024-04-26,15427.37,debit,EMI/HDFC LOAN
E001,CURR001,msme,2024-04-26,1891.5,debit,UPI/VENDOR PAY
E001,CURR001,msme,2024-04-27,5294.89,credit,IMPS/CUSTOMER PAY
E001,CURR001,msme,2024-04-27,29269.02,credit,UPI/GPAY CUSTOMER
E001,CURR001,msme,2024-04-27,21571.95,credit,NEFT/SALES PAYMENT
E001,CURR001,msme,2024-04-27,3866.72,debit,ELECTRICITY BILL
E001,CURR001,msme,2024-04-27,2986.75,debit,NEFT/SUPPLIER PAY
E001,CURR001,msme,2024-04-28,10745.76,credit,UPI/GPAY CUSTOMER
E001,CURR001,msme,2024-04-28,11671.41,credit,NEFT/SALES BULK ORDER
E001,CURR001,msme,2024-04-28,1570.56,debit,RENT/OFFICE
E001,CURR001,msme,2024-04-28,7254.78,debit,ELECTRICITY BILL
E001,CURR001,msme,2024-04-29,1759.45,credit,NEFT/SALES BULK ORDER
E001,CURR001,msme,2024-04-29,14997.7,credit,UPI/CUSTOMER PAY
E001,CURR001,msme,2024-04-29,17575.05,credit,UPI/CUSTOMER PAY
E001,CURR001,msme,2024-04-29,6498.29,debit,ELECTRICITY BILL
E001,CURR001,msme,2024-04-29,3196.07,debit,NEFT/SALARY
E001,CURR001,msme,2024-04-30,12772.53,credit,RTGS/INVOICE 1234
E001,CURR001,msme,2024-04-30,8299.87,credit,UPI/GPAY CUSTOMER
E001,CURR001,msme,2024-04-30,4103.19,debit,RENT/OFFICE
E001,CURR001,msme,2024-05-01,11951.03,credit,RTGS/INVOICE 1234
E001,CURR001,msme,2024-05-01,29347.75,credit,NEFT/SALES PAYMENT
E001,CURR001,msme,2024-05-01,1678.67,debit,RENT/OFFICE
E001,CURR001,msme,2024-05-02,28204.56,credit,NEFT/SALES PAYMENT
E001,CURR001,msme,2024-05-02,18344.89,credit,UPI/GPAY CUSTOMER
E001,CURR001,msme,2024-05-02,12748.83,debit,NEFT/SUPPLIER PAY
E001,CURR001,msme,2024-05-02,11198.59,debit,EMI/HDFC LOAN
E001,CURR001,msme,2024-05-02,2863.51,debit,NEFT/SUPPLIER PAY
E001,CURR001,msme,2024-05-03,6581.47,credit,NEFT/SALES BULK ORDER
E001,CURR001,msme,2024-05-03,8289.48,credit,IMPS/CUSTOMER PAY
E001,CURR001,msme,2024-05-03,12091.48,credit,UPI/GPAY CUSTOMER
E001,CURR001,msme,2024-05-03,9178.69,debit,NEFT/SALARY
E001,CURR001,msme,2024-05-04,24530.09,credit,NEFT/SALES BULK ORDER
E001,CURR001,msme,2024-05-04,19471.47,credit,NEFT/SALES BULK ORDER
E001,CURR001,msme,2024-05-04,2027.97,debit,EMI/HDFC LOAN
E001,CURR001,msme,2024-05-04,5112.75,debit,NEFT/SUPPLIER PAY
E001,CURR001,msme,2024-05-04,5100.74,debit,RENT/OFFICE
E001,CURR001,msme,2024-05-05,16191.34,credit,NEFT/SALES PAYMENT
E001,CURR001,msme,2024-05-05,9450.9,credit,NEFT/SALES PAYMENT
E001,CURR001,msme,2024-05-05,10949.42,debit,GST PAYMENT
E001,CURR001,msme,2024-05-06,70872.34,credit,IMPS/CUSTOMER PAY
E001,CURR001,msme,2024-05-06,7700.22,credit,IMPS/CUSTOMER PAY
E001,CURR001,msme,2024-05-06,4213.24,debit,NEFT/SALARY
E001,CURR001,msme,2024-05-07,7317.87,credit,NEFT/SALES PAYMENT
E001,CURR001,msme,2024-05-07,2265.71,credit,UPI/CUSTOMER PAY
E001,CURR001,msme,2024-05-07,14852.09,credit,RTGS/INVOICE 1234
E001,CURR001,msme,2024-05-07,4765.95,debit,GST PAYMENT
E001,CURR001,msme,2024-05-07,10521.94,debit,NEFT/SALARY
E001,CURR001,msme,2024-05-07,937.08,debit,GST PAYMENT
E001,CURR001,msme,2024-05-08,10753.82,credit,IMPS/CUSTOMER PAY
E001,CURR001,msme,2024-05-08,23184.98,credit,IMPS/CUSTOMER PAY
E001,CURR001,msme,2024-05-08,3793.34,credit,RTGS/INVOICE 1234
E001,CURR001,msme,2024-05-08,4976.84,debit,UPI/VENDOR PAY
E001,CURR001,msme,2024-05-09,5805.14,credit,NEFT/SALES PAYMENT
E001,CURR001,msme,2024-05-09,17171.5,credit,NEFT/SALES PAYMENT
E001,CURR001,msme,2024-05-09,25176.74,credit,IMPS/CUSTOMER PAY
E001,CURR001,msme,2024-05-09,3517.52,debit,UPI/VENDOR PAY
E001,CURR001,msme,2024-05-10,7819.02,credit,IMPS/CUSTOMER PAY
E001,CURR001,msme,2024-05-10,9283.91,credit,UPI/CUSTOMER PAY
E001,CURR001,msme,2024-05-10,4834.94,debit,NEFT/SALARY
E001,CURR001,msme,2024-05-10,4665.54,debit,ELECTRICITY BILL
E001,CURR001,msme,2024-05-10,4319.15,debit,ELECTRICITY BILL
E001,CURR001,msme,2024-05-11,12289.7,credit,IMPS/CUSTOMER PAY
E001,CURR001,msme,2024-05-11,7085.98,credit,IMPS/CUSTOMER PAY
E001,CURR001,msme,2024-05-11,7628.43,debit,NEFT/SUPPLIER PAY
E001,CURR001,msme,2024-05-11,5325.22,debit,NEFT/SUPPLIER PAY
E001,CURR001,msme,2024-05-11,9061.42,debit,NEFT/SUPPLIER PAY
E001,CURR001,msme,2024-05-12,16538.5,credit,IMPS/CUSTOMER PAY
E001,CURR001,msme,2024-05-12,8328.32,credit,RTGS/INVOICE 1234
E001,CURR001,msme,2024-05-12,2111.82,credit,NEFT/SALES PAYMENT
E001,CURR001,msme,2024-05-12,5727.1,credit,UPI/GPAY CUSTOMER
E001,CURR001,msme,2024-05-12,7821.19,debit,NEFT/SALARY
E001,CURR001,msme,2024-05-13,17756.48,credit,UPI/CUSTOMER PAY
E001,CURR001,msme,2024-05-13,11775.35,credit,NEFT/SALES BULK ORDER
E001,CURR001,msme,2024-05-13,15211.67,credit,NEFT/SALES PAYMENT
E001,CURR001,msme,2024-05-13,9431.22,debit,ELECTRICITY BILL
E001,CURR001,msme,2024-05-14,1591.22,credit,NEFT/SALES PAYMENT
E001,CURR001,msme,2024-05-14,6062.74,credit,UPI/CUSTOMER PAY
E001,CURR001,msme,2024-05-14,14788.28,credit,IMPS/CUSTOMER PAY
E001,CURR001,msme,2024-05-14,13142.43,debit,GST PAYMENT
E001,CURR001,msme,2024-05-15,3131.2,credit,UPI/CUSTOMER PAY
E001,CURR001,msme,2024-05-15,39777.47,credit,UPI/GPAY CUSTOMER
E001,CURR001,msme,2024-05-15,36986.56,credit,UPI/GPAY CUSTOMER
E001,CURR001,msme,2024-05-15,7397.89,credit,NEFT/SALES PAYMENT
E001,CURR001,msme,2024-05-15,11277.02,debit,GST PAYMENT
E001,CURR001,msme,2024-05-16,1784.44,credit,RTGS/INVOICE 1234
E001,CURR001,msme,2024-05-16,6899.91,credit,UPI/CUSTOMER PAY
E001,CURR001,msme,2024-05-16,6677.13,credit,NEFT/SALES PAYMENT
E001,CURR001,msme,2024-05-16,6346.13,credit,NEFT/SALES PAYMENT
E001,CURR001,msme,2024-05-16,12755.06,debit,GST PAYMENT
E001,CURR001,msme,2024-05-17,17035.96,credit,RTGS/INVOICE 1234
E001,CURR001,msme,2024-05-17,13380.4,credit,NEFT/SALES PAYMENT
E001,CURR001,msme,2024-05-17,18325.32,credit,NEFT/SALES BULK ORDER
E001,CURR001,msme,2024-05-17,40833.48,credit,RTGS/INVOICE 1234
E001,CURR001,msme,2024-05-17,4640.95,debit,EMI/HDFC LOAN
E001,CURR001,msme,2024-05-17,9836.29,debit,ELECTRICITY BILL
E001,CURR001,msme,2024-05-17,4172.21,debit,RENT/OFFICE
E001,CURR001,msme,2024-05-18,16169.1,credit,UPI/CUSTOMER PAY
E001,CURR001,msme,2024-05-18,31853.82,credit,NEFT/SALES BULK ORDER
E001,CURR001,msme,2024-05-18,14984.1,credit,NEFT/SALES PAYMENT
E001,CURR001,msme,2024-05-18,15531.48,credit,IMPS/CUSTOMER PAY
E001,CURR001,msme,2024-05-18,2722.49,debit,TDS PAYMENT
E001,CURR001,msme,2024-05-18,12506.69,debit,ELECTRICITY BILL
E001,CURR001,msme,2024-05-19,11079.67,credit,UPI/GPAY CUSTOMER
E001,CURR001,msme,2024-05-19,12540.51,credit,UPI/CUSTOMER PAY
E001,CURR001,msme,2024-05-19,7048.25,credit,UPI/CUSTOMER PAY
E001,CURR001,msme,2024-05-19,4963.19,debit,NEFT/SUPPLIER PAY
E001,CURR001,msme,2024-05-19,7292.86,debit,TDS PAYMENT
E001,CURR001,msme,2024-05-20,10088.29,credit,UPI/GPAY CUSTOMER
E001,CURR001,msme,2024-05-20,943.11,credit,UPI/GPAY CUSTOMER
E001,CURR001,msme,2024-05-20,11785.68,credit,UPI/CUSTOMER PAY
E001,CURR001,msme,2024-05-20,12581.64,credit,NEFT/SALES BULK ORDER
E001,CURR001,msme,2024-05-20,4873.51,debit,RENT/OFFICE
E001,CURR001,msme,2024-05-20,2242.76,debit,GST PAYMENT
E001,CURR001,msme,2024-05-21,3257.39,credit,NEFT/SALES PAYMENT
E001,CURR001,msme,2024-05-21,13244.78,credit,NEFT/SALES PAYMENT
E001,CURR001,msme,2024-05-21,10634.41,credit,IMPS/CUSTOMER PAY
E001,CURR001,msme,2024-05-21,2341.82,credit,UPI/CUSTOMER PAY
E001,CURR001,msme,2024-05-21,3166.23,debit,GST PAYMENT
E001,CURR001,msme,2024-05-21,12094.03,debit,NEFT/SALARY
E001,CURR001,msme,2024-05-22,10103.63,credit,NEFT/SALES PAYMENT
E001,CURR001,msme,2024-05-22,1978.84,credit,UPI/GPAY CUSTOMER
E001,CURR001,msme,2024-05-22,3629.16,debit,NEFT/SUPPLIER PAY
E001,CURR001,msme,2024-05-23,2169.1,credit,RTGS/INVOICE 1234
E001,CURR001,msme,2024-05-23,24268.33,credit,UPI/GPAY CUSTOMER
E001,CURR001,msme,2024-05-23,30284.83,credit,UPI/CUSTOMER PAY
E001,CURR001,msme,2024-05-23,6028.88,debit,NEFT/SUPPLIER PAY
E001,CURR001,msme,2024-05-23,12891.52,debit,NEFT/SALARY
E001,CURR001,msme,2024-05-23,1284.15,debit,TDS PAYMENT
E001,CURR001,msme,2024-05-24,2497.63,credit,NEFT/SALES PAYMENT
E001,CURR001,msme,2024-05-24,5572.98,credit,RTGS/INVOICE 1234
E001,CURR001,msme,2024-05-24,39676.33,credit,UPI/GPAY CUSTOMER
E001,CURR001,msme,2024-05-24,4532.92,debit,ELECTRICITY BILL
E001,CURR001,msme,2024-05-25,22367.99,credit,NEFT/SALES BULK ORDER
E001,CURR001,msme,2024-05-25,2536.87,credit,NEFT/SALES BULK ORDER
E001,CURR001,msme,2024-05-25,7516.57,credit,IMPS/CUSTOMER PAY
E001,CURR001,msme,2024-05-25,774.59,debit,ELECTRICITY BILL
E001,CURR001,msme,2024-05-25,5535.33,debit,ELECTRICITY BILL
E001,CURR001,msme,2024-05-25,827.43,debit,TDS PAYMENT
E001,CURR001,msme,2024-05-26,10509.0,credit,RTGS/INVOICE 1234
E001,CURR001,msme,2024-05-26,18314.98,credit,NEFT/SALES BULK ORDER
E001,CURR001,msme,2024-05-26,13660.63,credit,IMPS/CUSTOMER PAY
E001,CURR001,msme,2024-05-26,13094.38,debit,NEFT/SUPPLIER PAY
E001,CURR001,msme,2024-05-27,9971.25,credit,RTGS/INVOICE 1234
E001,CURR001,msme,2024-05-27,16304.42,credit,IMPS/CUSTOMER PAY
E001,CURR001,msme,2024-05-27,8627.86,credit,UPI/GPAY CUSTOMER
E001,CURR001,msme,2024-05-27,12436.1,credit,NEFT/SALES BULK ORDER
E001,CURR001,msme,2024-05-27,22960.24,debit,RENT/OFFICE
E001,CURR001,msme,2024-05-28,8714.36,credit,RTGS/INVOICE 1234
E001,CURR001,msme,2024-05-28,705.16,credit,IMPS/CUSTOMER PAY
E001,CURR001,msme,2024-05-28,2195.62,credit,NEFT/SALES PAYMENT
E001,CURR001,msme,2024-05-28,3858.89,debit,NEFT/SALARY
E001,CURR001,msme,2024-05-28,16004.37,debit,NEFT/SALARY
E001,CURR001,msme,2024-05-29,6222.11,credit,NEFT/SALES BULK ORDER
E001,CURR001,msme,2024-05-29,8045.17,credit,UPI/GPAY CUSTOMER
E001,CURR001,msme,2024-05-29,3797.34,credit,NEFT/SALES BULK ORDER
E001,CURR001,msme,2024-05-29,10539.14,debit,TDS PAYMENT
E001,CURR001,msme,2024-05-29,10412.52,debit,GST PAYMENT
E001,CURR001,msme,2024-05-30,6341.77,credit,UPI/GPAY CUSTOMER
E001,CURR001,msme,2024-05-30,2347.08,credit,IMPS/CUSTOMER PAY
E001,CURR001,msme,2024-05-30,3171.18,debit,NEFT/SUPPLIER PAY
E001,CURR001,msme,2024-05-31,3704.84,credit,NEFT/SALES BULK ORDER
E001,CURR001,msme,2024-05-31,13319.31,credit,UPI/CUSTOMER PAY
E001,CURR001,msme,2024-05-31,5120.65,credit,NEFT/SALES BULK ORDER
E001,CURR001,msme,2024-05-31,3982.85,credit,UPI/GPAY CUSTOMER
E001,CURR001,msme,2024-05-31,2692.5,debit,NEFT/SALARY
E001,CURR001,msme,2024-05-31,10048.16,debit,NEFT/SUPPLIER PAY
E001,CURR001,msme,2024-05-31,13432.84,debit,EMI/HDFC LOAN
E001,CURR001,msme,2024-06-01,3497.66,credit,UPI/CUSTOMER PAY
E001,CURR001,msme,2024-06-01,3722.54,credit,IMPS/CUSTOMER PAY
E001,CURR001,msme,2024-06-01,14015.56,credit,IMPS/CUSTOMER PAY
E001,CURR001,msme,2024-06-01,3409.54,credit,UPI/GPAY CUSTOMER
E001,CURR001,msme,2024-06-01,5043.61,debit,EMI/HDFC LOAN
E001,CURR001,msme,2024-06-02,8932.1,credit,NEFT/SALES BULK ORDER
E001,CURR001,msme,2024-06-02,7181.41,credit,IMPS/CUSTOMER PAY
E001,CURR001,msme,2024-06-02,4365.32,credit,UPI/GPAY CUSTOMER
E001,CURR001,msme,2024-06-02,5628.66,credit,UPI/CUSTOMER PAY
E001,CURR001,msme,2024-06-02,5834.07,debit,GST PAYMENT
E001,CURR001,msme,2024-06-03,20797.8,credit,UPI/CUSTOMER PAY
E001,CURR001,msme,2024-06-03,11231.85,credit,NEFT/SALES BULK ORDER
E001,CURR001,msme,2024-06-03,38566.29,debit,UPI/VENDOR PAY
E001,CURR001,msme,2024-06-03,8161.18,debit,EMI/HDFC LOAN
E001,CURR001,msme,2024-06-04,38108.7,credit,UPI/GPAY CUSTOMER
E001,CURR001,msme,2024-06-04,4879.67,credit,UPI/GPAY CUSTOMER
E001,CURR001,msme,2024-06-04,4064.38,debit,ELECTRICITY BILL
E001,CURR001,msme,2024-06-04,3551.89,debit,RENT/OFFICE
E001,CURR001,msme,2024-06-05,5377.41,credit,IMPS/CUSTOMER PAY
E001,CURR001,msme,2024-06-05,6975.19,credit,UPI/CUSTOMER PAY
E001,CURR001,msme,2024-06-05,18679.04,credit,RTGS/INVOICE 1234
E001,CURR001,msme,2024-06-05,7988.89,credit,NEFT/SALES BULK ORDER
E001,CURR001,msme,2024-06-05,12420.93,debit,EMI/HDFC LOAN
E001,CURR001,msme,2024-06-06,3775.77,credit,NEFT/SALES BULK ORDER
E001,CURR001,msme,2024-06-06,7063.1,credit,NEFT/SALES PAYMENT
E001,CURR001,msme,2024-06-06,60480.44,credit,RTGS/INVOICE 1234
E001,CURR001,msme,2024-06-06,2661.18,debit,TDS PAYMENT
E001,CURR001,msme,2024-06-07,13964.51,credit,UPI/GPAY CUSTOMER
E001,CURR001,msme,2024-06-07,2914.31,credit,NEFT/SALES PAYMENT
E001,CURR001,msme,2024-06-07,6441.75,credit,IMPS/CUSTOMER PAY
E001,CURR001,msme,2024-06-07,3190.86,debit,NEFT/SUPPLIER PAY
E001,CURR001,msme,2024-06-07,2259.43,debit,ELECTRICITY BILL
E001,CURR001,msme,2024-06-07,10164.01,debit,NEFT/SALARY
E001,CURR001,msme,2024-06-08,14933.62,credit,UPI/GPAY CUSTOMER
E001,CURR001,msme,2024-06-08,6137.47,credit,UPI/GPAY CUSTOMER
E001,CURR001,msme,2024-06-08,3757.15,credit,NEFT/SALES BULK ORDER
E001,CURR001,msme,2024-06-08,39545.98,credit,UPI/GPAY CUSTOMER
E001,CURR001,msme,2024-06-08,3600.64,debit,EMI/HDFC LOAN
E001,CURR001,msme,2024-06-08,967.54,debit,NEFT/SUPPLIER PAY
E001,CURR001,msme,2024-06-08,3337.49,debit,NEFT/SALARY
E001,CURR001,msme,2024-06-09,12809.68,credit,UPI/GPAY CUSTOMER
E001,CURR001,msme,2024-06-09,11132.65,credit,IMPS/CUSTOMER PAY
E001,CURR001,msme,2024-06-09,15941.5,credit,NEFT/SALES PAYMENT
E001,CURR001,msme,2024-06-09,6162.78,credit,UPI/CUSTOMER PAY
E001,CURR001,msme,2024-06-09,7130.71,debit,GST PAYMENT
E001,CURR001,msme,2024-06-10,11675.87,credit,UPI/CUSTOMER PAY
E001,CURR001,msme,2024-06-10,9597.44,credit,RTGS/INVOICE 1234
E001,CURR001,msme,2024-06-10,39106.06,credit,NEFT/SALES PAYMENT
E001,CURR001,msme,2024-06-10,4402.79,debit,GST PAYMENT
E001,CURR001,msme,2024-06-10,5172.8,debit,NEFT/SALARY
E001,CURR001,msme,2024-06-11,24610.58,credit,UPI/CUSTOMER PAY
E001,CURR001,msme,2024-06-11,9080.66,credit,NEFT/SALES BULK ORDER
E001,CURR001,msme,2024-06-11,4894.59,credit,UPI/GPAY CUSTOMER
E001,CURR001,msme,2024-06-11,7345.4,debit,UPI/VENDOR PAY
E001,CURR001,msme,2024-06-11,19038.87,debit,NEFT/SALARY
E001,CURR001,msme,2024-06-11,8640.09,debit,UPI/VENDOR PAY
E001,CURR001,msme,2024-06-12,13868.76,credit,NEFT/SALES PAYMENT
E001,CURR001,msme,2024-06-12,2054.74,credit,UPI/CUSTOMER PAY
E001,CURR001,msme,2024-06-12,4051.57,debit,ELECTRICITY BILL
E001,CURR001,msme,2024-06-12,1489.38,debit,RENT/OFFICE
E001,CURR001,msme,2024-06-12,8496.58,debit,TDS PAYMENT
E001,CURR001,msme,2024-06-13,3907.71,credit,NEFT/SALES PAYMENT
E001,CURR001,msme,2024-06-13,9776.96,credit,NEFT/SALES BULK ORDER
E001,CURR001,msme,2024-06-13,28354.8,credit,RTGS/INVOICE 1234
E001,CURR001,msme,2024-06-13,3270.39,credit,NEFT/SALES BULK ORDER
E001,CURR001,msme,2024-06-13,10101.37,debit,EMI/HDFC LOAN
E001,CURR001,msme,2024-06-13,4026.15,debit,GST PAYMENT
E001,CURR001,msme,2024-06-13,3304.09,debit,RENT/OFFICE
E001,CURR001,msme,2024-06-14,3032.08,credit,NEFT/SALES PAYMENT
E001,CURR001,msme,2024-06-14,8300.88,credit,NEFT/SALES BULK ORDER
E001,CURR001,msme,2024-06-14,5648.84,credit,UPI/GPAY CUSTOMER
E001,CURR001,msme,2024-06-14,10251.3,credit,UPI/GPAY CUSTOMER
E001,CURR001,msme,2024-06-14,1703.29,debit,TDS PAYMENT
E001,CURR001,msme,2024-06-15,13422.67,credit,UPI/GPAY CUSTOMER
E001,CURR001,msme,2024-06-15,2403.77,credit,UPI/GPAY CUSTOMER
E001,CURR001,msme,2024-06-15,25105.43,credit,IMPS/CUSTOMER PAY
E001,CURR001,msme,2024-06-15,2949.16,debit,GST PAYMENT
E001,CURR001,msme,2024-06-16,17221.73,credit,NEFT/SALES BULK ORDER
E001,CURR001,msme,2024-06-16,11166.33,credit,RTGS/INVOICE 1234
E001,CURR001,msme,2024-06-16,11230.6,credit,NEFT/SALES PAYMENT
E001,CURR001,msme,2024-06-16,2403.08,debit,RENT/OFFICE
E001,CURR001,msme,2024-06-17,3479.46,credit,UPI/GPAY CUSTOMER
E001,CURR001,msme,2024-06-17,4052.56,credit,IMPS/CUSTOMER PAY
E001,CURR001,msme,2024-06-17,12159.31,credit,IMPS/CUSTOMER PAY
E001,CURR001,msme,2024-06-17,4119.82,debit,ELECTRICITY BILL
E001,CURR001,msme,2024-06-17,3767.41,debit,TDS PAYMENT
E001,CURR001,msme,2024-06-18,3738.71,credit,NEFT/SALES BULK ORDER
E001,CURR001,msme,2024-06-18,20852.95,credit,NEFT/SALES PAYMENT
E001,CURR001,msme,2024-06-18,3920.09,debit,GST PAYMENT
E001,CURR001,msme,2024-06-18,3800.68,debit,RENT/OFFICE
E001,CURR001,msme,2024-06-19,17300.91,credit,NEFT/SALES PAYMENT
E001,CURR001,msme,2024-06-19,6343.82,credit,NEFT/SALES PAYMENT
E001,CURR001,msme,2024-06-19,22722.34,credit,UPI/GPAY CUSTOMER
E001,CURR001,msme,2024-06-19,2258.8,debit,GST PAYMENT
E001,CURR001,msme,2024-06-20,1344.17,credit,IMPS/CUSTOMER PAY
E001,CURR001,msme,2024-06-20,9474.15,credit,UPI/GPAY CUSTOMER
E001,CURR001,msme,2024-06-20,14241.13,credit,NEFT/SALES BULK ORDER
E001,CURR001,msme,2024-06-20,6272.93,debit,NEFT/SALARY
E001,CURR001,msme,2024-06-20,3819.24,debit,RENT/OFFICE
E001,CURR001,msme,2024-06-21,13333.37,credit,RTGS/INVOICE 1234
E001,CURR001,msme,2024-06-21,15702.18,credit,UPI/GPAY CUSTOMER
E001,CURR001,msme,2024-06-21,2417.27,credit,RTGS/INVOICE 1234
E001,CURR001,msme,2024-06-21,4992.83,debit,NEFT/SUPPLIER PAY
E001,CURR001,msme,2024-06-21,997.95,debit,ELECTRICITY BILL
E001,CURR001,msme,2024-06-22,10816.65,credit,IMPS/CUSTOMER PAY
E001,CURR001,msme,2024-06-22,6077.25,credit,UPI/GPAY CUSTOMER
E001,CURR001,msme,2024-06-22,705.09,debit,ELECTRICITY BILL
E001,CURR001,msme,2024-06-23,7018.5,credit,UPI/GPAY CUSTOMER
E001,CURR001,msme,2024-06-23,4283.66,credit,IMPS/CUSTOMER PAY
E001,CURR001,msme,2024-06-23,9720.43,credit,IMPS/CUSTOMER PAY
E001,CURR001,msme,2024-06-23,3080.56,debit,ELECTRICITY BILL
E001,CURR001,msme,2024-06-24,1348.12,credit,UPI/CUSTOMER PAY
E001,CURR001,msme,2024-06-24,8740.93,credit,NEFT/SALES BULK ORDER
E001,CURR001,msme,2024-06-24,5438.21,credit,RTGS/INVOICE 1234
E001,CURR001,msme,2024-06-24,3631.75,debit,EMI/HDFC LOAN
E001,CURR001,msme,2024-06-25,4298.51,credit,UPI/GPAY CUSTOMER
E001,CURR001,msme,2024-06-25,7278.64,credit,UPI/CUSTOMER PAY
E001,CURR001,msme,2024-06-25,1890.78,debit,TDS PAYMENT
E001,CURR001,msme,2024-06-26,7698.42,credit,RTGS/INVOICE 1234
E001,CURR001,msme,2024-06-26,2107.96,credit,IMPS/CUSTOMER PAY
E001,CURR001,msme,2024-06-26,7642.76,credit,NEFT/SALES BULK ORDER
E001,CURR001,msme,2024-06-26,2825.56,debit,RENT/OFFICE
E001,CURR001,msme,2024-06-26,12497.33,debit,UPI/VENDOR PAY
E001,CURR001,msme,2024-06-27,4177.4,credit,NEFT/SALES BULK ORDER
E001,CURR001,msme,2024-06-27,18265.14,credit,NEFT/SALES PAYMENT
E001,CURR001,msme,2024-06-27,5868.16,credit,RTGS/INVOICE 1234
E001,CURR001,msme,2024-06-27,11879.8,debit,ELECTRICITY BILL
E001,CURR001,msme,2024-06-27,7567.85,debit,NEFT/SUPPLIER PAY
E001,CURR001,msme,2024-06-27,2048.74,debit,NEFT/SUPPLIER PAY
E001,CURR001,msme,2024-06-28,10909.35,credit,NEFT/SALES BULK ORDER
E001,CURR001,msme,2024-06-28,1572.84,credit,UPI/GPAY CUSTOMER
E001,CURR001,msme,2024-06-28,5968.19,credit,IMPS/CUSTOMER PAY
E001,CURR001,msme,2024-06-28,22422.35,credit,RTGS/INVOICE 1234
E001,CURR001,msme,2024-06-28,4299.51,debit,EMI/HDFC LOAN
E001,CURR001,msme,2024-06-28,13006.87,debit,RENT/OFFICE
E001,CURR001,msme,2024-06-28,12346.42,debit,EMI/HDFC LOAN
E001,CURR001,msme,2024-06-29,8479.44,credit,UPI/CUSTOMER PAY
E001,CURR001,msme,2024-06-29,1940.92,credit,UPI/GPAY CUSTOMER
E001,CURR001,msme,2024-06-29,2406.1,credit,IMPS/CUSTOMER PAY
E001,CURR001,msme,2024-06-29,6957.73,debit,NEFT/SALARY
E001,CURR001,msme,2024-06-29,11024.72,debit,UPI/VENDOR PAY
E001,CURR001,msme,2024-06-30,2391.09,credit,RTGS/INVOICE 1234
E001,CURR001,msme,2024-06-30,14887.73,credit,UPI/CUSTOMER PAY
E001,CURR001,msme,2024-06-30,3751.72,debit,ELECTRICITY BILL
G001,SAV001,general,2022-12-01,85878.62,credit,NEFT/SALARY TRANSFER EMPLOYER
G001,SAV002,general,2022-12-01,1261.37,debit,UPI/ZOMATO
G001,SAV002,general,2022-12-01,2462.54,debit,NETMEDS
G001,SAV001,general,2022-12-02,18343.69,debit,NEFT/RENT LANDLORD PAYMENT
G001,SAV002,general,2022-12-02,1486.69,debit,UPI/AMAZON PAY
G001,SAV001,general,2022-12-03,14321.68,debit,IMPS/TRANSFER TO SELF SAV002
G001,SAV002,general,2022-12-03,15421.8,credit,IMPS/TRANSFER RECEIVED FROM SAV001
G001,SAV001,general,2022-12-05,27921.88,debit,EMI/HOME LOAN HDFC BANK
G001,SAV002,general,2022-12-05,970.95,debit,UPI/PETROL PUMP
G001,SAV002,general,2022-12-05,1234.9,debit,UPI/PHONEPE
G001,SAV002,general,2022-12-06,495.02,debit,UPI/ZOMATO
G001,SAV002,general,2022-12-06,480.49,debit,UPI/SWIGGY
G001,SAV002,general,2022-12-07,910.35,debit,UPI/GPAY VENDOR
G001,SAV002,general,2022-12-07,664.56,debit,UPI/ZOMATO
G001,SAV002,general,2022-12-08,848.42,debit,UPI/BLINKIT
G001,SAV002,general,2022-12-08,858.12,debit,NETMEDS
G001,SAV002,general,2022-12-09,178.36,debit,UPI/PHONEPE
G001,SAV002,general,2022-12-10,199.0,debit,BOOKMYSHOW/PVR
G001,SAV002,general,2022-12-10,523.17,debit,UPI/GPAY VENDOR
G001,SAV002,general,2022-12-10,825.33,debit,UPI/AMAZON PAY
G001,SAV002,general,2022-12-11,1265.58,debit,UPI/AMAZON PAY
G001,SAV002,general,2022-12-11,1429.89,debit,UPI/GPAY VENDOR
G001,SAV002,general,2022-12-12,1219.95,debit,UPI/GPAY VENDOR
G001,SAV002,general,2022-12-12,615.81,debit,UPI/AMAZON PAY
G001,SAV002,general,2022-12-13,1413.63,debit,UPI/PHONEPE
G001,SAV002,general,2022-12-14,1096.88,debit,UPI/GPAY VENDOR
G001,SAV002,general,2022-12-14,1347.88,debit,NETMEDS
G001,SAV002,general,2022-12-15,1458.17,debit,UPI/GPAY VENDOR
G001,SAV002,general,2022-12-15,984.0,debit,UPI/BLINKIT
G001,SAV002,general,2022-12-17,2572.4,debit,NETMEDS
G001,SAV002,general,2022-12-19,1322.17,debit,UPI/PHONEPE
G001,SAV002,general,2022-12-19,151.9,debit,UPI/GPAY VENDOR
G001,SAV002,general,2022-12-20,247.32,debit,UPI/ZOMATO
G001,SAV001,general,2022-12-20,2790.63,debit,ELECTRICITY BILL PAYMENT BESCOM
G001,SAV002,general,2022-12-22,414.08,debit,UPI/BLINKIT
G001,SAV002,general,2022-12-22,403.34,debit,UPI/BLINKIT
G001,SAV002,general,2022-12-25,226.92,debit,UPI/BLINKIT
G001,SAV002,general,2022-12-26,853.07,debit,UPI/BLINKIT
G001,SAV002,general,2022-12-26,296.65,debit,UPI/SWIGGY
G001,SAV002,general,2022-12-27,429.39,debit,UPI/GPAY VENDOR
G001,SAV002,general,2022-12-27,443.94,debit,UPI/PHONEPE
G001,SAV002,general,2022-12-29,1463.55,debit,UPI/GPAY VENDOR
G001,SAV002,general,2022-12-30,810.45,debit,UPI/AMAZON PAY
G001,SAV001,general,2023-01-01,86281.9,credit,NEFT/SALARY TRANSFER EMPLOYER
G001,SAV001,general,2023-01-02,18201.13,debit,NEFT/RENT LANDLORD PAYMENT
G001,SAV002,general,2023-01-02,364.94,debit,UPI/ZOMATO
G001,SAV001,general,2023-01-03,15786.24,debit,IMPS/TRANSFER TO SELF SAV002
G001,SAV002,general,2023-01-03,13715.96,credit,IMPS/TRANSFER RECEIVED FROM SAV001
G001,SAV002,general,2023-01-03,1182.52,debit,UPI/PETROL PUMP
G001,SAV002,general,2023-01-04,433.78,debit,UPI/AMAZON PAY
G001,SAV002,general,2023-01-04,647.23,debit,UPI/ZOMATO
G001,SAV001,general,2023-01-05,27891.06,debit,EMI/HOME LOAN HDFC BANK
G001,SAV002,general,2023-01-05,793.2,debit,HOSPITAL PAYMENT
G001,SAV002,general,2023-01-07,998.91,debit,UPI/SWIGGY
G001,SAV002,general,2023-01-07,1048.1,debit,UPI/ZOMATO
G001,SAV002,general,2023-01-08,102.93,debit,UPI/GPAY VENDOR
G001,SAV002,general,2023-01-09,1498.06,debit,UPI/BLINKIT
G001,SAV002,general,2023-01-09,131.93,debit,UPI/PETROL PUMP
G001,SAV002,general,2023-01-10,499.0,debit,HOTSTAR SUBSCRIPTION
G001,SAV002,general,2023-01-10,1447.84,debit,UPI/PHONEPE
G001,SAV002,general,2023-01-10,1451.83,debit,UPI/AMAZON PAY
G001,SAV002,general,2023-01-12,1084.34,debit,UPI/AMAZON PAY
G001,SAV002,general,2023-01-12,1052.73,debit,UPI/AMAZON PAY
G001,SAV002,general,2023-01-13,395.25,debit,UPI/SWIGGY
G001,SAV002,general,2023-01-13,1450.12,debit,HOSPITAL PAYMENT
G001,SAV002,general,2023-01-14,690.39,debit,UPI/PETROL PUMP
G001,SAV002,general,2023-01-14,174.44,debit,UPI/GPAY VENDOR
G001,SAV002,general,2023-01-15,424.13,debit,UPI/BLINKIT
G001,SAV002,general,2023-01-16,345.95,debit,UPI/ZOMATO
G001,SAV002,general,2023-01-18,1010.39,debit,UPI/SWIGGY
G001,SAV002,general,2023-01-18,1240.81,debit,UPI/ZOMATO
G001,SAV002,general,2023-01-19,99.94,debit,UPI/ZOMATO
G001,SAV002,general,2023-01-19,242.16,debit,UPI/BLINKIT
G001,SAV002,general,2023-01-19,332.22,debit,APOLLO PHARMACY
G001,SAV002,general,2023-01-20,740.85,debit,UPI/AMAZON PAY
G001,SAV001,general,2023-01-20,2651.67,debit,ELECTRICITY BILL PAYMENT BESCOM
G001,SAV002,general,2023-01-21,387.38,debit,UPI/GPAY VENDOR
G001,SAV002,general,2023-01-22,1130.27,debit,UPI/BLINKIT
G001,SAV002,general,2023-01-23,1398.5,debit,UPI/PETROL PUMP
G001,SAV002,general,2023-01-24,1278.99,debit,UPI/SWIGGY
G001,SAV002,general,2023-01-24,908.55,debit,UPI/PHONEPE
G001,SAV002,general,2023-01-26,1221.3,debit,UPI/SWIGGY
G001,SAV002,general,2023-01-27,534.66,debit,HOSPITAL PAYMENT
G001,SAV002,general,2023-01-30,951.42,debit,UPI/PHONEPE
G001,SAV002,general,2023-01-30,675.55,debit,UPI/SWIGGY
G001,SAV001,general,2023-02-01,86780.97,credit,NEFT/SALARY TRANSFER EMPLOYER
G001,SAV001,general,2023-02-02,17727.23,debit,NEFT/RENT LANDLORD PAYMENT
G001,SAV002,general,2023-02-02,882.53,debit,UPI/GPAY VENDOR
G001,SAV001,general,2023-02-03,14427.84,debit,IMPS/TRANSFER TO SELF SAV002
G001,SAV002,general,2023-02-03,16143.45,credit,IMPS/TRANSFER RECEIVED FROM SAV001
G001,SAV002,general,2023-02-03,494.96,debit,UPI/PHONEPE
G001,SAV002,general,2023-02-04,652.6,debit,UPI/GPAY VENDOR
G001,SAV002,general,2023-02-04,1297.74,debit,UPI/PETROL PUMP
G001,SAV001,general,2023-02-05,27956.56,debit,EMI/HOME LOAN HDFC BANK
G001,SAV002,general,2023-02-07,1125.11,debit,UPI/AMAZON PAY
G001,SAV002,general,2023-02-08,1298.13,debit,UPI/PETROL PUMP
G001,SAV002,general,2023-02-09,313.37,debit,UPI/ZOMATO
G001,SAV002,general,2023-02-09,1023.94,debit,UPI/AMAZON PAY
G001,SAV002,general,2023-02-10,649.0,debit,AMAZON PRIME
G001,SAV002,general,2023-02-11,1267.22,debit,UPI/AMAZON PAY
G001,SAV002,general,2023-02-12,351.99,debit,UPI/BLINKIT
G001,SAV002,general,2023-02-12,336.36,debit,UPI/BLINKIT
G001,SAV002,general,2023-02-14,1337.66,debit,UPI/ZOMATO
G001,SAV002,general,2023-02-15,373.01,debit,UPI/GPAY VENDOR
G001,SAV002,general,2023-02-16,1171.71,debit,UPI/PHONEPE
G001,SAV002,general,2023-02-16,884.13,debit,UPI/BLINKIT
G001,SAV002,general,2023-02-17,152.17,debit,UPI/GPAY VENDOR
G001,SAV002,general,2023-02-19,867.3,debit,UPI/PHONEPE
G001,SAV002,general,2023-02-19,1131.59,debit,UPI/GPAY VENDOR
G001,SAV002,general,2023-02-20,535.77,debit,UPI/GPAY VENDOR
G001,SAV002,general,2023-02-20,504.25,debit,UPI/GPAY VENDOR
G001,SAV001,general,2023-02-20,2805.52,debit,ELECTRICITY BILL PAYMENT BESCOM
G001,SAV002,general,2023-02-22,451.59,debit,UPI/SWIGGY
G001,SAV002,general,2023-02-24,2823.88,debit,NETMEDS
G001,SAV002,general,2023-02-27,562.3,debit,UPI/ZOMATO
G001,SAV002,general,2023-02-27,80.02,debit,UPI/BLINKIT
G001,SAV002,general,2023-02-28,1236.64,debit,UPI/SWIGGY
G001,SAV001,general,2023-03-01,86267.81,credit,NEFT/SALARY TRANSFER EMPLOYER
G001,SAV001,general,2023-03-02,18015.21,debit,NEFT/RENT LANDLORD PAYMENT
G001,SAV002,general,2023-03-02,572.75,debit,UPI/AMAZON PAY
G001,SAV002,general,2023-03-02,1435.92,debit,UPI/PETROL PUMP
G001,SAV001,general,2023-03-03,14047.6,debit,IMPS/TRANSFER TO SELF SAV002
G001,SAV002,general,2023-03-03,13881.7,credit,IMPS/TRANSFER RECEIVED FROM SAV001
G001,SAV002,general,2023-03-03,1186.38,debit,UPI/SWIGGY
G001,SAV002,general,2023-03-03,94.75,debit,UPI/PETROL PUMP
G001,SAV002,general,2023-03-04,1115.26,debit,UPI/SWIGGY
G001,SAV001,general,2023-03-05,27759.43,debit,EMI/HOME LOAN HDFC BANK
G001,SAV002,general,2023-03-05,966.05,debit,UPI/AMAZON PAY
G001,SAV002,general,2023-03-05,1302.51,debit,UPI/GPAY VENDOR
G001,SAV002,general,2023-03-06,1341.02,debit,UPI/SWIGGY
G001,SAV002,general,2023-03-06,606.82,debit,UPI/PHONEPE
G001,SAV002,general,2023-03-07,1090.38,debit,UPI/PHONEPE
G001,SAV002,general,2023-03-07,1476.94,debit,UPI/PETROL PUMP
G001,SAV002,general,2023-03-07,2997.83,debit,APOLLO PHARMACY
G001,SAV002,general,2023-03-08,306.56,debit,UPI/PETROL PUMP
G001,SAV002,general,2023-03-08,797.34,debit,HOSPITAL PAYMENT
G001,SAV002,general,2023-03-09,299.68,debit,UPI/PETROL PUMP
G001,SAV002,general,2023-03-10,199.0,debit,NETFLIX SUBSCRIPTION
G001,SAV002,general,2023-03-10,481.26,debit,UPI/SWIGGY
G001,SAV002,general,2023-03-11,138.95,debit,UPI/GPAY VENDOR
G001,SAV002,general,2023-03-11,1038.3,debit,UPI/ZOMATO
G001,SAV002,general,2023-03-11,1267.25,debit,APOLLO PHARMACY
G001,SAV002,general,2023-03-15,925.64,debit,UPI/PHONEPE
G001,SAV002,general,2023-03-16,197.59,debit,UPI/GPAY VENDOR
G001,SAV002,general,2023-03-16,211.4,debit,UPI/PETROL PUMP
G001,SAV002,general,2023-03-17,222.27,debit,UPI/AMAZON PAY
G001,SAV002,general,2023-03-19,947.22,debit,UPI/ZOMATO
G001,SAV002,general,2023-03-20,675.71,debit,UPI/PHONEPE
G001,SAV002,general,2023-03-20,815.2,debit,UPI/GPAY VENDOR
G001,SAV001,general,2023-03-20,3240.21,debit,ELECTRICITY BILL PAYMENT BESCOM
G001,SAV002,general,2023-03-21,677.81,debit,UPI/PETROL PUMP
G001,SAV002,general,2023-03-21,471.05,debit,UPI/GPAY VENDOR
G001,SAV002,general,2023-03-24,256.81,debit,UPI/SWIGGY
G001,SAV002,general,2023-03-24,641.09,debit,HOSPITAL PAYMENT
G001,SAV002,general,2023-03-25,417.2,debit,UPI/SWIGGY
G001,SAV002,general,2023-03-25,376.45,debit,UPI/PHONEPE
G001,SAV002,general,2023-03-26,429.63,debit,UPI/PETROL PUMP
G001,SAV002,general,2023-03-27,1021.81,debit,UPI/AMAZON PAY
G001,SAV002,general,2023-03-29,1419.78,debit,UPI/PETROL PUMP
G001,SAV002,general,2023-03-29,1045.41,debit,UPI/ZOMATO
G001,SAV002,general,2023-03-30,261.67,debit,UPI/BLINKIT
G001,SAV002,general,2023-03-31,580.0,debit,UPI/SWIGGY
G001,SAV002,general,2023-03-31,1343.7,debit,UPI/ZOMATO
G001,SAV001,general,2023-04-01,87310.13,credit,NEFT/SALARY TRANSFER EMPLOYER
G001,SAV002,general,2023-04-01,773.4,debit,UPI/SWIGGY
G001,SAV002,general,2023-04-01,440.2,debit,UPI/BLINKIT
G001,SAV001,general,2023-04-02,18225.88,debit,NEFT/RENT LANDLORD PAYMENT
G001,SAV002,general,2023-04-02,598.1,debit,UPI/SWIGGY
G001,SAV002,general,2023-04-02,248.8,debit,UPI/SWIGGY
G001,SAV001,general,2023-04-03,15034.71,debit,IMPS/TRANSFER TO SELF SAV002
G001,SAV002,general,2023-04-03,15852.21,credit,IMPS/TRANSFER RECEIVED FROM SAV001
G001,SAV002,general,2023-04-03,879.02,debit,UPI/PHONEPE
G001,SAV002,general,2023-04-03,1287.53,debit,UPI/AMAZON PAY
G001,SAV002,general,2023-04-04,968.46,debit,UPI/BLINKIT
G001,SAV002,general,2023-04-04,840.41,debit,UPI/SWIGGY
G001,SAV001,general,2023-04-05,27816.12,debit,EMI/HOME LOAN HDFC BANK
G001,SAV002,general,2023-04-08,782.51,debit,UPI/PETROL PUMP
G001,SAV002,general,2023-04-10,649.0,debit,SPOTIFY PREMIUM
G001,SAV002,general,2023-04-10,262.86,debit,UPI/PHONEPE
G001,SAV002,general,2023-04-10,1404.24,debit,UPI/PHONEPE
G001,SAV002,general,2023-04-12,1213.58,debit,UPI/GPAY VENDOR
G001,SAV002,general,2023-04-13,625.52,debit,UPI/GPAY VENDOR
G001,SAV002,general,2023-04-14,283.44,debit,UPI/PHONEPE
G001,SAV001,general,2023-04-15,25094.26,debit,NEFT/INSURANCE PREMIUM HDFC LIFE
G001,SAV002,general,2023-04-15,1432.64,debit,UPI/PHONEPE
G001,SAV002,general,2023-04-15,980.97,debit,UPI/AMAZON PAY
G001,SAV002,general,2023-04-16,310.23,debit,UPI/BLINKIT
G001,SAV002,general,2023-04-16,249.56,debit,NETMEDS
G001,SAV002,general,2023-04-18,863.1,debit,NETMEDS
G001,SAV002,general,2023-04-19,153.23,debit,UPI/PETROL PUMP
G001,SAV002,general,2023-04-20,1199.23,debit,UPI/BLINKIT
G001,SAV001,general,2023-04-20,3307.94,debit,ELECTRICITY BILL PAYMENT BESCOM
G001,SAV002,general,2023-04-21,530.18,debit,UPI/BLINKIT
G001,SAV002,general,2023-04-25,1295.54,debit,UPI/ZOMATO
G001,SAV002,general,2023-04-26,752.97,debit,UPI/AMAZON PAY
G001,SAV002,general,2023-04-27,544.27,debit,UPI/PHONEPE
G001,SAV002,general,2023-04-28,716.16,debit,UPI/SWIGGY
G001,SAV002,general,2023-04-28,581.85,debit,UPI/SWIGGY
G001,SAV002,general,2023-04-29,891.66,debit,UPI/GPAY VENDOR
G001,SAV001,general,2023-05-01,82462.93,credit,NEFT/SALARY TRANSFER EMPLOYER
G001,SAV002,general,2023-05-01,505.07,debit,UPI/AMAZON PAY
G001,SAV001,general,2023-05-02,18039.18,debit,NEFT/RENT LANDLORD PAYMENT
G001,SAV002,general,2023-05-02,740.61,debit,UPI/ZOMATO
G001,SAV001,general,2023-05-03,15782.47,debit,IMPS/TRANSFER TO SELF SAV002
G001,SAV002,general,2023-05-03,14074.23,credit,IMPS/TRANSFER RECEIVED FROM SAV001
G001,SAV002,general,2023-05-03,395.28,debit,UPI/SWIGGY
G001,SAV002,general,2023-05-03,82.47,debit,UPI/GPAY VENDOR
G001,SAV002,general,2023-05-04,318.59,debit,UPI/AMAZON PAY
G001,SAV002,general,2023-05-04,1435.87,debit,UPI/SWIGGY
G001,SAV001,general,2023-05-05,27723.8,debit,EMI/HOME LOAN HDFC BANK
G001,SAV002,general,2023-05-06,461.97,debit,UPI/BLINKIT
G001,SAV002,general,2023-05-07,1091.21,debit,UPI/SWIGGY
G001,SAV002,general,2023-05-08,99.71,debit,UPI/GPAY VENDOR
G001,SAV002,general,2023-05-08,163.45,debit,UPI/AMAZON PAY
G001,SAV002,general,2023-05-10,649.0,debit,HOTSTAR SUBSCRIPTION
G001,SAV002,general,2023-05-10,1071.77,debit,UPI/ZOMATO
G001,SAV002,general,2023-05-10,615.13,debit,UPI/ZOMATO
G001,SAV002,general,2023-05-11,1282.88,debit,UPI/GPAY VENDOR
G001,SAV002,general,2023-05-12,413.15,debit,UPI/PETROL PUMP
G001,SAV002,general,2023-05-14,807.64,debit,UPI/PHONEPE
G001,SAV002,general,2023-05-14,88.77,debit,UPI/GPAY VENDOR
G001,SAV002,general,2023-05-15,303.08,debit,UPI/SWIGGY
G001,SAV002,general,2023-05-17,1245.88,debit,UPI/ZOMATO
G001,SAV002,general,2023-05-17,230.2,debit,UPI/GPAY VENDOR
G001,SAV002,general,2023-05-18,367.97,debit,UPI/GPAY VENDOR
G001,SAV002,general,2023-05-19,1316.84,debit,UPI/PHONEPE
G001,SAV001,general,2023-05-20,2300.33,debit,ELECTRICITY BILL PAYMENT BESCOM
G001,SAV002,general,2023-05-22,1227.2,debit,UPI/AMAZON PAY
G001,SAV002,general,2023-05-24,685.53,debit,UPI/PHONEPE
G001,SAV002,general,2023-05-24,790.09,debit,UPI/ZOMATO
G001,SAV002,general,2023-05-24,504.92,debit,APOLLO PHARMACY
G001,SAV002,general,2023-05-25,1317.82,debit,UPI/BLINKIT
G001,SAV002,general,2023-05-27,878.89,debit,UPI/SWIGGY
G001,SAV002,general,2023-05-27,1441.77,debit,UPI/GPAY VENDOR
G001,SAV002,general,2023-05-28,862.39,debit,UPI/ZOMATO
G001,SAV002,general,2023-05-28,372.85,debit,UPI/PHONEPE
G001,SAV002,general,2023-05-29,451.78,debit,UPI/GPAY VENDOR
G001,SAV001,general,2023-06-01,83624.17,credit,NEFT/SALARY TRANSFER EMPLOYER
G001,SAV002,general,2023-06-01,216.18,debit,UPI/GPAY VENDOR
G001,SAV001,general,2023-06-02,18095.29,debit,NEFT/RENT LANDLORD PAYMENT
G001,SAV002,general,2023-06-02,723.62,debit,UPI/PETROL PUMP
G001,SAV002,general,2023-06-02,815.74,debit,UPI/AMAZON PAY
G001,SAV001,general,2023-06-03,15592.54,debit,IMPS/TRANSFER TO SELF SAV002
G001,SAV002,general,2023-06-03,14450.66,credit,IMPS/TRANSFER RECEIVED FROM SAV001
G001,SAV002,general,2023-06-03,597.86,debit,UPI/SWIGGY
G001,SAV001,general,2023-06-05,27958.49,debit,EMI/HOME LOAN HDFC BANK
G001,SAV002,general,2023-06-06,767.62,debit,UPI/PETROL PUMP
G001,SAV002,general,2023-06-06,555.48,debit,UPI/PHONEPE
G001,SAV002,general,2023-06-07,89.5,debit,UPI/GPAY VENDOR
G001,SAV002,general,2023-06-07,1282.01,debit,UPI/SWIGGY
G001,SAV002,general,2023-06-08,554.41,debit,UPI/ZOMATO
G001,SAV002,general,2023-06-09,175.09,debit,UPI/PETROL PUMP
G001,SAV002,general,2023-06-09,1224.94,debit,NETMEDS
G001,SAV002,general,2023-06-10,649.0,debit,NETFLIX SUBSCRIPTION
G001,SAV002,general,2023-06-11,1356.5,debit,UPI/GPAY VENDOR
G001,SAV002,general,2023-06-11,897.23,debit,UPI/GPAY VENDOR
G001,SAV002,general,2023-06-12,772.81,debit,UPI/PHONEPE
G001,SAV002,general,2023-06-13,1074.28,debit,UPI/PHONEPE
G001,SAV002,general,2023-06-13,877.85,debit,UPI/PETROL PUMP
G001,SAV002,general,2023-06-14,381.77,debit,UPI/BLINKIT
G001,SAV002,general,2023-06-15,92.49,debit,UPI/ZOMATO
G001,SAV002,general,2023-06-16,1202.54,debit,UPI/PETROL PUMP
G001,SAV002,general,2023-06-16,582.95,debit,UPI/PHONEPE
G001,SAV002,general,2023-06-18,736.06,debit,UPI/PETROL PUMP
G001,SAV002,general,2023-06-19,1303.4,debit,UPI/ZOMATO
G001,SAV002,general,2023-06-19,857.23,debit,UPI/SWIGGY
G001,SAV002,general,2023-06-20,1069.34,debit,UPI/GPAY VENDOR
G001,SAV002,general,2023-06-20,128.08,debit,UPI/BLINKIT
G001,SAV001,general,2023-06-20,1939.21,debit,ELECTRICITY BILL PAYMENT BESCOM
G001,SAV002,general,2023-06-21,1303.38,debit,UPI/SWIGGY
G001,SAV002,general,2023-06-22,638.2,debit,UPI/GPAY VENDOR
G001,SAV002,general,2023-06-24,1036.89,debit,UPI/ZOMATO
G001,SAV002,general,2023-06-24,230.1,debit,UPI/BLINKIT
G001,SAV002,general,2023-06-24,2288.65,debit,HOSPITAL PAYMENT
G001,SAV002,general,2023-06-25,160.9,debit,UPI/SWIGGY
G001,SAV002,general,2023-06-26,1375.72,debit,UPI/GPAY VENDOR
G001,SAV002,general,2023-06-27,647.58,debit,UPI/AMAZON PAY
G001,SAV002,general,2023-06-28,492.88,debit,UPI/SWIGGY
G001,SAV002,general,2023-06-28,1480.6,debit,UPI/PETROL PUMP
G001,SAV002,general,2023-06-30,308.31,debit,UPI/SWIGGY
G001,SAV002,general,2023-06-30,970.67,debit,UPI/BLINKIT
G001,SAV001,general,2023-07-01,83994.5,credit,NEFT/SALARY TRANSFER EMPLOYER
G001,SAV002,general,2023-07-01,1076.35,debit,UPI/GPAY VENDOR
G001,SAV002,general,2023-07-01,794.32,debit,UPI/ZOMATO
G001,SAV001,general,2023-07-02,18224.79,debit,NEFT/RENT LANDLORD PAYMENT
G001,SAV002,general,2023-07-02,277.73,debit,UPI/BLINKIT
G001,SAV001,general,2023-07-03,14396.23,debit,IMPS/TRANSFER TO SELF SAV002
G001,SAV002,general,2023-07-03,16011.84,credit,IMPS/TRANSFER RECEIVED FROM SAV001
G001,SAV002,general,2023-07-03,237.81,debit,UPI/SWIGGY
G001,SAV002,general,2023-07-03,1269.95,debit,UPI/BLINKIT
G001,SAV002,general,2023-07-03,1519.92,debit,HOSPITAL PAYMENT
G001,SAV002,general,2023-07-04,402.5,debit,UPI/PHONEPE
G001,SAV002,general,2023-07-04,268.01,debit,UPI/AMAZON PAY
G001,SAV001,general,2023-07-05,28256.14,debit,EMI/HOME LOAN HDFC BANK
G001,SAV002,general,2023-07-05,1018.78,debit,UPI/AMAZON PAY
G001,SAV002,general,2023-07-05,254.76,debit,UPI/PHONEPE
G001,SAV002,general,2023-07-06,183.92,debit,UPI/GPAY VENDOR
G001,SAV002,general,2023-07-07,1221.83,debit,NETMEDS
G001,SAV002,general,2023-07-08,368.05,debit,UPI/PETROL PUMP
G001,SAV002,general,2023-07-09,630.11,debit,UPI/AMAZON PAY
G001,SAV002,general,2023-07-10,499.0,debit,BOOKMYSHOW/PVR
G001,SAV002,general,2023-07-10,855.73,debit,UPI/GPAY VENDOR
G001,SAV002,general,2023-07-10,258.23,debit,UPI/BLINKIT
G001,SAV002,general,2023-07-11,665.56,debit,UPI/AMAZON PAY
G001,SAV002,general,2023-07-11,1228.07,debit,UPI/SWIGGY
G001,SAV002,general,2023-07-13,474.59,debit,UPI/SWIGGY
G001,SAV002,general,2023-07-15,984.5,debit,UPI/BLINKIT
G001,SAV002,general,2023-07-15,491.71,debit,UPI/GPAY VENDOR
G001,SAV002,general,2023-07-16,756.0,debit,UPI/ZOMATO
G001,SAV002,general,2023-07-16,650.19,debit,UPI/PETROL PUMP
G001,SAV002,general,2023-07-17,722.0,debit,UPI/PETROL PUMP
G001,SAV002,general,2023-07-17,1405.75,debit,UPI/AMAZON PAY
G001,SAV002,general,2023-07-18,1489.95,debit,UPI/BLINKIT
G001,SAV001,general,2023-07-20,3437.33,debit,ELECTRICITY BILL PAYMENT BESCOM
G001,SAV002,general,2023-07-21,304.03,debit,UPI/PHONEPE
G001,SAV002,general,2023-07-21,727.96,debit,UPI/ZOMATO
G001,SAV002,general,2023-07-22,936.62,debit,UPI/AMAZON PAY
G001,SAV002,general,2023-07-23,1353.09,debit,UPI/SWIGGY
G001,SAV002,general,2023-07-23,536.96,debit,UPI/PHONEPE
G001,SAV002,general,2023-07-24,388.58,debit,UPI/SWIGGY
G001,SAV002,general,2023-07-25,1020.67,debit,UPI/PETROL PUMP
G001,SAV002,general,2023-07-25,760.39,debit,UPI/PHONEPE
G001,SAV002,general,2023-07-27,665.89,debit,UPI/BLINKIT
G001,SAV002,general,2023-07-27,1429.66,debit,UPI/ZOMATO
G001,SAV002,general,2023-07-28,1416.03,debit,UPI/GPAY VENDOR
G001,SAV002,general,2023-07-28,1077.45,debit,UPI/AMAZON PAY
G001,SAV002,general,2023-07-31,565.14,debit,UPI/SWIGGY
G001,SAV001,general,2023-08-01,83651.28,credit,NEFT/SALARY TRANSFER EMPLOYER
G001,SAV002,general,2023-08-01,546.85,debit,UPI/ZOMATO
G001,SAV002,general,2023-08-01,1242.14,debit,UPI/PETROL PUMP
G001,SAV001,general,2023-08-02,18266.93,debit,NEFT/RENT LANDLORD PAYMENT
G001,SAV001,general,2023-08-03,15629.0,debit,IMPS/TRANSFER TO SELF SAV002
G001,SAV002,general,2023-08-03,16256.03,credit,IMPS/TRANSFER RECEIVED FROM SAV001
G001,SAV002,general,2023-08-03,335.27,debit,UPI/BLINKIT
G001,SAV001,general,2023-08-05,28180.95,debit,EMI/HOME LOAN HDFC BANK
G001,SAV002,general,2023-08-06,793.83,debit,UPI/AMAZON PAY
G001,SAV002,general,2023-08-06,300.4,debit,UPI/SWIGGY
G001,SAV002,general,2023-08-07,219.11,debit,UPI/SWIGGY
G001,SAV002,general,2023-08-08,1055.39,debit,UPI/GPAY VENDOR
G001,SAV002,general,2023-08-08,742.5,debit,UPI/PHONEPE
G001,SAV002,general,2023-08-09,820.29,debit,UPI/PHONEPE
G001,SAV002,general,2023-08-09,1317.03,debit,UPI/PHONEPE
G001,SAV002,general,2023-08-10,499.0,debit,HOTSTAR SUBSCRIPTION
G001,SAV002,general,2023-08-12,1075.9,debit,UPI/ZOMATO
G001,SAV002,general,2023-08-12,610.81,debit,UPI/AMAZON PAY
G001,SAV002,general,2023-08-16,1141.25,debit,UPI/PHONEPE
G001,SAV002,general,2023-08-16,1423.68,debit,UPI/ZOMATO
G001,SAV002,general,2023-08-18,480.97,debit,UPI/PETROL PUMP
G001,SAV002,general,2023-08-19,799.4,debit,UPI/PHONEPE
G001,SAV002,general,2023-08-19,1027.17,debit,UPI/AMAZON PAY
G001,SAV002,general,2023-08-20,289.05,debit,UPI/AMAZON PAY
G001,SAV002,general,2023-08-20,1187.57,debit,UPI/GPAY VENDOR
G001,SAV001,general,2023-08-20,2279.4,debit,ELECTRICITY BILL PAYMENT BESCOM
G001,SAV002,general,2023-08-21,902.82,debit,UPI/GPAY VENDOR
G001,SAV002,general,2023-08-21,659.37,debit,UPI/ZOMATO
G001,SAV002,general,2023-08-21,763.77,debit,APOLLO PHARMACY
G001,SAV002,general,2023-08-22,2470.72,debit,APOLLO PHARMACY
G001,SAV002,general,2023-08-23,896.72,debit,UPI/AMAZON PAY
G001,SAV002,general,2023-08-23,1336.69,debit,UPI/PHONEPE
G001,SAV002,general,2023-08-25,268.25,debit,UPI/GPAY VENDOR
G001,SAV002,general,2023-08-27,1044.43,debit,UPI/BLINKIT
G001,SAV002,general,2023-08-27,495.32,debit,UPI/GPAY VENDOR
G001,SAV002,general,2023-08-28,880.15,debit,UPI/PETROL PUMP
G001,SAV002,general,2023-08-28,717.82,debit,UPI/SWIGGY
G001,SAV002,general,2023-08-29,911.99,debit,UPI/SWIGGY
G001,SAV002,general,2023-08-30,438.24,debit,UPI/PHONEPE
G001,SAV002,general,2023-08-30,1027.57,debit,UPI/GPAY VENDOR
G001,SAV001,general,2023-09-01,84036.86,credit,NEFT/SALARY TRANSFER EMPLOYER
G001,SAV002,general,2023-09-01,1220.34,debit,UPI/SWIGGY
G001,SAV001,general,2023-09-02,17651.63,debit,NEFT/RENT LANDLORD PAYMENT
G001,SAV001,general,2023-09-03,16102.48,debit,IMPS/TRANSFER TO SELF SAV002
G001,SAV002,general,2023-09-03,14614.7,credit,IMPS/TRANSFER RECEIVED FROM SAV001
G001,SAV002,general,2023-09-04,666.18,debit,UPI/ZOMATO
G001,SAV001,general,2023-09-05,28040.92,debit,EMI/HOME LOAN HDFC BANK
G001,SAV002,general,2023-09-05,1256.71,debit,UPI/SWIGGY
G001,SAV002,general,2023-09-06,808.9,debit,UPI/PHONEPE
G001,SAV002,general,2023-09-08,1007.2,debit,UPI/PETROL PUMP
G001,SAV002,general,2023-09-08,157.98,debit,UPI/GPAY VENDOR
G001,SAV002,general,2023-09-09,1151.19,debit,UPI/PHONEPE
G001,SAV002,general,2023-09-09,568.99,debit,UPI/GPAY VENDOR
G001,SAV002,general,2023-09-10,199.0,debit,NETFLIX SUBSCRIPTION
G001,SAV002,general,2023-09-10,441.56,debit,UPI/BLINKIT
G001,SAV002,general,2023-09-12,244.83,debit,UPI/BLINKIT
G001,SAV002,general,2023-09-12,743.4,debit,UPI/BLINKIT
G001,SAV002,general,2023-09-13,639.2,debit,UPI/GPAY VENDOR
G001,SAV002,general,2023-09-14,855.27,debit,UPI/SWIGGY
G001,SAV002,general,2023-09-16,1438.86,debit,UPI/AMAZON PAY
G001,SAV002,general,2023-09-18,747.63,debit,UPI/ZOMATO
G001,SAV002,general,2023-09-19,629.46,debit,UPI/ZOMATO
G001,SAV002,general,2023-09-20,120.76,debit,UPI/AMAZON PAY
G001,SAV001,general,2023-09-20,2129.74,debit,ELECTRICITY BILL PAYMENT BESCOM
G001,SAV002,general,2023-09-22,875.44,debit,UPI/AMAZON PAY
G001,SAV002,general,2023-09-23,602.77,debit,UPI/SWIGGY
G001,SAV002,general,2023-09-23,1345.75,debit,UPI/SWIGGY
G001,SAV002,general,2023-09-24,1135.1,debit,UPI/AMAZON PAY
G001,SAV002,general,2023-09-25,591.11,debit,UPI/BLINKIT
G001,SAV002,general,2023-09-27,2734.61,debit,NETMEDS
G001,SAV002,general,2023-09-28,999.64,debit,UPI/ZOMATO
G001,SAV002,general,2023-09-28,613.22,debit,UPI/ZOMATO
G001,SAV002,general,2023-09-29,833.02,debit,UPI/SWIGGY
G001,SAV002,general,2023-09-29,1318.41,debit,UPI/SWIGGY
G001,SAV002,general,2023-09-30,443.78,debit,UPI/SWIGGY
G001,SAV001,general,2023-10-01,83647.73,credit,NEFT/SALARY TRANSFER EMPLOYER
G001,SAV002,general,2023-10-01,1278.32,debit,UPI/AMAZON PAY
G001,SAV002,general,2023-10-01,1076.33,debit,UPI/PETROL PUMP
G001,SAV001,general,2023-10-02,17856.7,debit,NEFT/RENT LANDLORD PAYMENT
G001,SAV002,general,2023-10-02,1446.36,debit,UPI/AMAZON PAY
G001,SAV002,general,2023-10-02,915.45,debit,APOLLO PHARMACY
G001,SAV001,general,2023-10-03,13653.24,debit,IMPS/TRANSFER TO SELF SAV002
G001,SAV002,general,2023-10-03,14921.38,credit,IMPS/TRANSFER RECEIVED FROM SAV001
G001,SAV002,general,2023-10-03,885.74,debit,UPI/PHONEPE
G001,SAV002,general,2023-10-03,1155.85,debit,UPI/PHONEPE
G001,SAV002,general,2023-10-04,827.85,debit,UPI/SWIGGY
G001,SAV001,general,2023-10-05,28214.0,debit,EMI/HOME LOAN HDFC BANK
G001,SAV002,general,2023-10-06,1098.19,debit,UPI/PETROL PUMP
G001,SAV002,general,2023-10-06,1003.84,debit,UPI/BLINKIT
G001,SAV002,general,2023-10-07,116.93,debit,UPI/PETROL PUMP
G001,SAV002,general,2023-10-07,430.74,debit,UPI/BLINKIT
G001,SAV002,general,2023-10-08,151.92,debit,UPI/PETROL PUMP
G001,SAV002,general,2023-10-08,906.64,debit,NETMEDS
G001,SAV002,general,2023-10-10,299.0,debit,AMAZON PRIME
G001,SAV002,general,2023-10-10,1087.58,debit,UPI/SWIGGY
G001,SAV002,general,2023-10-10,749.23,debit,UPI/AMAZON PAY
G001,SAV002,general,2023-10-12,1004.1,debit,UPI/BLINKIT
G001,SAV002,general,2023-10-13,1260.51,debit,UPI/GPAY VENDOR
G001,SAV002,general,2023-10-13,816.25,debit,UPI/ZOMATO
G001,SAV002,general,2023-10-13,306.7,debit,HOSPITAL PAYMENT
G001,SAV002,general,2023-10-15,1234.35,debit,UPI/PHONEPE
G001,SAV002,general,2023-10-16,1186.66,debit,HOSPITAL PAYMENT
G001,SAV002,general,2023-10-17,1289.01,debit,UPI/PETROL PUMP
G001,SAV002,general,2023-10-17,143.09,debit,UPI/SWIGGY
G001,SAV002,general,2023-10-20,99.36,debit,UPI/PHONEPE
G001,SAV002,general,2023-10-20,1382.97,debit,UPI/BLINKIT
G001,SAV001,general,2023-10-20,1505.57,debit,ELECTRICITY BILL PAYMENT BESCOM
G001,SAV002,general,2023-10-21,899.71,debit,UPI/BLINKIT
G001,SAV002,general,2023-10-24,790.87,debit,UPI/GPAY VENDOR
G001,SAV002,general,2023-10-24,1057.42,debit,UPI/ZOMATO
G001,SAV002,general,2023-10-24,902.29,debit,APOLLO PHARMACY
G001,SAV002,general,2023-10-25,262.37,debit,HOSPITAL PAYMENT
G001,SAV002,general,2023-10-26,670.55,debit,UPI/GPAY VENDOR
G001,SAV002,general,2023-10-27,1359.92,debit,UPI/SWIGGY
G001,SAV002,general,2023-10-28,1180.48,debit,UPI/PHONEPE
G001,SAV002,general,2023-10-28,466.88,debit,UPI/ZOMATO
G001,SAV002,general,2023-10-28,594.38,debit,APOLLO PHARMACY
G001,SAV002,general,2023-10-29,172.25,debit,UPI/PHONEPE
G001,SAV002,general,2023-10-30,1276.44,debit,UPI/PETROL PUMP
G001,SAV002,general,2023-10-30,1049.8,debit,UPI/GPAY VENDOR
G001,SAV002,general,2023-10-31,1031.34,debit,UPI/GPAY VENDOR
G001,SAV002,general,2023-10-31,819.63,debit,UPI/BLINKIT
G001,SAV001,general,2023-11-01,85411.01,credit,NEFT/SALARY TRANSFER EMPLOYER
G001,SAV001,general,2023-11-02,17787.83,debit,NEFT/RENT LANDLORD PAYMENT
G001,SAV002,general,2023-11-02,490.44,debit,UPI/GPAY VENDOR
G001,SAV001,general,2023-11-03,14798.43,debit,IMPS/TRANSFER TO SELF SAV002
G001,SAV002,general,2023-11-03,15534.79,credit,IMPS/TRANSFER RECEIVED FROM SAV001
G001,SAV002,general,2023-11-04,1498.05,debit,UPI/BLINKIT
G001,SAV002,general,2023-11-04,201.8,debit,UPI/BLINKIT
G001,SAV001,general,2023-11-05,27936.15,debit,EMI/HOME LOAN HDFC BANK
G001,SAV002,general,2023-11-07,117.56,debit,UPI/ZOMATO
G001,SAV002,general,2023-11-08,193.09,debit,UPI/BLINKIT
G001,SAV002,general,2023-11-09,613.99,debit,UPI/GPAY VENDOR
G001,SAV002,general,2023-11-09,887.07,debit,UPI/AMAZON PAY
G001,SAV002,general,2023-11-10,199.0,debit,HOTSTAR SUBSCRIPTION
G001,SAV002,general,2023-11-10,566.9,debit,UPI/PHONEPE
G001,SAV002,general,2023-11-10,1005.51,debit,NETMEDS
G001,SAV002,general,2023-11-11,1425.46,debit,UPI/SWIGGY
G001,SAV002,general,2023-11-12,901.63,debit,UPI/SWIGGY
G001,SAV002,general,2023-11-12,979.61,debit,UPI/ZOMATO
G001,SAV002,general,2023-11-13,626.52,debit,UPI/GPAY VENDOR
G001,SAV002,general,2023-11-14,275.59,debit,UPI/BLINKIT
G001,SAV002,general,2023-11-15,426.76,debit,UPI/GPAY VENDOR
G001,SAV002,general,2023-11-15,1228.94,debit,UPI/AMAZON PAY
G001,SAV002,general,2023-11-16,591.35,debit,UPI/SWIGGY
G001,SAV002,general,2023-11-16,186.63,debit,UPI/PETROL PUMP
G001,SAV002,general,2023-11-18,1251.15,debit,UPI/PHONEPE
G001,SAV002,general,2023-11-18,229.06,debit,UPI/GPAY VENDOR
G001,SAV002,general,2023-11-18,2178.88,debit,APOLLO PHARMACY
G001,SAV002,general,2023-11-19,296.06,debit,UPI/ZOMATO
G001,SAV002,general,2023-11-19,973.96,debit,UPI/GPAY VENDOR
G001,SAV002,general,2023-11-19,2439.12,debit,APOLLO PHARMACY
G001,SAV002,general,2023-11-20,529.13,debit,UPI/SWIGGY
G001,SAV002,general,2023-11-20,1355.82,debit,UPI/AMAZON PAY
G001,SAV001,general,2023-11-20,3744.25,debit,ELECTRICITY BILL PAYMENT BESCOM
G001,SAV002,general,2023-11-21,1390.66,debit,UPI/PETROL PUMP
G001,SAV002,general,2023-11-22,1127.2,debit,UPI/SWIGGY
G001,SAV002,general,2023-11-22,2472.31,debit,HOSPITAL PAYMENT
G001,SAV002,general,2023-11-23,573.72,debit,UPI/GPAY VENDOR
G001,SAV002,general,2023-11-24,623.35,debit,UPI/SWIGGY
G001,SAV002,general,2023-11-24,1080.63,debit,UPI/PETROL PUMP
G001,SAV002,general,2023-11-25,1158.08,debit,UPI/ZOMATO
G001,SAV002,general,2023-11-25,395.44,debit,UPI/AMAZON PAY
G001,SAV002,general,2023-11-28,1096.77,debit,UPI/SWIGGY
G001,SAV002,general,2023-11-28,931.25,debit,UPI/PETROL PUMP
G001,SAV002,general,2023-11-30,2488.24,debit,APOLLO PHARMACY
G001,SAV001,general,2023-12-01,83483.91,credit,NEFT/SALARY TRANSFER EMPLOYER
G001,SAV001,general,2023-12-02,17815.78,debit,NEFT/RENT LANDLORD PAYMENT
G001,SAV002,general,2023-12-02,601.16,debit,UPI/PHONEPE
G001,SAV001,general,2023-12-03,15250.22,debit,IMPS/TRANSFER TO SELF SAV002
G001,SAV002,general,2023-12-03,15986.77,credit,IMPS/TRANSFER RECEIVED FROM SAV001
G001,SAV002,general,2023-12-03,1126.87,debit,UPI/PHONEPE
G001,SAV002,general,2023-12-03,278.47,debit,UPI/PHONEPE
G001,SAV001,general,2023-12-05,27731.14,debit,EMI/HOME LOAN HDFC BANK
G001,SAV002,general,2023-12-07,1138.51,debit,UPI/PETROL PUMP
G001,SAV002,general,2023-12-08,1331.16,debit,UPI/PHONEPE
G001,SAV002,general,2023-12-09,292.92,debit,UPI/GPAY VENDOR
G001,SAV002,general,2023-12-10,299.0,debit,AMAZON PRIME
G001,SAV002,general,2023-12-10,1069.74,debit,UPI/PETROL PUMP
G001,SAV002,general,2023-12-10,1469.04,debit,UPI/PETROL PUMP
G001,SAV002,general,2023-12-10,1502.3,debit,HOSPITAL PAYMENT
G001,SAV002,general,2023-12-11,1293.75,debit,UPI/SWIGGY
G001,SAV002,general,2023-12-11,2849.46,debit,NETMEDS
G001,SAV002,general,2023-12-12,992.35,debit,UPI/GPAY VENDOR
G001,SAV002,general,2023-12-12,998.52,debit,UPI/AMAZON PAY
G001,SAV002,general,2023-12-13,1365.14,debit,UPI/PHONEPE
G001,SAV002,general,2023-12-13,1027.74,debit,UPI/PHONEPE
G001,SAV002,general,2023-12-14,512.12,debit,UPI/PETROL PUMP
G001,SAV002,general,2023-12-15,182.96,debit,UPI/AMAZON PAY
G001,SAV002,general,2023-12-16,1468.89,debit,UPI/BLINKIT
G001,SAV002,general,2023-12-17,85.94,debit,UPI/AMAZON PAY
G001,SAV002,general,2023-12-17,1264.54,debit,UPI/PETROL PUMP
G001,SAV002,general,2023-12-18,1040.98,debit,UPI/AMAZON PAY
G001,SAV002,general,2023-12-19,153.45,debit,UPI/PHONEPE
G001,SAV002,general,2023-12-19,223.3,debit,UPI/PHONEPE
G001,SAV002,general,2023-12-20,211.88,debit,UPI/GPAY VENDOR
G001,SAV002,general,2023-12-20,148.48,debit,UPI/ZOMATO
G001,SAV001,general,2023-12-20,3723.05,debit,ELECTRICITY BILL PAYMENT BESCOM
G001,SAV002,general,2023-12-22,601.18,debit,UPI/ZOMATO
G001,SAV002,general,2023-12-23,267.37,debit,UPI/PETROL PUMP
G001,SAV002,general,2023-12-24,1053.98,debit,UPI/SWIGGY
G001,SAV002,general,2023-12-24,1383.59,debit,UPI/BLINKIT
G001,SAV002,general,2023-12-24,2253.35,debit,APOLLO PHARMACY
G001,SAV002,general,2023-12-25,442.1,debit,UPI/PETROL PUMP
G001,SAV002,general,2023-12-25,1139.94,debit,UPI/SWIGGY
G001,SAV002,general,2023-12-27,2713.15,debit,NETMEDS
G001,SAV002,general,2023-12-29,900.96,debit,UPI/PETROL PUMP
G001,SAV002,general,2023-12-30,1083.88,debit,UPI/SWIGGY
G001,SAV002,general,2023-12-31,279.18,debit,UPI/PETROL PUMP
G001,SAV002,general,2023-12-31,1249.09,debit,UPI/PHONEPE
G001,SAV001,general,2024-01-01,86174.14,credit,NEFT/SALARY TRANSFER EMPLOYER
G001,SAV002,general,2024-01-01,1066.94,debit,UPI/SWIGGY
G001,SAV001,general,2024-01-02,18303.4,debit,NEFT/RENT LANDLORD PAYMENT
G001,SAV002,general,2024-01-02,1127.97,debit,UPI/GPAY VENDOR
G001,SAV001,general,2024-01-03,15068.49,debit,IMPS/TRANSFER TO SELF SAV002
G001,SAV002,general,2024-01-03,15807.3,credit,IMPS/TRANSFER RECEIVED FROM SAV001
G001,SAV002,general,2024-01-03,1473.44,debit,UPI/AMAZON PAY
G001,SAV001,general,2024-01-05,27884.17,debit,EMI/HOME LOAN HDFC BANK
G001,SAV002,general,2024-01-06,231.34,debit,UPI/SWIGGY
G001,SAV002,general,2024-01-06,458.11,debit,UPI/SWIGGY
G001,SAV002,general,2024-01-08,102.09,debit,UPI/BLINKIT
G001,SAV002,general,2024-01-09,130.12,debit,UPI/SWIGGY
G001,SAV002,general,2024-01-09,1399.96,debit,UPI/SWIGGY
G001,SAV002,general,2024-01-10,649.0,debit,SPOTIFY PREMIUM
G001,SAV002,general,2024-01-10,521.82,debit,UPI/GPAY VENDOR
G001,SAV002,general,2024-01-11,835.17,debit,UPI/BLINKIT
G001,SAV002,general,2024-01-12,398.38,debit,UPI/BLINKIT
G001,SAV002,general,2024-01-13,1052.25,debit,UPI/PETROL PUMP
G001,SAV002,general,2024-01-13,1846.99,debit,NETMEDS
G001,SAV002,general,2024-01-14,1129.86,debit,UPI/PHONEPE
G001,SAV002,general,2024-01-14,1312.5,debit,UPI/SWIGGY
G001,SAV002,general,2024-01-15,796.42,debit,UPI/GPAY VENDOR
G001,SAV002,general,2024-01-18,955.82,debit,UPI/AMAZON PAY
G001,SAV002,general,2024-01-18,510.6,debit,UPI/ZOMATO
G001,SAV002,general,2024-01-20,450.23,debit,UPI/GPAY VENDOR
G001,SAV002,general,2024-01-20,1341.75,debit,UPI/BLINKIT
G001,SAV002,general,2024-01-20,1961.17,debit,APOLLO PHARMACY
G001,SAV001,general,2024-01-20,1843.25,debit,ELECTRICITY BILL PAYMENT BESCOM
G001,SAV002,general,2024-01-21,1123.22,debit,HOSPITAL PAYMENT
G001,SAV002,general,2024-01-22,439.21,debit,UPI/GPAY VENDOR
G001,SAV002,general,2024-01-22,1394.58,debit,UPI/AMAZON PAY
G001,SAV002,general,2024-01-24,128.81,debit,UPI/BLINKIT
G001,SAV002,general,2024-01-24,486.95,debit,UPI/PHONEPE
G001,SAV002,general,2024-01-25,716.56,debit,UPI/PETROL PUMP
G001,SAV002,general,2024-01-26,1184.51,debit,UPI/PETROL PUMP
G001,SAV002,general,2024-01-26,887.98,debit,UPI/AMAZON PAY
G001,SAV002,general,2024-01-26,2606.72,debit,HOSPITAL PAYMENT
G001,SAV002,general,2024-01-27,203.09,debit,UPI/PHONEPE
G001,SAV002,general,2024-01-28,619.54,debit,UPI/PHONEPE
G001,SAV002,general,2024-01-29,494.27,debit,UPI/PHONEPE
G001,SAV002,general,2024-01-29,510.95,debit,UPI/SWIGGY
G001,SAV002,general,2024-01-30,425.17,debit,UPI/ZOMATO
G001,SAV002,general,2024-01-31,295.92,debit,UPI/AMAZON PAY
G001,SAV002,general,2024-01-31,853.07,debit,UPI/ZOMATO
G001,SAV001,general,2024-02-01,84664.06,credit,NEFT/SALARY TRANSFER EMPLOYER
G001,SAV001,general,2024-02-02,17768.29,debit,NEFT/RENT LANDLORD PAYMENT
G001,SAV002,general,2024-02-02,960.05,debit,UPI/BLINKIT
G001,SAV001,general,2024-02-03,13871.17,debit,IMPS/TRANSFER TO SELF SAV002
G001,SAV002,general,2024-02-03,14605.13,credit,IMPS/TRANSFER RECEIVED FROM SAV001
G001,SAV001,general,2024-02-05,27995.54,debit,EMI/HOME LOAN HDFC BANK
G001,SAV002,general,2024-02-05,1092.01,debit,UPI/GPAY VENDOR
G001,SAV002,general,2024-02-06,1149.17,debit,UPI/ZOMATO
G001,SAV002,general,2024-02-06,897.3,debit,UPI/SWIGGY
G001,SAV002,general,2024-02-06,1445.32,debit,APOLLO PHARMACY
G001,SAV002,general,2024-02-09,731.26,debit,UPI/BLINKIT
G001,SAV002,general,2024-02-09,1226.0,debit,UPI/ZOMATO
G001,SAV002,general,2024-02-10,199.0,debit,AMAZON PRIME
G001,SAV002,general,2024-02-11,547.83,debit,UPI/PHONEPE
G001,SAV002,general,2024-02-11,1360.38,debit,UPI/SWIGGY
G001,SAV002,general,2024-02-12,897.49,debit,UPI/PHONEPE
G001,SAV002,general,2024-02-12,2830.22,debit,APOLLO PHARMACY
G001,SAV002,general,2024-02-13,202.64,debit,UPI/AMAZON PAY
G001,SAV002,general,2024-02-14,128.27,debit,UPI/SWIGGY
G001,SAV002,general,2024-02-14,1161.75,debit,UPI/AMAZON PAY
G001,SAV002,general,2024-02-15,1081.44,debit,UPI/ZOMATO
G001,SAV002,general,2024-02-15,1175.05,debit,UPI/BLINKIT
G001,SAV002,general,2024-02-16,2347.71,debit,NETMEDS
G001,SAV002,general,2024-02-17,1212.66,debit,UPI/GPAY VENDOR
G001,SAV002,general,2024-02-17,924.75,debit,UPI/ZOMATO
G001,SAV002,general,2024-02-19,1196.04,debit,UPI/ZOMATO
G001,SAV002,general,2024-02-19,1341.05,debit,UPI/BLINKIT
G001,SAV001,general,2024-02-20,2173.85,debit,ELECTRICITY BILL PAYMENT BESCOM
G001,SAV002,general,2024-02-21,1451.03,debit,UPI/GPAY VENDOR
G001,SAV002,general,2024-02-21,933.32,debit,UPI/PETROL PUMP
G001,SAV002,general,2024-02-23,464.02,debit,UPI/AMAZON PAY
G001,SAV002,general,2024-02-24,216.88,debit,UPI/PHONEPE
G001,SAV002,general,2024-02-24,888.59,debit,UPI/ZOMATO
G001,SAV002,general,2024-02-24,1047.39,debit,APOLLO PHARMACY
G001,SAV002,general,2024-02-25,484.21,debit,UPI/PETROL PUMP
G001,SAV002,general,2024-02-26,468.58,debit,UPI/BLINKIT
G001,SAV002,general,2024-02-28,489.25,debit,UPI/BLINKIT
G001,SAV002,general,2024-02-29,1192.04,debit,UPI/PHONEPE
G001,SAV002,general,2024-02-29,85.56,debit,UPI/GPAY VENDOR
G001,SAV001,general,2024-03-01,83630.54,credit,NEFT/SALARY TRANSFER EMPLOYER
G001,SAV002,general,2024-03-01,156.62,debit,UPI/SWIGGY
G001,SAV001,general,2024-03-02,18357.92,debit,NEFT/RENT LANDLORD PAYMENT
G001,SAV002,general,2024-03-02,196.71,debit,UPI/SWIGGY
G001,SAV002,general,2024-03-02,129.5,debit,UPI/PHONEPE
G001,SAV001,general,2024-03-03,13691.25,debit,IMPS/TRANSFER TO SELF SAV002
G001,SAV002,general,2024-03-03,14915.95,credit,IMPS/TRANSFER RECEIVED FROM SAV001
G001,SAV002,general,2024-03-04,450.99,debit,UPI/SWIGGY
G001,SAV001,general,2024-03-05,27814.21,debit,EMI/HOME LOAN HDFC BANK
G001,SAV002,general,2024-03-05,894.22,debit,UPI/GPAY VENDOR
G001,SAV002,general,2024-03-07,887.52,debit,UPI/ZOMATO
G001,SAV002,general,2024-03-07,631.97,debit,UPI/PETROL PUMP
G001,SAV002,general,2024-03-08,532.94,debit,UPI/ZOMATO
G001,SAV002,general,2024-03-10,299.0,debit,BOOKMYSHOW/PVR
G001,SAV002,general,2024-03-10,362.57,debit,UPI/ZOMATO
G001,SAV002,general,2024-03-10,789.59,debit,UPI/PETROL PUMP
G001,SAV002,general,2024-03-11,314.91,debit,UPI/PETROL PUMP
G001,SAV002,general,2024-03-12,491.85,debit,UPI/PHONEPE
G001,SAV002,general,2024-03-12,1995.86,debit,HOSPITAL PAYMENT
G001,SAV002,general,2024-03-13,927.69,debit,UPI/SWIGGY
G001,SAV002,general,2024-03-14,314.28,debit,UPI/GPAY VENDOR
G001,SAV002,general,2024-03-15,1133.99,debit,UPI/ZOMATO
G001,SAV002,general,2024-03-16,329.6,debit,UPI/PETROL PUMP
G001,SAV002,general,2024-03-16,367.39,debit,UPI/AMAZON PAY
G001,SAV002,general,2024-03-18,424.38,debit,UPI/PETROL PUMP
G001,SAV002,general,2024-03-18,191.07,debit,UPI/SWIGGY
G001,SAV002,general,2024-03-20,1178.26,debit,UPI/PHONEPE
G001,SAV002,general,2024-03-20,1163.57,debit,UPI/ZOMATO
G001,SAV001,general,2024-03-20,3411.76,debit,ELECTRICITY BILL PAYMENT BESCOM
G001,SAV002,general,2024-03-21,339.74,debit,UPI/ZOMATO
G001,SAV002,general,2024-03-22,814.65,debit,UPI/GPAY VENDOR
G001,SAV002,general,2024-03-22,1492.06,debit,UPI/BLINKIT
G001,SAV002,general,2024-03-23,841.23,debit,UPI/PHONEPE
G001,SAV002,general,2024-03-23,299.39,debit,UPI/PHONEPE
G001,SAV002,general,2024-03-24,634.55,debit,UPI/PETROL PUMP
G001,SAV002,general,2024-03-24,1076.2,debit,UPI/GPAY VENDOR
G001,SAV002,general,2024-03-25,137.12,debit,UPI/AMAZON PAY
G001,SAV002,general,2024-03-25,779.09,debit,UPI/SWIGGY
G001,SAV002,general,2024-03-26,370.9,debit,UPI/BLINKIT
G001,SAV002,general,2024-03-29,117.87,debit,UPI/PETROL PUMP
G001,SAV002,general,2024-03-30,91.81,debit,UPI/SWIGGY
G001,SAV002,general,2024-03-30,1224.26,debit,UPI/PHONEPE
G001,SAV001,general,2024-04-01,86703.58,credit,NEFT/SALARY TRANSFER EMPLOYER
G001,SAV001,general,2024-04-02,18348.1,debit,NEFT/RENT LANDLORD PAYMENT
G001,SAV002,general,2024-04-02,1020.73,debit,UPI/AMAZON PAY
G001,SAV001,general,2024-04-03,15468.35,debit,IMPS/TRANSFER TO SELF SAV002
G001,SAV002,general,2024-04-03,14517.98,credit,IMPS/TRANSFER RECEIVED FROM SAV001
G001,SAV002,general,2024-04-03,1391.62,debit,UPI/BLINKIT
G001,SAV002,general,2024-04-03,546.54,debit,UPI/SWIGGY
G001,SAV002,general,2024-04-04,267.16,debit,UPI/GPAY VENDOR
G001,SAV001,general,2024-04-05,27778.1,debit,EMI/HOME LOAN HDFC BANK
G001,SAV002,general,2024-04-05,840.49,debit,UPI/PETROL PUMP
G001,SAV002,general,2024-04-05,909.44,debit,UPI/ZOMATO
G001,SAV002,general,2024-04-07,1477.72,debit,APOLLO PHARMACY
G001,SAV002,general,2024-04-08,1337.91,debit,UPI/BLINKIT
G001,SAV002,general,2024-04-10,499.0,debit,AMAZON PRIME
G001,SAV002,general,2024-04-10,1008.03,debit,UPI/PETROL PUMP
G001,SAV002,general,2024-04-10,1398.99,debit,UPI/ZOMATO
G001,SAV002,general,2024-04-11,974.85,debit,UPI/SWIGGY
G001,SAV002,general,2024-04-12,953.42,debit,UPI/BLINKIT
G001,SAV002,general,2024-04-12,856.78,debit,UPI/BLINKIT
G001,SAV001,general,2024-04-15,22647.69,debit,NEFT/INSURANCE PREMIUM HDFC LIFE
G001,SAV002,general,2024-04-15,1157.89,debit,UPI/AMAZON PAY
G001,SAV002,general,2024-04-16,965.72,debit,UPI/ZOMATO
G001,SAV002,general,2024-04-16,1133.0,debit,UPI/GPAY VENDOR
G001,SAV002,general,2024-04-18,1020.31,debit,UPI/BLINKIT
G001,SAV002,general,2024-04-19,695.38,debit,UPI/PHONEPE
G001,SAV001,general,2024-04-20,3378.9,debit,ELECTRICITY BILL PAYMENT BESCOM
G001,SAV002,general,2024-04-21,463.26,debit,UPI/PETROL PUMP
G001,SAV002,general,2024-04-21,986.2,debit,UPI/AMAZON PAY
G001,SAV002,general,2024-04-22,844.49,debit,UPI/SWIGGY
G001,SAV002,general,2024-04-23,172.88,debit,UPI/SWIGGY
G001,SAV002,general,2024-04-23,1243.27,debit,UPI/GPAY VENDOR
G001,SAV002,general,2024-04-24,168.59,debit,UPI/PETROL PUMP
G001,SAV002,general,2024-04-25,603.7,debit,UPI/BLINKIT
G001,SAV002,general,2024-04-26,1077.82,debit,UPI/GPAY VENDOR
G001,SAV002,general,2024-04-26,820.7,debit,UPI/GPAY VENDOR
G001,SAV002,general,2024-04-27,105.77,debit,UPI/SWIGGY
G001,SAV002,general,2024-04-28,306.44,debit,UPI/AMAZON PAY
G001,SAV002,general,2024-04-30,991.54,debit,UPI/AMAZON PAY
G001,SAV002,general,2024-04-30,416.58,debit,UPI/PETROL PUMP
G001,SAV001,general,2024-05-01,84829.05,credit,NEFT/SALARY TRANSFER EMPLOYER
G001,SAV001,general,2024-05-02,17801.27,debit,NEFT/RENT LANDLORD PAYMENT
G001,SAV002,general,2024-05-02,696.81,debit,UPI/AMAZON PAY
G001,SAV001,general,2024-05-03,16094.27,debit,IMPS/TRANSFER TO SELF SAV002
G001,SAV002,general,2024-05-03,16465.48,credit,IMPS/TRANSFER RECEIVED FROM SAV001
G001,SAV002,general,2024-05-03,630.56,debit,UPI/ZOMATO
G001,SAV002,general,2024-05-04,1093.45,debit,UPI/GPAY VENDOR
G001,SAV001,general,2024-05-05,28200.41,debit,EMI/HOME LOAN HDFC BANK
G001,SAV002,general,2024-05-05,2356.76,debit,APOLLO PHARMACY
G001,SAV002,general,2024-05-06,704.46,debit,UPI/GPAY VENDOR
G001,SAV002,general,2024-05-06,875.97,debit,UPI/SWIGGY
G001,SAV002,general,2024-05-07,125.09,debit,UPI/SWIGGY
G001,SAV002,general,2024-05-07,1288.7,debit,UPI/PETROL PUMP
G001,SAV002,general,2024-05-08,769.84,debit,UPI/BLINKIT
G001,SAV002,general,2024-05-08,97.24,debit,UPI/PHONEPE
G001,SAV002,general,2024-05-10,649.0,debit,SPOTIFY PREMIUM
G001,SAV002,general,2024-05-10,1161.05,debit,UPI/ZOMATO
G001,SAV002,general,2024-05-10,2628.77,debit,NETMEDS
G001,SAV002,general,2024-05-11,1199.57,debit,UPI/PETROL PUMP
G001,SAV002,general,2024-05-12,840.42,debit,UPI/ZOMATO
G001,SAV002,general,2024-05-13,882.53,debit,UPI/AMAZON PAY
G001,SAV002,general,2024-05-14,295.3,debit,UPI/SWIGGY
G001,SAV002,general,2024-05-15,855.33,debit,UPI/PHONEPE
G001,SAV002,general,2024-05-16,204.21,debit,UPI/AMAZON PAY
G001,SAV002,general,2024-05-16,786.75,debit,UPI/PHONEPE
G001,SAV002,general,2024-05-17,1460.79,debit,UPI/SWIGGY
G001,SAV002,general,2024-05-17,1089.09,debit,UPI/ZOMATO
G001,SAV002,general,2024-05-18,1347.38,debit,UPI/BLINKIT
G001,SAV002,general,2024-05-18,390.27,debit,UPI/AMAZON PAY
G001,SAV002,general,2024-05-19,1231.89,debit,UPI/PETROL PUMP
G001,SAV002,general,2024-05-19,1047.36,debit,UPI/ZOMATO
G001,SAV002,general,2024-05-20,340.3,debit,UPI/BLINKIT
G001,SAV001,general,2024-05-20,3639.88,debit,ELECTRICITY BILL PAYMENT BESCOM
G001,SAV002,general,2024-05-23,885.05,debit,UPI/SWIGGY
G001,SAV002,general,2024-05-24,925.26,debit,UPI/GPAY VENDOR
G001,SAV002,general,2024-05-26,1320.07,debit,UPI/SWIGGY
G001,SAV002,general,2024-05-27,487.76,debit,UPI/AMAZON PAY
G001,SAV002,general,2024-05-28,107.73,debit,UPI/AMAZON PAY
G001,SAV002,general,2024-05-28,712.15,debit,UPI/PETROL PUMP
G001,SAV002,general,2024-05-30,97.57,debit,UPI/PETROL PUMP
G001,SAV002,general,2024-05-31,971.18,debit,UPI/PHONEPE
G001,SAV001,general,2024-06-01,83449.8,credit,NEFT/SALARY TRANSFER EMPLOYER
G001,SAV001,general,2024-06-02,18340.21,debit,NEFT/RENT LANDLORD PAYMENT
G001,SAV001,general,2024-06-03,16129.92,debit,IMPS/TRANSFER TO SELF SAV002
G001,SAV002,general,2024-06-03,15193.5,credit,IMPS/TRANSFER RECEIVED FROM SAV001
G001,SAV002,general,2024-06-03,309.51,debit,APOLLO PHARMACY
G001,SAV002,general,2024-06-04,721.65,debit,UPI/AMAZON PAY
G001,SAV001,general,2024-06-05,27995.86,debit,EMI/HOME LOAN HDFC BANK
G001,SAV002,general,2024-06-05,2130.89,debit,APOLLO PHARMACY
G001,SAV002,general,2024-06-06,1090.94,debit,UPI/PETROL PUMP
G001,SAV002,general,2024-06-07,134.88,debit,UPI/ZOMATO
G001,SAV002,general,2024-06-08,1409.36,debit,UPI/GPAY VENDOR
G001,SAV002,general,2024-06-08,1032.56,debit,UPI/BLINKIT
G001,SAV002,general,2024-06-09,931.39,debit,UPI/PHONEPE
G001,SAV002,general,2024-06-10,299.0,debit,SPOTIFY PREMIUM
G001,SAV002,general,2024-06-11,851.72,debit,UPI/BLINKIT
G001,SAV002,general,2024-06-11,417.63,debit,UPI/PETROL PUMP
G001,SAV002,general,2024-06-12,800.36,debit,UPI/GPAY VENDOR
G001,SAV002,general,2024-06-12,1297.29,debit,UPI/SWIGGY
G001,SAV002,general,2024-06-15,325.38,debit,UPI/PETROL PUMP
G001,SAV002,general,2024-06-17,1499.61,debit,UPI/BLINKIT
G001,SAV002,general,2024-06-18,1072.36,debit,UPI/ZOMATO
G001,SAV002,general,2024-06-19,190.33,debit,UPI/GPAY VENDOR
G001,SAV002,general,2024-06-19,187.73,debit,UPI/SWIGGY
G001,SAV002,general,2024-06-20,397.34,debit,UPI/SWIGGY
G001,SAV002,general,2024-06-20,419.55,debit,UPI/ZOMATO
G001,SAV001,general,2024-06-20,3799.87,debit,ELECTRICITY BILL PAYMENT BESCOM
G001,SAV002,general,2024-06-22,746.02,debit,UPI/ZOMATO
G001,SAV002,general,2024-06-22,2940.93,debit,APOLLO PHARMACY
G001,SAV002,general,2024-06-23,327.64,debit,UPI/SWIGGY
G001,SAV002,general,2024-06-24,659.16,debit,UPI/GPAY VENDOR
G001,SAV002,general,2024-06-25,997.7,debit,UPI/PETROL PUMP
G001,SAV002,general,2024-06-25,720.88,debit,UPI/GPAY VENDOR
G001,SAV002,general,2024-06-26,145.0,debit,UPI/BLINKIT
G001,SAV002,general,2024-06-27,1041.46,debit,UPI/ZOMATO
G001,SAV002,general,2024-06-27,593.94,debit,UPI/PHONEPE
G001,SAV002,general,2024-06-28,258.56,debit,UPI/GPAY VENDOR
G001,SAV002,general,2024-06-29,813.33,debit,NETMEDS
