{"type":"Topology","arcs":[[[4751,3563],[-68,-18]],[[4683,3545],[-3,12]],[[4680,3557],[-9,122]],[[4671,3679],[51,94]],[[4722,3773],[22,4]],[[4744,3777],[38,-78]],[[4782,3699],[-31,-82]],[[4751,3617],[0,-54]],[[4782,3699],[8,-6]],[[4790,3693],[27,-112]],[[4817,3581],[-66,36]],[[4780,3487],[-30,54]],[[4750,3541],[61,5]],[[4811,3546],[-31,-59]],[[4671,3679],[-18,48]],[[4653,3727],[44,72]],[[4697,3799],[25,-26]],[[4730,3379],[-15,-105]],[[4715,3274],[-66,145]],[[4649,3419],[81,-40]],[[4683,3545],[33,-33]],[[4716,3512],[11,-84]],[[4727,3428],[3,-49]],[[4649,3419],[-21,113]],[[4628,3532],[52,25]],[[4628,3532],[-26,98]],[[4602,3630],[6,111]],[[4608,3741],[24,1]],[[4632,3742],[21,-15]],[[4727,3428],[34,1]],[[4761,3429],[12,-130],[-58,-25]],[[4751,3563],[-1,-22]],[[4780,3487],[-14,-11]],[[4766,3476],[-50,36]],[[4817,3581],[-6,-35]],[[4766,3476],[-5,-47]],[[2287,1342],[-10,-4]],[[2277,1338],[-55,2]],[[2222,1340],[-97,21]],[[2125,1361],[144,89]],[[2269,1450],[44,5]],[[2313,1455],[6,-90]],[[2319,1365],[-32,-23]],[[2319,1365],[-9,-61]],[[2310,1304],[-23,38]],[[1959,1254],[45,-78]],[[2004,1176],[-3,-18]],[[2001,1158],[-118,70],[-51,-74]],[[1832,1154],[-52,18]],[[1780,1172],[25,91]],[[1805,1263],[43,43]],[[1848,1306],[7,1]],[[1855,1307],[70,-24]],[[1925,1283],[34,-29]],[[2004,1176],[40,80]],[[2044,1256],[67,32]],[[2111,1288],[67,15]],[[2178,1303],[35,-69]],[[2213,1234],[-20,-40]],[[2193,1194],[-77,21],[-12,-88]],[[2104,1127],[-86,-10]],[[2018,1117],[-17,41]],[[2018,1117],[-18,-25]],[[2000,1092],[-181,18]],[[1819,1110],[13,44]],[[2000,1092],[41,-74]],[[2041,1018],[-34,-32]],[[2007,986],[-33,7]],[[1974,993],[-151,13]],[[1823,1006],[-4,104]],[[1823,1006],[45,-85]],[[1868,921],[-30,-2]],[[1838,919],[-120,59]],[[1718,978],[-35,11]],[[1683,989],[-22,44]],[[1661,1033],[158,77]],[[1683,989],[-49,-31]],[[1634,958],[-51,-9]],[[1583,949],[-39,70]],[[1544,1019],[35,31]],[[1579,1050],[82,-17]],[[1974,993],[-62,-84]],[[1912,909],[-44,12]],[[2041,1018],[7,-3]],[[2048,1015],[56,-28]],[[2104,987],[-31,-68]],[[2073,919],[-66,67]],[[1718,978],[-11,-218]],[[1707,760],[-7,-12]],[[1700,748],[-31,0]],[[1669,748],[-11,17]],[[1658,765],[-24,193]],[[2073,919],[-1,-36]],[[2072,883],[-25,-40]],[[2047,843],[-70,-70]],[[1977,773],[-24,-14]],[[1953,759],[-9,-2]],[[1944,757],[-25,52]],[[1919,809],[72,65],[-79,35]],[[2104,987],[55,-49]],[[2159,938],[-87,-55]],[[1838,919],[6,-81]],[[1844,838],[-99,-96]],[[1745,742],[-38,18]],[[2159,938],[13,7]],[[2172,945],[-2,-45]],[[2170,900],[-3,-129]],[[2167,771],[-6,-11]],[[2161,760],[-46,-38]],[[2115,722],[-68,121]],[[1919,809],[-75,29]],[[2170,900],[44,5]],[[2214,905],[-4,-14]],[[2210,891],[-43,-120]],[[1944,757],[-118,-59]],[[1826,698],[-85,20]],[[1741,718],[4,24]],[[1953,759],[-46,-118]],[[1907,641],[-126,-42]],[[1781,599],[45,99]],[[1781,599],[-14,-8]],[[1767,591],[-26,127]],[[1907,641],[55,-32]],[[1962,609],[-28,-70]],[[1934,539],[-82,-8]],[[1852,531],[-97,37]],[[1755,568],[12,23]],[[1934,539],[20,-41]],[[1954,498],[-79,-162]],[[1875,336],[-51,156]],[[1824,492],[28,39]],[[1802,294],[-93,33]],[[1709,327],[32,61]],[[1741,388],[61,-94]],[[2193,1194],[71,-19]],[[2264,1175],[-32,-64]],[[2232,1111],[-30,-16]],[[2202,1095],[-48,-21]],[[2154,1074],[-50,53]],[[2048,1015],[106,59]],[[2202,1095],[24,-8]],[[2226,1087],[0,-90]],[[2226,997],[-54,-52]],[[2115,722],[-21,-62]],[[2094,660],[-24,20]],[[2070,680],[-93,93]],[[2070,680],[-108,-71]],[[2094,660],[-10,-118],[-130,-44]],[[2226,997],[8,-94]],[[2234,903],[-20,2]],[[2210,891],[23,-22]],[[2233,869],[5,-100],[-77,-9]],[[1824,492],[-85,-40]],[[1739,452],[-10,41]],[[1729,493],[15,49]],[[1744,542],[11,26]],[[1875,336],[-73,-42]],[[1741,388],[-13,41]],[[1728,429],[11,23]],[[2044,1256],[-48,45]],[[1996,1301],[119,67]],[[2115,1368],[-4,-80]],[[2222,1340],[-44,-37]],[[2115,1368],[10,-7]],[[1959,1254],[37,47]],[[2277,1338],[-64,-104]],[[2310,1304],[-46,-129]],[[1648,3166],[-23,-59]],[[1625,3107],[-53,-44]],[[1572,3063],[-75,63]],[[1497,3126],[17,43]],[[1514,3169],[134,-3]],[[2388,3118],[-19,-109]],[[2369,3009],[-110,-31]],[[2259,2978],[-12,181]],[[2247,3159],[141,-41]],[[2259,2978],[-10,-1]],[[2249,2977],[-79,9]],[[2170,2986],[4,176]],[[2174,3162],[73,-3]],[[1572,3063],[-72,-92]],[[1500,2971],[-143,-15],[-61,-65]],[[1296,2891],[-24,77]],[[1272,2968],[77,167]],[[1349,3135],[75,-5]],[[1424,3130],[73,-4]],[[2886,3127],[-120,-61]],[[2766,3066],[-58,-46]],[[2708,3020],[-66,44]],[[2642,3064],[39,64]],[[2681,3128],[141,25]],[[2822,3153],[64,-26]],[[1929,3117],[185,-160]],[[2114,2957],[-81,-60]],[[2033,2897],[-100,84]],[[1933,2981],[-4,136]],[[1625,3107],[24,-19]],[[1649,3088],[7,-195]],[[1656,2893],[-35,-89]],[[1621,2804],[-19,-4]],[[1602,2800],[-110,32],[2,114]],[[1494,2946],[6,25]],[[884,2861],[10,50]],[[894,2911],[11,20]],[[905,2931],[-6,62]],[[899,2993],[105,-27]],[[1004,2966],[-30,-107]],[[974,2859],[-7,0]],[[967,2859],[-8,35],[-39,-17]],[[920,2877],[-36,-16]],[[1649,3088],[157,-101]],[[1806,2987],[-150,-94]],[[3525,3003],[-64,47]],[[3461,3050],[16,47]],[[3477,3097],[94,-5]],[[3571,3092],[-11,-102]],[[3560,2990],[-35,13]],[[3352,3076],[39,-93]],[[3391,2983],[-151,-19]],[[3240,2964],[51,122]],[[3291,3086],[61,-10]],[[3525,3003],[-65,-46]],[[3460,2957],[-69,26]],[[3352,3076],[109,-26]],[[3079,3030],[-3,-9]],[[3076,3021],[-127,-75]],[[2949,2946],[-27,113]],[[2922,3059],[83,25]],[[3005,3084],[74,-54]],[[2766,3066],[11,-77]],[[2777,2989],[23,-121]],[[2800,2868],[-19,-38]],[[2781,2830],[-61,15],[-12,175]],[[2949,2946],[13,-23]],[[2962,2923],[-3,-7]],[[2959,2916],[-159,-48]],[[2777,2989],[145,70]],[[1296,2891],[-51,-70]],[[1245,2821],[-201,-77]],[[1044,2744],[-25,30]],[[1019,2774],[-45,85]],[[1004,2966],[13,21]],[[1017,2987],[90,25]],[[1107,3012],[165,-44]],[[3076,3021],[96,-59]],[[3172,2962],[-49,-45]],[[3123,2917],[-27,55],[-134,-49]],[[2369,3009],[-3,-155]],[[2366,2854],[24,-85]],[[2390,2769],[35,-72]],[[2425,2697],[-99,-47],[-11,-91]],[[2315,2559],[-69,22]],[[2246,2581],[3,72]],[[2249,2653],[-24,90]],[[2225,2743],[24,234]],[[1806,2987],[8,-33]],[[1814,2954],[4,-100],[-74,-41]],[[1744,2813],[-123,-9]],[[3460,2957],[-6,-46]],[[3454,2911],[-13,-67]],[[3441,2844],[-19,11]],[[3422,2855],[-56,71],[-87,-34]],[[3279,2892],[-92,54]],[[3187,2946],[53,18]],[[2225,2743],[-166,-7]],[[2059,2736],[-18,46]],[[2041,2782],[-8,115]],[[2114,2957],[56,29]],[[2041,2782],[-102,32]],[[1939,2814],[-97,-99],[-65,50]],[[1777,2765],[-33,48]],[[1814,2954],[119,27]],[[3123,2917],[14,-47]],[[3137,2870],[-67,-129]],[[3070,2741],[-56,14]],[[3014,2755],[-85,69]],[[2929,2824],[30,92]],[[1602,2800],[-5,-5]],[[1597,2795],[-58,-118]],[[1539,2677],[-115,24]],[[1424,2701],[-3,133],[73,112]],[[3172,2962],[15,-16]],[[3279,2892],[17,-76],[-91,-5]],[[3205,2811],[-68,59]],[[2366,2854],[85,77]],[[2451,2931],[80,20]],[[2531,2951],[77,-82]],[[2608,2869],[-84,-83]],[[2524,2786],[-101,35],[-33,-52]],[[3422,2855],[-72,8],[-99,-100]],[[3251,2763],[-46,48]],[[2929,2824],[-119,-164]],[[2810,2660],[-3,3]],[[2807,2663],[-50,122]],[[2757,2785],[24,45]],[[3454,2911],[101,-7]],[[3555,2904],[-78,-75]],[[3477,2829],[-36,15]],[[3477,2829],[-228,-110]],[[3249,2719],[2,44]],[[1245,2821],[-15,-35],[169,-76]],[[1399,2710],[-5,-74],[-97,11],[41,-105],[82,12]],[[1420,2554],[-52,-38]],[[1368,2516],[-92,-40]],[[1276,2476],[-200,225]],[[1076,2701],[-32,43]],[[2807,2663],[-124,-18]],[[2683,2645],[-34,82]],[[2649,2727],[-29,117]],[[2620,2844],[27,-1]],[[2647,2843],[110,-58]],[[1777,2765],[-71,-123]],[[1706,2642],[-33,114],[-76,39]],[[3014,2755],[-28,-132]],[[2986,2623],[-7,-23]],[[2979,2600],[-78,23]],[[2901,2623],[-91,37]],[[1939,2814],[-22,-128]],[[1917,2686],[-46,-101]],[[1871,2585],[-40,-61]],[[1831,2524],[-36,-57]],[[1795,2467],[-55,28]],[[1740,2495],[-52,87]],[[1688,2582],[18,60]],[[2524,2786],[-6,-99]],[[2518,2687],[-40,-14]],[[2478,2673],[-53,24]],[[1688,2582],[-51,-17]],[[1637,2565],[-98,112]],[[1276,2476],[-23,-65]],[[1253,2411],[-201,0]],[[1052,2411],[-64,113],[39,122]],[[1027,2646],[49,55]],[[1637,2565],[-86,-41]],[[1551,2524],[-131,30]],[[1399,2710],[25,-9]],[[896,2590],[-10,85]],[[886,2675],[32,-59]],[[918,2616],[-22,-26]],[[2901,2623],[-52,-132]],[[2849,2491],[-124,18]],[[2725,2509],[-64,53]],[[2661,2562],[22,83]],[[2986,2623],[120,-15]],[[3106,2608],[53,36]],[[3159,2644],[-109,-172],[-89,-50]],[[2961,2422],[-24,135],[42,43]],[[2961,2422],[-27,-28]],[[2934,2394],[-98,6],[13,91]],[[1740,2495],[-100,-112]],[[1640,2383],[-88,45],[-1,96]],[[1640,2383],[-10,-47]],[[1630,2336],[-49,-8]],[[1581,2328],[-106,43],[4,110],[-70,-48],[-41,83]],[[2725,2509],[-85,-102]],[[2640,2407],[-111,-41]],[[2529,2366],[96,180]],[[2625,2546],[36,16]],[[1581,2328],[-68,-65]],[[1513,2263],[-89,-7]],[[1424,2256],[-138,-18],[5,87]],[[1291,2325],[-38,86]],[[2934,2394],[-187,-150]],[[2747,2244],[-103,83],[-4,80]],[[1795,2467],[10,-3]],[[1805,2464],[-30,-148]],[[1775,2316],[-145,20]],[[1291,2325],[-119,-44],[-7,-60],[-106,25]],[[1059,2246],[-23,132]],[[1036,2378],[16,33]],[[1059,2246],[3,-19]],[[1062,2227],[27,-112]],[[1089,2115],[-96,-25]],[[993,2090],[-58,311]],[[935,2401],[101,-23]],[[1775,2316],[46,-16]],[[1821,2300],[-42,-119]],[[1779,2181],[-2,-15]],[[1777,2166],[-190,-37]],[[1587,2129],[-74,134]],[[1424,2256],[-51,-75]],[[1373,2181],[-123,-51]],[[1250,2130],[-188,97]],[[1250,2130],[-92,-200]],[[1158,1930],[-69,185]],[[2421,1914],[-6,123],[-139,114]],[[2276,2151],[-3,33]],[[2273,2184],[156,22]],[[2429,2206],[27,-109],[102,-46]],[[2558,2051],[-137,-137]],[[1373,2181],[9,-41]],[[1382,2140],[-65,-95],[77,-93]],[[1394,1952],[-30,-42]],[[1364,1910],[-106,-59]],[[1258,1851],[-87,23]],[[1171,1874],[-31,28]],[[1140,1902],[18,28]],[[1777,2166],[-32,-102]],[[1745,2064],[-53,29],[-130,-75]],[[1562,2018],[25,111]],[[1382,2140],[21,-66],[142,-62]],[[1545,2012],[8,-56]],[[1553,1956],[-83,-14]],[[1470,1942],[-76,10]],[[1140,1902],[-83,16]],[[1057,1918],[-64,172]],[[2421,1914],[-79,19]],[[2342,1933],[-163,102],[-67,-10]],[[2112,2025],[-1,28]],[[2111,2053],[90,72]],[[2201,2125],[75,26]],[[2747,2244],[-43,-148],[-115,-53]],[[2589,2043],[-6,212],[-147,72]],[[2436,2327],[33,34]],[[2469,2361],[60,5]],[[2679,2134],[16,-9],[0,6],[-16,3]],[[1745,2064],[58,-14]],[[1803,2050],[-15,-89]],[[1788,1961],[-93,-19]],[[1695,1942],[-41,-63]],[[1654,1879],[-101,77]],[[1545,2012],[17,6]],[[2342,1933],[-72,-169]],[[2270,1764],[-182,9]],[[2088,1773],[-63,29]],[[2025,1802],[32,201]],[[2057,2003],[55,22]],[[1788,1961],[140,9]],[[1928,1970],[1,8]],[[1929,1978],[128,25]],[[2025,1802],[-119,-48]],[[1906,1754],[-89,59],[-97,-21]],[[1720,1792],[-25,150]],[[1654,1879],[-164,-87]],[[1490,1792],[-20,150]],[[1490,1792],[-48,-41]],[[1442,1751],[-54,30]],[[1388,1781],[26,120],[-50,9]],[[1171,1874],[-6,-6]],[[1165,1868],[-60,-13]],[[1105,1855],[-48,63]],[[1720,1792],[-76,-32]],[[1644,1760],[-47,-92]],[[1597,1668],[-73,66],[-71,-28]],[[1453,1706],[-11,45]],[[1388,1781],[-64,-2]],[[1324,1779],[-66,72]],[[1324,1779],[-6,-92]],[[1318,1687],[-73,-142]],[[1245,1545],[-16,-12]],[[1229,1533],[-95,208]],[[1134,1741],[31,127]],[[1134,1741],[-29,114]],[[1453,1706],[-43,-98]],[[1410,1608],[-92,79]],[[1906,1754],[-25,-101],[88,-106]],[[1969,1547],[-64,-44]],[[1905,1503],[-128,-23]],[[1777,1480],[-97,89]],[[1680,1569],[11,22]],[[1691,1591],[0,8]],[[1691,1599],[-47,161]],[[2269,1450],[-113,75]],[[2156,1525],[-68,248]],[[2270,1764],[43,-309]],[[1691,1599],[0,-8]],[[1680,1569],[-113,-111]],[[1567,1458],[-62,69]],[[1505,1527],[20,113],[72,28]],[[1505,1527],[-29,-19]],[[1476,1508],[-66,100]],[[1476,1508],[-141,-75]],[[1335,1433],[-90,112]],[[1335,1433],[12,-61]],[[1347,1372],[-81,-22]],[[1266,1350],[-37,183]],[[1567,1458],[2,-7]],[[1569,1451],[-154,-135]],[[1415,1316],[-68,56]],[[1905,1503],[13,-47]],[[1918,1456],[-50,-69]],[[1868,1387],[-105,57]],[[1763,1444],[14,36]],[[1569,1451],[51,-116]],[[1620,1335],[-55,-74]],[[1565,1261],[-62,-19]],[[1503,1242],[-67,27]],[[1436,1269],[-21,47]],[[1855,1307],[13,80]],[[1918,1456],[74,-63],[-67,-110]],[[1848,1306],[-20,70],[-75,-47]],[[1753,1329],[-24,45]],[[1729,1374],[34,70]],[[1436,1269],[-48,-42]],[[1388,1227],[-105,56]],[[1283,1283],[-17,67]],[[1805,1263],[-52,66]],[[1388,1227],[-1,-45]],[[1387,1182],[-47,-43]],[[1340,1139],[-57,144]],[[1503,1242],[18,-126]],[[1521,1116],[-34,-8]],[[1487,1108],[-100,74]],[[1579,1050],[-1,18]],[[1578,1068],[133,104]],[[1711,1172],[41,14]],[[1752,1186],[28,-14]],[[1544,1019],[-18,-16]],[[1526,1003],[-66,72]],[[1460,1075],[27,33]],[[1521,1116],[57,-48]],[[1526,1003],[-60,-70]],[[1466,933],[-52,123]],[[1414,1056],[46,19]],[[1512,848],[-21,-9]],[[1491,839],[-25,94]],[[1583,949],[-71,-101]],[[1658,765],[-146,83]],[[1669,748],[-129,-14]],[[1540,734],[-49,105]],[[1744,542],[-59,36]],[[1685,578],[-66,83]],[[1619,661],[81,87]],[[1619,661],[-49,-4]],[[1570,657],[-17,-10]],[[1553,647],[-13,87]],[[1570,657],[27,-93]],[[1597,564],[23,-56]],[[1620,508],[-30,-4]],[[1590,504],[-37,143]],[[1685,578],[-88,-14]],[[1729,493],[-109,15]],[[1728,429],[-99,1]],[[1629,430],[-39,74]],[[1709,327],[-80,103]],[[2429,2206],[13,31]],[[2442,2237],[70,41],[-76,49]],[[2589,2043],[-31,8]],[[2518,2687],[7,-3]],[[2525,2684],[56,-140]],[[2581,2544],[-93,-24]],[[2488,2520],[-10,153]],[[2625,2546],[-44,-2]],[[2525,2684],[124,43]],[[2608,2869],[12,-25]],[[2647,2843],[-29,196]],[[2618,3039],[24,25]],[[2618,3039],[-48,13]],[[2570,3052],[-11,66]],[[2559,3118],[27,57]],[[2586,3175],[95,-47]],[[2570,3052],[-27,-33]],[[2543,3019],[-60,44]],[[2483,3063],[9,94]],[[2492,3157],[67,-39]],[[1027,2646],[-109,-30]],[[886,2675],[2,9]],[[888,2684],[131,90]],[[2059,2736],[-15,-58]],[[2044,2678],[-127,8]],[[1981,2271],[-14,-11],[-9,24]],[[1958,2284],[23,-13]],[[2129,2579],[-36,-33]],[[2093,2546],[-30,-18]],[[2063,2528],[-54,10]],[[2009,2538],[-26,70]],[[1983,2608],[78,26]],[[2061,2634],[68,-55]],[[2170,2361],[11,-37]],[[2181,2324],[-7,-21]],[[2174,2303],[-32,-9]],[[2142,2294],[-96,73]],[[2046,2367],[69,36]],[[2115,2403],[55,-42]],[[2333,2535],[73,-94]],[[2406,2441],[-92,-49]],[[2314,2392],[-53,36]],[[2261,2428],[-29,5]],[[2232,2433],[101,102]],[[1803,2050],[13,4]],[[1816,2054],[112,-84]],[[1831,2524],[151,-20]],[[1982,2504],[7,-52]],[[1989,2452],[0,-8]],[[1989,2444],[-128,-20]],[[1861,2424],[-56,40]],[[2093,2546],[86,-51]],[[2179,2495],[0,-34]],[[2179,2461],[-50,-29]],[[2129,2432],[-54,40]],[[2075,2472],[-12,56]],[[2273,2184],[-48,76]],[[2225,2260],[76,50]],[[2301,2310],[141,-73]],[[2249,2653],[-187,19]],[[2062,2672],[-18,6]],[[2181,2324],[80,104]],[[2314,2392],[-13,-82]],[[2225,2260],[-51,43]],[[1833,2063],[2,128]],[[1835,2191],[45,-5]],[[1880,2186],[67,-43]],[[1947,2143],[-43,-40]],[[1904,2103],[-71,-40]],[[2246,2581],[-20,-26]],[[2226,2555],[-97,24]],[[2061,2634],[1,38]],[[1989,2444],[-13,-107]],[[1976,2337],[-10,4]],[[1966,2341],[-105,83]],[[1958,2284],[-11,18]],[[1947,2302],[19,39]],[[1976,2337],[43,-3]],[[2019,2334],[2,-61]],[[2021,2273],[-40,-2]],[[1929,1978],[-25,125]],[[1947,2143],[78,-6]],[[2025,2137],[86,-84]],[[2025,2137],[16,69]],[[2041,2206],[116,58]],[[2157,2264],[44,-139]],[[1983,2608],[-112,-23]],[[2009,2538],[-27,-34]],[[2226,2555],[-47,-60]],[[2075,2472],[-86,-20]],[[2021,2273],[20,-67]],[[1880,2186],[13,101]],[[1893,2287],[54,15]],[[1893,2287],[-72,13]],[[2046,2367],[-27,-33]],[[2129,2432],[-14,-29]],[[2157,2264],[-15,30]],[[1835,2191],[-56,-10]],[[1816,2054],[17,9]],[[2170,2361],[12,96]],[[2182,2457],[50,-24]],[[2179,2461],[3,-4]],[[3804,3317],[30,60]],[[3834,3377],[33,3]],[[3867,3380],[123,-92]],[[3990,3288],[-151,-85],[-23,48],[12,15],[-5,35],[-19,16]],[[620,3257],[38,-63]],[[658,3194],[16,-148]],[[674,3046],[-89,-43]],[[585,3003],[-67,79]],[[518,3082],[-12,107]],[[506,3189],[114,68]],[[3079,3030],[88,53]],[[3167,3083],[77,91]],[[3244,3174],[8,14]],[[3252,3188],[39,-102]],[[1017,2987],[4,21]],[[1021,3008],[75,24]],[[1096,3032],[11,-20]],[[1089,3047],[0,-1]],[[1089,3046],[-8,3]],[[1081,3049],[8,-2]],[[2531,2951],[12,68]],[[3560,2990],[-5,-86]],[[967,2859],[-47,18]],[[888,2684],[-4,177]],[[3249,2719],[-90,-75]],[[3106,2608],[-36,133]],[[2156,1525],[-187,22]],[[1729,1374],[-24,-93]],[[1705,1281],[-85,54]],[[1752,1186],[-47,95]],[[1711,1172],[-146,89]],[[1414,1056],[-74,83]],[[1414,1061],[-2,3],[-1,-4],[3,1]],[[2232,1111],[-6,-24]],[[2451,2931],[32,132]],[[2406,2441],[43,-1]],[[2449,2440],[20,-79]],[[1034,3331],[-6,-59]],[[1028,3272],[-43,-35]],[[985,3237],[-84,70]],[[901,3307],[16,16]],[[917,3323],[52,72]],[[969,3395],[25,35]],[[994,3430],[40,-99]],[[3697,3459],[63,-71]],[[3760,3388],[8,-16]],[[3768,3372],[-86,-161]],[[3682,3211],[-38,42]],[[3644,3253],[-32,163]],[[3612,3416],[85,43]],[[2255,3443],[26,-110]],[[2281,3333],[-112,-159]],[[2169,3174],[-53,26]],[[2116,3200],[18,193]],[[2134,3393],[57,71]],[[2191,3464],[64,-21]],[[1259,3381],[-46,-111]],[[1213,3270],[-13,-3]],[[1200,3267],[-54,-17]],[[1146,3250],[-17,128]],[[1129,3378],[61,19]],[[1190,3397],[69,-16]],[[2116,3200],[-153,-47]],[[1963,3153],[-17,20]],[[1946,3173],[33,74],[-47,100]],[[1932,3347],[80,65]],[[2012,3412],[122,-19]],[[1764,3308],[-32,-67]],[[1732,3241],[-84,93]],[[1648,3334],[67,46]],[[1715,3380],[17,3]],[[1732,3383],[32,-75]],[[1424,3130],[-55,159]],[[1369,3289],[46,52]],[[1415,3341],[100,35]],[[1515,3376],[24,-45]],[[1539,3331],[-25,-162]],[[3768,3372],[20,-59]],[[3788,3313],[36,-30],[-44,-58],[-32,-29],[-58,-18]],[[3690,3178],[-8,33]],[[3546,3307],[71,-75]],[[3617,3232],[-141,-120]],[[3476,3112],[-130,161]],[[3346,3273],[54,92]],[[3400,3365],[20,15]],[[3420,3380],[126,-73]],[[985,3237],[28,-77]],[[1013,3160],[-137,-12]],[[876,3148],[-43,101],[68,58]],[[3244,3174],[-93,36]],[[3151,3210],[-74,54]],[[3077,3264],[-130,-41]],[[2947,3223],[41,101]],[[2988,3324],[40,50]],[[3028,3374],[79,-38],[122,30]],[[3229,3366],[32,-103]],[[3261,3263],[-9,-75]],[[2544,3366],[4,-104]],[[2548,3262],[-62,-64]],[[2486,3198],[-62,27]],[[2424,3225],[38,87]],[[2462,3312],[28,54]],[[2490,3366],[54,0]],[[1539,3331],[109,3]],[[1732,3241],[-30,-42]],[[1702,3199],[-54,-33]],[[319,3223],[49,-18]],[[368,3205],[15,-16]],[[383,3189],[-32,-94]],[[351,3095],[-112,142]],[[239,3237],[80,-14]],[[2174,3162],[-5,12]],[[2281,3333],[181,-21]],[[2424,3225],[-36,-107]],[[1028,3272],[78,-38]],[[1106,3234],[8,-76]],[[1114,3158],[-54,-26]],[[1060,3132],[-47,28]],[[1349,3135],[-84,43]],[[1265,3178],[-65,89]],[[1213,3270],[156,19]],[[2822,3287],[3,-85]],[[2825,3202],[-96,4]],[[2729,3206],[2,101]],[[2731,3307],[91,-20]],[[1081,3049],[33,109]],[[1106,3234],[40,16]],[[1265,3178],[-176,-131]],[[3261,3263],[85,10]],[[3476,3112],[1,-15]],[[3617,3232],[27,21]],[[3690,3178],[-119,-86]],[[3077,3264],[-90,-97]],[[2987,3167],[-60,18]],[[2927,3185],[20,38]],[[2492,3157],[-6,41]],[[2548,3262],[84,-41]],[[2632,3221],[-46,-46]],[[1702,3199],[79,13],[2,-85],[163,46]],[[1963,3153],[-34,-36]],[[1060,3132],[-73,-111]],[[987,3021],[-108,39]],[[879,3060],[-3,88]],[[1096,3032],[-7,14]],[[1021,3008],[-34,13]],[[2886,3127],[41,58]],[[2987,3167],[18,-83]],[[2632,3221],[19,15]],[[2651,3236],[78,-30]],[[2825,3202],[-3,-49]],[[2544,3366],[48,38]],[[2592,3404],[59,-168]],[[620,3257],[9,60]],[[629,3317],[81,23]],[[710,3340],[38,-57]],[[748,3283],[-90,-89]],[[1034,3331],[46,47]],[[1080,3378],[49,0]],[[585,3003],[-40,-11]],[[545,2992],[-15,0]],[[530,2992],[-130,53]],[[400,3045],[118,37]],[[3546,3307],[-32,106]],[[3514,3413],[9,19]],[[3523,3432],[89,-16]],[[368,3205],[91,66],[6,119]],[[465,3390],[77,-40]],[[542,3350],[87,-33]],[[506,3189],[-123,0]],[[748,3283],[35,-23]],[[783,3260],[-25,-171],[-84,-43]],[[1764,3308],[168,39]],[[400,3045],[-49,50]],[[3167,3083],[-65,45],[49,82]],[[319,3223],[-12,127]],[[307,3350],[142,111]],[[449,3461],[16,-71]],[[239,3237],[-82,74],[150,39]],[[2488,2520],[-39,-80]],[[2333,2535],[-18,24]],[[935,2401],[-39,189]],[[2822,3287],[34,117]],[[2856,3404],[57,-6]],[[2913,3398],[75,-74]],[[2592,3404],[1,2]],[[2593,3406],[74,91]],[[2667,3497],[18,-34]],[[2685,3463],[-2,-135],[48,-21]],[[2234,903],[-1,-34]],[[899,2993],[-20,67]],[[937,323],[-2,-3],[-5,3],[7,0]],[[894,2911],[2,19],[9,1]],[[545,2992],[-4,-9],[-11,9]],[[5009,4618],[17,-68]],[[5026,4550],[21,-33]],[[5047,4517],[-53,-21]],[[4994,4496],[-68,45]],[[4926,4541],[-97,62]],[[4829,4603],[-44,15]],[[4785,4618],[22,64],[119,16]],[[4926,4698],[83,-80]],[[5479,4466],[-31,6]],[[5448,4472],[-75,152]],[[5373,4624],[1,3]],[[5374,4627],[202,-35],[-97,-126]],[[5271,4488],[19,-40]],[[5290,4448],[-45,-68]],[[5245,4380],[-29,3]],[[5216,4383],[-41,94]],[[5175,4477],[47,42]],[[5222,4519],[1,1]],[[5223,4520],[86,16]],[[5309,4536],[-38,-48]],[[5175,4477],[-123,-74]],[[5052,4403],[-68,39]],[[4984,4442],[-10,19]],[[4974,4461],[176,45]],[[5150,4506],[72,13]],[[5479,4466],[58,-105],[-107,48],[-176,-99]],[[5254,4310],[-9,70]],[[5290,4448],[84,5]],[[5374,4453],[74,19]],[[5216,4383],[-20,-31]],[[5196,4352],[-2,3]],[[5194,4355],[-102,-4]],[[5092,4351],[-46,11]],[[5046,4362],[-6,8]],[[5040,4370],[12,33]],[[4554,4436],[-73,67],[160,3]],[[4641,4506],[-2,-8]],[[4639,4498],[-85,-62]],[[4922,4440],[53,-1]],[[4975,4439],[-100,-109]],[[4875,4330],[-57,-8]],[[4818,4322],[-13,85]],[[4805,4407],[-19,53]],[[4786,4460],[54,10]],[[4840,4470],[6,-6]],[[4846,4464],[76,-24]],[[5040,4370],[-114,-55]],[[4926,4315],[-37,-17]],[[4889,4298],[-14,32]],[[4975,4439],[9,3]],[[5254,4310],[-36,-18]],[[5218,4292],[-22,60]],[[5092,4351],[17,-31]],[[5109,4320],[-25,-33]],[[5084,4287],[-11,-10]],[[5073,4277],[-28,-5]],[[5045,4272],[-36,48]],[[5009,4320],[37,42]],[[5045,4272],[-52,-56]],[[4993,4216],[-29,-24]],[[4964,4192],[-31,110]],[[4933,4302],[76,18]],[[5109,4320],[52,18]],[[5161,4338],[7,-75]],[[5168,4263],[-21,-71]],[[5147,4192],[-40,6]],[[5107,4198],[-23,89]],[[4754,4314],[16,-70]],[[4770,4244],[-139,-17]],[[4631,4227],[-14,-3]],[[4617,4224],[3,18]],[[4620,4242],[0,73]],[[4620,4315],[57,18]],[[4677,4333],[77,-19]],[[4926,4315],[7,-13]],[[4964,4192],[-40,-82]],[[4924,4110],[-34,0]],[[4890,4110],[23,87],[-114,43]],[[4799,4240],[2,26]],[[4801,4266],[88,32]],[[5107,4198],[-39,14]],[[5068,4212],[5,65]],[[5068,4212],[-24,-48]],[[5044,4164],[-40,-5]],[[5004,4159],[-11,57]],[[4620,4242],[-111,-15]],[[4509,4227],[-14,64]],[[4495,4291],[78,17]],[[4573,4308],[47,7]],[[4337,4237],[-5,-7]],[[4332,4230],[-86,-18]],[[4246,4212],[-12,90]],[[4234,4302],[117,-19]],[[4351,4283],[-14,-46]],[[4509,4227],[0,-8]],[[4509,4219],[-38,11]],[[4471,4230],[-63,-1]],[[4408,4229],[-71,8]],[[4351,4283],[144,8]],[[4770,4244],[31,22]],[[4799,4240],[-95,-80]],[[4704,4160],[-9,-31]],[[4695,4129],[-68,12]],[[4627,4141],[4,86]],[[4246,4212],[5,-17]],[[4251,4195],[-111,4]],[[4140,4199],[-2,7]],[[4138,4206],[4,60]],[[4142,4266],[92,36]],[[4617,4224],[-69,-48]],[[4548,4176],[-45,-14]],[[4503,4162],[6,57]],[[5147,4192],[-21,-98]],[[5126,4094],[-65,27]],[[5061,4121],[-17,43]],[[4408,4229],[-5,-74]],[[4403,4155],[-53,-18]],[[4350,4137],[-52,23]],[[4298,4160],[34,70]],[[4471,4230],[-68,-75]],[[4627,4141],[-23,-10]],[[4604,4131],[-20,2]],[[4584,4133],[-36,43]],[[4503,4162],[-4,-38]],[[4499,4124],[-74,-41]],[[4425,4083],[-63,-4]],[[4362,4079],[4,14]],[[4366,4093],[-16,44]],[[4298,4160],[-54,1]],[[4244,4161],[7,34]],[[4244,4161],[-40,-34]],[[4204,4127],[-64,-35]],[[4140,4092],[-22,62]],[[4118,4154],[22,45]],[[4584,4133],[-85,-9]],[[5126,4094],[-25,-65]],[[5101,4029],[-32,36]],[[5069,4065],[-8,56]],[[4366,4093],[-113,22]],[[4253,4115],[-60,-7]],[[4193,4108],[11,19]],[[4604,4131],[-24,-84]],[[4580,4047],[-3,-7]],[[4577,4040],[-58,7]],[[4519,4047],[-94,36]],[[4755,4069],[14,-12]],[[4769,4057],[36,-38]],[[4805,4019],[27,-51]],[[4832,3968],[-43,-71]],[[4789,3897],[-135,27]],[[4654,3924],[6,79]],[[4660,4003],[17,22]],[[4677,4025],[78,44]],[[4966,3824],[-1,63]],[[4965,3887],[93,41]],[[5058,3928],[-53,-133]],[[5005,3795],[-39,29]],[[4519,4047],[-54,-41]],[[4465,4006],[-135,-37]],[[4330,3969],[-15,52]],[[4315,4021],[35,43]],[[4350,4064],[12,15]],[[4805,4019],[35,28]],[[4840,4047],[79,-1]],[[4919,4046],[2,-23]],[[4921,4023],[-25,-21]],[[4896,4002],[-64,-34]],[[4921,4023],[48,-3]],[[4969,4020],[57,12]],[[5026,4032],[-52,-91]],[[4974,3941],[-56,47]],[[4918,3988],[-22,14]],[[4654,3924],[-21,-15]],[[4633,3909],[-44,21]],[[4589,3930],[71,73]],[[4577,4040],[-22,-97]],[[4555,3943],[-127,10]],[[4428,3953],[37,53]],[[4918,3988],[-31,-130]],[[4887,3858],[-104,-20]],[[4783,3838],[-7,22]],[[4776,3860],[13,37]],[[4330,3969],[25,-29]],[[4355,3940],[-140,6]],[[4215,3946],[16,56]],[[4231,4002],[84,19]],[[4697,3799],[-35,76]],[[4662,3875],[-12,2]],[[4650,3877],[-17,32]],[[4776,3860],[-17,-49]],[[4759,3811],[-15,-34]],[[4917,3884],[5,-41]],[[4922,3843],[-6,-35]],[[4916,3808],[-8,-6]],[[4908,3802],[-19,44]],[[4889,3846],[28,38]],[[4662,3875],[-30,-133]],[[4608,3741],[-16,57]],[[4592,3798],[58,79]],[[4916,3808],[21,-8]],[[4937,3800],[3,-15]],[[4940,3785],[-33,-52]],[[4907,3733],[0,19]],[[4907,3752],[1,50]],[[4907,3752],[-25,69]],[[4882,3821],[1,2]],[[4883,3823],[6,23]],[[4940,3785],[41,-72]],[[4981,3713],[-98,-23]],[[4883,3690],[24,43]],[[4883,3690],[-69,18]],[[4814,3708],[2,102]],[[4816,3810],[66,11]],[[4602,3630],[-17,-4]],[[4585,3626],[-17,61]],[[4568,3687],[-3,83]],[[4565,3770],[27,28]],[[4585,3626],[-71,-41]],[[4514,3585],[-7,37]],[[4507,3622],[-2,97]],[[4505,3719],[32,-7]],[[4537,3712],[31,-25]],[[4441,3555],[-19,-21]],[[4422,3534],[-18,98]],[[4404,3632],[64,11]],[[4468,3643],[1,-6]],[[4469,3637],[-28,-82]],[[4514,3585],[-9,-53]],[[4505,3532],[-64,23]],[[4469,3637],[38,-15]],[[5004,4159],[-18,-41]],[[4986,4118],[-53,-3]],[[4933,4115],[-9,-5]],[[5069,4065],[-84,8]],[[4985,4073],[1,45]],[[5101,4029],[-39,-31]],[[5062,3998],[-36,34]],[[4969,4020],[16,53]],[[4253,4115],[-7,-50]],[[4246,4065],[-15,-63]],[[4215,3946],[-50,21]],[[4165,3967],[9,66]],[[4174,4033],[19,75]],[[4246,4065],[104,-1]],[[4919,4046],[14,69]],[[4840,4047],[50,63]],[[5150,4506],[-13,44]],[[5137,4550],[30,29]],[[5167,4579],[30,33]],[[5197,4612],[26,-92]],[[5374,4453],[-103,35]],[[5309,4536],[64,88]],[[4829,4603],[11,-133]],[[4786,4460],[-95,80]],[[4691,4540],[94,78]],[[4846,4464],[66,43]],[[4912,4507],[10,-67]],[[4641,4506],[50,34]],[[4805,4407],[-99,-38]],[[4706,4369],[-67,129]],[[4706,4369],[-29,-36]],[[4573,4308],[-19,128]],[[4580,4047],[97,-22]],[[4589,3930],[-34,13]],[[4428,3953],[-73,-13]],[[4165,3967],[-20,38]],[[4145,4005],[29,28]],[[4468,3643],[-18,59]],[[4450,3702],[55,17]],[[4404,3632],[46,70]],[[4505,3532],[-83,2]],[[4537,3712],[28,58]],[[5194,4355],[-33,-17]],[[4754,4314],[64,8]],[[4704,4160],[65,-103]],[[4755,4069],[-60,60]],[[4145,4005],[-5,87]],[[4926,4541],[-14,-34]],[[5218,4292],[-50,-29]],[[4917,3884],[31,-48]],[[4948,3836],[-26,7]],[[4783,3838],[-7,-34]],[[4776,3804],[-17,7]],[[4966,3824],[-10,-1]],[[4956,3823],[-8,13]],[[4883,3823],[4,35]],[[4974,3941],[-9,-54]],[[4956,3823],[-19,-23]],[[5005,3795],[-24,-82]],[[5062,3998],[-4,-70]],[[4816,3810],[-40,-6]],[[4814,3708],[-24,-15]],[[5167,4579],[-27,79],[-132,86]],[[5008,4744],[-39,23]],[[4969,4767],[94,62],[112,-59]],[[5175,4770],[24,-111]],[[5199,4659],[-2,-47]],[[5047,4517],[56,31]],[[5103,4548],[7,8]],[[5110,4556],[27,-6]],[[4974,4461],[20,35]],[[5175,4770],[157,87],[82,-105],[-37,-98]],[[5377,4654],[-94,-50],[-84,55]],[[5377,4654],[-3,-27]],[[5110,4556],[-84,74]],[[5026,4630],[-18,114]],[[4926,4698],[43,69]],[[5026,4630],[-17,-12]],[[5103,4548],[-77,2]],[[4718,1191],[-33,0],[27,227],[38,29],[-32,-256]],[[4696,1158],[-18,-144],[-22,46],[40,98]],[[4902,102],[-7,-102],[-24,91],[31,11]],[[1894,4777],[88,-4]],[[1982,4773],[17,-55]],[[1999,4718],[-60,-79]],[[1939,4639],[-18,40]],[[1921,4679],[-17,54]],[[1904,4733],[-10,44]],[[1399,4743],[37,-87]],[[1436,4656],[-123,-67]],[[1313,4589],[-59,-113]],[[1254,4476],[-160,-30]],[[1094,4446],[92,143],[-38,122]],[[1148,4711],[251,32]],[[1921,4679],[-101,-15]],[[1820,4664],[-22,21]],[[1798,4685],[24,19]],[[1822,4704],[82,29]],[[1755,4676],[1,-20]],[[1756,4656],[-33,-24]],[[1723,4632],[-55,21]],[[1668,4653],[11,63]],[[1679,4716],[52,12]],[[1731,4728],[1,-5]],[[1732,4723],[23,-47]],[[1668,4718],[11,-2]],[[1668,4653],[-41,-27]],[[1627,4626],[-72,19]],[[1555,4645],[25,50]],[[1580,4695],[88,23]],[[2202,4728],[3,-128]],[[2205,4600],[-37,-52]],[[2168,4548],[-102,87]],[[2066,4635],[86,102]],[[2152,4737],[50,-9]],[[2202,4728],[73,-4]],[[2275,4724],[47,-44]],[[2322,4680],[9,-64]],[[2331,4616],[-126,-16]],[[1939,4639],[33,-70]],[[1972,4569],[-142,4]],[[1830,4573],[-10,91]],[[1830,4573],[-49,-10]],[[1781,4563],[4,26]],[[1785,4589],[-29,67]],[[1755,4676],[43,9]],[[2322,4680],[141,-48]],[[2463,4632],[44,-155]],[[2507,4477],[-62,46],[-123,-46]],[[2322,4477],[-48,17]],[[2274,4494],[57,122]],[[1436,4656],[43,-27]],[[1479,4629],[7,-99]],[[1486,4530],[-123,-45],[-50,104]],[[1723,4632],[10,-30]],[[1733,4602],[-7,-12]],[[1726,4590],[-63,4]],[[1663,4594],[-36,32]],[[1785,4589],[-52,13]],[[1479,4629],[2,9]],[[1481,4638],[72,-1]],[[1553,4637],[6,-54]],[[1559,4583],[-17,-74]],[[1542,4509],[-28,2]],[[1514,4511],[-28,19]],[[1663,4594],[-1,-2]],[[1662,4592],[-103,-9]],[[1553,4637],[2,8]],[[2168,4548],[-30,-76]],[[2138,4472],[-31,12]],[[2107,4484],[-110,65]],[[1997,4549],[-6,9]],[[1991,4558],[56,87]],[[2047,4645],[13,-1]],[[2060,4644],[6,-9]],[[713,4527],[69,-92]],[[782,4435],[-82,-10],[56,-118],[-8,-115]],[[748,4192],[-162,20],[-52,-78],[-153,16]],[[381,4150],[7,85],[-127,41],[15,94],[149,178],[74,-62],[214,41]],[[2463,4632],[132,-97]],[[2595,4535],[45,-111]],[[2640,4424],[-89,-75]],[[2551,4349],[-19,54]],[[2532,4403],[-25,74]],[[1726,4590],[30,-77]],[[1756,4513],[-12,-11]],[[1744,4502],[-58,-31]],[[1686,4471],[-24,121]],[[2274,4494],[-62,-68]],[[2212,4426],[-74,46]],[[1514,4511],[-31,-83],[-115,-66]],[[1368,4362],[-114,114]],[[1781,4563],[10,-34]],[[1791,4529],[-35,-16]],[[1686,4471],[-5,-109]],[[1681,4362],[-128,-17]],[[1553,4345],[-11,164]],[[3881,4411],[-39,30]],[[3842,4441],[-32,22]],[[3810,4463],[96,103],[34,-146]],[[3940,4420],[-59,-9]],[[1972,4569],[19,-11]],[[1997,4549],[-26,-45]],[[1971,4504],[-110,-49]],[[1861,4455],[-70,74]],[[2107,4484],[6,-29]],[[2113,4455],[-135,35]],[[1978,4490],[-7,14]],[[1861,4455],[16,-54]],[[1877,4401],[-64,-18]],[[1813,4383],[-69,119]],[[1553,4345],[-25,-116]],[[1528,4229],[-188,-13]],[[1340,4216],[-37,92]],[[1303,4308],[65,54]],[[2595,4535],[88,-23]],[[2683,4512],[-25,-95]],[[2658,4417],[-18,7]],[[782,4435],[60,29],[110,-67]],[[952,4397],[-2,-79],[90,-16],[53,-93]],[[1093,4209],[-12,-68],[-186,-53]],[[895,4088],[-27,69],[-120,35]],[[2532,4403],[-92,-38]],[[2440,4365],[-20,-12]],[[2420,4353],[-98,124]],[[1813,4383],[-36,-107]],[[1777,4276],[-21,-7]],[[1756,4269],[-48,33]],[[1708,4302],[-27,60]],[[1978,4490],[-60,-72]],[[1918,4418],[-41,-17]],[[1303,4308],[-130,-95]],[[1173,4213],[-80,-4]],[[952,4397],[142,49]],[[2113,4455],[7,-54]],[[2120,4401],[-102,4]],[[2018,4405],[-82,9]],[[1936,4414],[-18,4]],[[2420,4353],[-53,-19]],[[2367,4334],[-97,-19]],[[2270,4315],[-5,7]],[[2265,4322],[-56,56]],[[2209,4378],[3,48]],[[2209,4378],[-62,-5]],[[2147,4373],[-27,28]],[[3842,4441],[0,-82]],[[3842,4359],[-46,19]],[[3796,4378],[14,85]],[[3881,4411],[9,-42]],[[3890,4369],[-21,-23]],[[3869,4346],[-27,13]],[[3940,4420],[-14,-59]],[[3926,4361],[-36,8]],[[2018,4405],[17,-83]],[[2035,4322],[-13,-8]],[[2022,4314],[-86,100]],[[3121,4246],[-16,6]],[[3105,4252],[-97,138]],[[3008,4390],[-9,13]],[[2999,4403],[145,1],[26,-72]],[[3170,4332],[-49,-86]],[[2863,4355],[-6,-2]],[[2857,4353],[-41,-21]],[[2816,4332],[-66,17]],[[2750,4349],[-19,14]],[[2731,4363],[52,72]],[[2783,4435],[107,-32]],[[2890,4403],[-27,-48]],[[2147,4373],[-14,-51]],[[2133,4322],[-98,0]],[[3008,4390],[-69,-83]],[[2939,4307],[-76,48]],[[2890,4403],[109,0]],[[2022,4314],[8,-32]],[[2030,4282],[-45,-2]],[[1985,4280],[-62,15]],[[1923,4295],[-146,-19]],[[2658,4417],[73,-54]],[[2750,4349],[-63,-58]],[[2687,4291],[-91,12]],[[2596,4303],[-45,46]],[[2596,4303],[-36,-49]],[[2560,4254],[-41,-21]],[[2519,4233],[-35,10]],[[2484,4243],[-44,122]],[[3869,4346],[11,-41]],[[3880,4305],[-15,-50]],[[3865,4255],[-13,-32]],[[3852,4223],[-18,-8]],[[3834,4215],[-25,19]],[[3809,4234],[-13,144]],[[1708,4302],[-118,-32]],[[1590,4270],[-58,-49]],[[1532,4221],[-4,8]],[[3105,4252],[-70,-17]],[[3035,4235],[-81,24]],[[2954,4259],[-15,48]],[[2265,4322],[-23,-30]],[[2242,4292],[-26,-5]],[[2216,4287],[-79,29]],[[2137,4316],[-4,6]],[[2484,4243],[-31,-12]],[[2453,4231],[-86,103]],[[3880,4305],[74,19]],[[3954,4324],[42,-27]],[[3996,4297],[6,-68]],[[4002,4229],[-69,-42]],[[3933,4187],[-68,68]],[[2816,4332],[-16,-93]],[[2800,4239],[-66,18]],[[2734,4257],[-47,34]],[[2954,4259],[1,-95]],[[2955,4164],[-31,12]],[[2924,4176],[-64,23]],[[2860,4199],[-12,6]],[[2848,4205],[9,148]],[[2848,4205],[-48,34]],[[1756,4269],[5,-74]],[[1761,4195],[-48,-32]],[[1713,4163],[-51,-39]],[[1662,4124],[-48,65],[70,46],[-94,35]],[[3170,4332],[95,-54]],[[3265,4278],[2,-23]],[[3267,4255],[4,-62]],[[3271,4193],[-81,-20]],[[3190,4173],[-69,73]],[[2453,4231],[-62,-88]],[[2391,4143],[-16,24]],[[2375,4167],[-105,148]],[[2137,4316],[-25,-106]],[[2112,4210],[-15,1]],[[2097,4211],[-67,71]],[[1923,4295],[-162,-100]],[[2375,4167],[-68,-66]],[[2307,4101],[-52,48]],[[2255,4149],[-13,143]],[[2216,4287],[-48,-92]],[[2168,4195],[-56,15]],[[1985,4280],[-55,-93]],[[1930,4187],[-107,-91]],[[1823,4096],[-11,-1]],[[1812,4095],[-99,68]],[[895,4088],[-10,-13]],[[885,4075],[-304,-247]],[[581,3828],[-14,5]],[[567,3833],[-186,317]],[[2734,4257],[-48,-52]],[[2686,4205],[-54,21]],[[2632,4226],[-72,28]],[[2255,4149],[-9,-13]],[[2246,4136],[-78,59]],[[2097,4211],[-37,-104]],[[2060,4107],[-10,-9]],[[2050,4098],[-50,53]],[[2000,4151],[-70,36]],[[1662,4124],[-59,-42]],[[1603,4082],[-36,-21]],[[1567,4061],[-8,16]],[[1559,4077],[-27,144]],[[3035,4235],[20,-38]],[[3055,4197],[-19,-59]],[[3036,4138],[-38,19]],[[2998,4157],[-43,7]],[[3265,4278],[107,-33]],[[3372,4245],[-10,-35]],[[3362,4210],[-12,-28]],[[3350,4182],[-62,7]],[[3288,4189],[-21,66]],[[1559,4077],[-163,-19]],[[1396,4058],[-27,9]],[[1369,4067],[-29,149]],[[3288,4189],[-17,4]],[[2686,4205],[87,-33]],[[2773,4172],[0,-23]],[[2773,4149],[-47,-31]],[[2726,4118],[-73,11]],[[2653,4129],[-21,97]],[[1173,4213],[-35,-127]],[[1138,4086],[-10,-5]],[[1128,4081],[-28,-32]],[[1100,4049],[-80,-124]],[[1020,3925],[-65,-76]],[[955,3849],[-40,106]],[[915,3955],[-30,120]],[[3190,4173],[6,-10]],[[3196,4163],[-25,-1]],[[3171,4162],[-116,35]],[[2860,4199],[-87,-27]],[[2519,4233],[19,-130]],[[2538,4103],[-20,-27]],[[2518,4076],[-127,67]],[[2246,4136],[-99,-64]],[[2147,4072],[-87,35]],[[2924,4176],[-23,-98]],[[2901,4078],[-54,-35]],[[2847,4043],[-74,106]],[[2000,4151],[-63,-80]],[[1937,4071],[-114,25]],[[1812,4095],[-106,-120]],[[1706,3975],[-94,15]],[[1612,3990],[-9,92]],[[2998,4157],[-26,-71]],[[2972,4086],[-71,-8]],[[2518,4076],[-28,-77]],[[2490,3999],[-33,21]],[[2457,4020],[-129,75]],[[2328,4095],[-21,6]],[[3036,4138],[79,-46]],[[3115,4092],[25,-32]],[[3140,4060],[-54,-14]],[[3086,4046],[-74,-24]],[[3012,4022],[-40,64]],[[2847,4043],[1,-23]],[[2848,4020],[-72,-33]],[[2776,3987],[-69,30]],[[2707,4017],[-35,30]],[[2672,4047],[54,71]],[[1396,4058],[-2,-145]],[[1394,3913],[-19,-6]],[[1375,3907],[-30,4]],[[1345,3911],[-177,6]],[[1168,3917],[-46,60],[30,107]],[[1152,4084],[20,8]],[[1172,4092],[20,17]],[[1192,4109],[177,-42]],[[3481,4057],[-18,-18]],[[3463,4039],[-107,-24]],[[3356,4015],[-39,3]],[[3317,4018],[22,81]],[[3339,4099],[13,37]],[[3352,4136],[129,-79]],[[915,3955],[-115,-131]],[[800,3824],[-53,17],[-26,-8],[-25,1],[-26,-8],[-9,8],[-24,0],[-20,-11],[-17,-2]],[[600,3821],[-19,7]],[[1567,4061],[-38,-81],[-118,-74]],[[1411,3906],[-17,7]],[[3801,4006],[-68,-48]],[[3733,3958],[-30,16]],[[3703,3974],[-64,27]],[[3639,4001],[116,93]],[[3755,4094],[46,-88]],[[2147,4072],[0,-58]],[[2147,4014],[-22,-42]],[[2125,3972],[8,-37]],[[2133,3935],[-85,2]],[[2048,3937],[-61,11]],[[1987,3948],[-21,-19]],[[1966,3929],[-11,18]],[[1955,3947],[12,78]],[[1967,4025],[83,73]],[[1937,4071],[30,-46]],[[1955,3947],[-3,-23]],[[1952,3924],[-35,-55]],[[1917,3869],[-119,6]],[[1798,3875],[-49,45]],[[1749,3920],[-43,55]],[[1612,3990],[-75,-60],[46,-63]],[[1583,3867],[-99,-62]],[[1484,3805],[-26,47]],[[1458,3852],[-47,54]],[[2457,4020],[-58,-103]],[[2399,3917],[-46,-19]],[[2353,3898],[-41,10]],[[2312,3908],[-30,70]],[[2282,3978],[21,35]],[[2303,4013],[25,82]],[[3012,4022],[-29,-34]],[[2983,3988],[-46,-19]],[[2937,3969],[-69,47]],[[2868,4016],[-20,4]],[[2518,4076],[51,-45]],[[2569,4031],[-11,-65]],[[2558,3966],[-68,33]],[[3481,4057],[5,2]],[[3486,4059],[73,-20]],[[3559,4039],[5,-41]],[[3564,3998],[-19,-41]],[[3545,3957],[-41,36]],[[3504,3993],[-41,46]],[[3140,4060],[47,-7]],[[3187,4053],[-27,-84]],[[3160,3969],[-46,-32]],[[3114,3937],[-36,43]],[[3078,3980],[8,66]],[[2707,4017],[-12,-75]],[[2695,3942],[-33,-78]],[[2662,3864],[-106,79]],[[2556,3943],[2,23]],[[2569,4031],[103,16]],[[3078,3980],[-72,-15]],[[3006,3965],[-23,23]],[[3874,4030],[88,-89],[-91,5]],[[3871,3946],[-31,22]],[[3840,3968],[34,62]],[[3801,4006],[39,-38]],[[3871,3946],[-77,-109]],[[3794,3837],[-26,35]],[[3768,3872],[-35,86]],[[2133,3935],[-64,-152]],[[2069,3783],[-66,135]],[[2003,3918],[45,19]],[[2868,4016],[-28,-61]],[[2840,3955],[-69,3]],[[2771,3958],[5,29]],[[3362,4210],[119,-86]],[[3481,4124],[5,-65]],[[3352,4136],[-2,46]],[[3481,4124],[9,8]],[[3490,4132],[40,-11]],[[3530,4121],[29,-82]],[[955,3849],[-28,-57]],[[927,3792],[-8,-26]],[[919,3766],[-44,2],[-9,20],[-31,8],[-4,-18],[-28,32],[-3,14]],[[2556,3943],[-80,-61]],[[2476,3882],[-77,35]],[[2937,3969],[-27,-113]],[[2910,3856],[-64,38]],[[2846,3894],[-6,61]],[[2771,3958],[-76,-16]],[[1749,3920],[-83,-8],[-6,-130]],[[1660,3782],[-77,85]],[[3768,3872],[-10,-24]],[[3758,3848],[-63,12]],[[3695,3860],[-6,85]],[[3689,3945],[14,29]],[[3006,3965],[-72,-158]],[[2934,3807],[-24,49]],[[3114,3937],[-3,-7]],[[3111,3930],[-84,-104]],[[3027,3826],[-26,-23]],[[3001,3803],[-71,-2]],[[2930,3801],[4,6]],[[1020,3925],[35,-71],[90,24]],[[1145,3878],[55,-134]],[[1200,3744],[-31,-66]],[[1169,3678],[-172,-29]],[[997,3649],[2,19]],[[999,3668],[-72,124]],[[3695,3860],[-17,-61]],[[3678,3799],[-71,24]],[[3607,3823],[24,92]],[[3631,3915],[58,30]],[[2846,3894],[-102,-60]],[[2744,3834],[-44,-15]],[[2700,3819],[-38,45]],[[1987,3948],[16,-30]],[[2069,3783],[1,-5]],[[2070,3778],[-36,-51],[-102,58]],[[1932,3785],[-15,84]],[[1952,3924],[14,5]],[[3503,3899],[20,-80]],[[3523,3819],[-30,-50]],[[3493,3769],[-76,87]],[[3417,3856],[-42,44]],[[3375,3900],[27,2]],[[3402,3902],[76,32]],[[3478,3934],[25,-35]],[[1375,3907],[38,-68]],[[1413,3839],[-122,-105]],[[1291,3734],[-40,58]],[[1251,3792],[94,119]],[[3607,3823],[-26,-17]],[[3581,3806],[-58,13]],[[3503,3899],[36,29]],[[3539,3928],[92,-13]],[[2700,3819],[2,-3]],[[2702,3816],[-191,-58]],[[2511,3758],[-35,124]],[[2511,3758],[16,-12]],[[2527,3746],[-74,-40]],[[2453,3706],[-8,-3]],[[2445,3703],[-114,-21]],[[2331,3682],[52,44],[-30,172]],[[1798,3875],[16,-119]],[[1814,3756],[-63,-91]],[[1751,3665],[-18,0]],[[1733,3665],[-66,52]],[[1667,3717],[-7,65]],[[3417,3856],[-29,-3]],[[3388,3853],[-101,-45]],[[3287,3808],[3,87]],[[3290,3895],[47,29]],[[3337,3924],[38,-24]],[[3287,3808],[-8,-10]],[[3279,3798],[-46,-30]],[[3233,3768],[-113,-18]],[[3120,3750],[-32,44]],[[3088,3794],[77,121]],[[3165,3915],[24,1]],[[3189,3916],[65,0]],[[3254,3916],[36,-21]],[[1932,3785],[-36,-41]],[[1896,3744],[-82,12]],[[1667,3717],[-127,17]],[[1540,3734],[-100,-99]],[[1440,3635],[-44,36]],[[1396,3671],[72,30],[16,104]],[[3794,3837],[128,-127]],[[3922,3710],[-100,-72]],[[3822,3638],[-40,10]],[[3782,3648],[-15,162]],[[3767,3810],[-9,38]],[[2930,3801],[-33,-90]],[[2897,3711],[-98,-30]],[[2799,3681],[-3,131],[-52,22]],[[3767,3810],[-48,-67]],[[3719,3743],[-41,56]],[[1396,3671],[-99,-32]],[[1297,3639],[-6,95]],[[1413,3839],[45,13]],[[3545,3957],[-6,-29]],[[3478,3934],[-21,29]],[[3457,3963],[47,30]],[[3493,3769],[23,-50]],[[3516,3719],[-17,-25]],[[3499,3694],[-71,-29]],[[3428,3665],[-38,13]],[[3390,3678],[-12,69]],[[3378,3747],[10,106]],[[3719,3743],[-77,-49]],[[3642,3694],[-49,18]],[[3593,3712],[-12,94]],[[2799,3681],[-23,-9]],[[2776,3672],[-37,-29]],[[2739,3643],[-55,14]],[[2684,3657],[-63,59],[81,100]],[[3782,3648],[-83,-43]],[[3699,3605],[-85,44]],[[3614,3649],[28,45]],[[3593,3712],[-77,7]],[[3027,3826],[61,-32]],[[3120,3750],[16,-64]],[[3136,3686],[-107,-39]],[[3029,3647],[-28,156]],[[2684,3657],[-116,7]],[[2568,3664],[-41,82]],[[3233,3768],[-7,-141]],[[3226,3627],[-16,1]],[[3210,3628],[-74,58]],[[3029,3647],[-1,-36]],[[3028,3611],[-131,100]],[[2070,3778],[29,-67]],[[2099,3711],[9,-188]],[[2108,3523],[-73,2]],[[2035,3525],[-99,94]],[[1936,3619],[-40,125]],[[606,3685],[15,-3],[56,0],[32,-26],[66,57],[32,-30],[22,-8]],[[829,3675],[-99,-88]],[[730,3587],[-83,-10]],[[647,3577],[-86,26],[3,65],[42,17]],[[2099,3711],[124,58]],[[2223,3769],[13,-117]],[[2236,3652],[13,-49]],[[2249,3603],[-107,-93]],[[2142,3510],[-34,13]],[[1699,3575],[-97,-72]],[[1602,3503],[-80,24]],[[1522,3527],[7,70]],[[1529,3597],[53,13]],[[1582,3610],[117,-35]],[[1936,3619],[-147,-36]],[[1789,3583],[-38,82]],[[829,3675],[18,0],[13,12],[1,20],[24,4],[16,-17]],[[901,3694],[-9,-16],[-5,-25],[1,-71]],[[888,3582],[-88,-84]],[[800,3498],[-66,81]],[[734,3579],[-4,8]],[[1733,3665],[-11,-46]],[[1722,3619],[-23,-44]],[[1582,3610],[-42,124]],[[2568,3664],[73,-100]],[[2641,3564],[-140,-44]],[[2501,3520],[-48,186]],[[3922,3710],[2,-186]],[[3924,3524],[-58,-61]],[[3866,3463],[1,57]],[[3867,3520],[-45,118]],[[3614,3649],[-54,4]],[[3560,3653],[-61,41]],[[1169,3678],[20,-10]],[[1189,3668],[-79,-112]],[[1110,3556],[-64,15]],[[1046,3571],[-49,78]],[[2445,3703],[-79,-144]],[[2366,3559],[-117,44]],[[2236,3652],[95,30]],[[3560,3653],[0,-29]],[[3560,3624],[-60,-13]],[[3500,3611],[-72,54]],[[1189,3668],[76,-77]],[[1265,3591],[-7,-69]],[[1258,3522],[-79,-34]],[[1179,3488],[-65,59]],[[1114,3547],[-4,9]],[[2501,3520],[-24,0]],[[2477,3520],[-105,30]],[[2372,3550],[-6,9]],[[3210,3628],[-16,-34]],[[3194,3594],[-95,10]],[[3099,3604],[-60,-58]],[[3039,3546],[-11,65]],[[1440,3635],[-94,-46],[8,-85]],[[1354,3504],[-44,-6]],[[1310,3498],[-52,24]],[[1265,3591],[32,48]],[[3500,3611],[-115,-33]],[[3385,3578],[-46,101]],[[3339,3679],[51,-1]],[[3385,3578],[-5,-11]],[[3380,3567],[-120,54]],[[3260,3621],[79,58]],[[1789,3583],[-27,-93]],[[1762,3490],[-40,129]],[[3867,3520],[-134,-43]],[[3733,3477],[-50,84]],[[3683,3561],[16,44]],[[2667,3497],[-26,67]],[[2739,3643],[47,-111],[-33,-66]],[[2753,3466],[-68,-3]],[[1440,3635],[89,-38]],[[1522,3527],[-42,-51]],[[1480,3476],[-88,-30]],[[1392,3446],[-38,58]],[[888,3582],[42,-48]],[[930,3534],[-1,-25]],[[929,3509],[-33,-35]],[[896,3474],[-96,24]],[[710,3340],[42,14],[-18,225]],[[896,3474],[-63,-83]],[[833,3391],[-25,-63]],[[808,3328],[-25,-68]],[[2035,3525],[-69,-54]],[[1966,3471],[-80,-38]],[[1886,3433],[-124,57]],[[3514,3413],[-61,61]],[[3453,3474],[-68,37]],[[3385,3511],[-5,56]],[[3560,3624],[19,-12]],[[3579,3612],[-56,-180]],[[1715,3380],[-106,46],[-7,77]],[[1886,3433],[-154,-50]],[[3226,3627],[34,-6]],[[3385,3511],[-58,-59]],[[3327,3452],[-94,75],[-28,-52]],[[3205,3475],[-8,70]],[[3197,3545],[-3,49]],[[3579,3612],[104,-51]],[[3733,3477],[-36,-18]],[[3197,3545],[-98,59]],[[994,3430],[13,33]],[[1007,3463],[92,23]],[[1099,3486],[-19,-108]],[[2191,3464],[-49,46]],[[2372,3550],[-9,-57]],[[2363,3493],[-108,-50]],[[3205,3475],[7,-46]],[[3212,3429],[-131,-3]],[[3081,3426],[-49,85]],[[3032,3511],[7,35]],[[1099,3486],[15,61]],[[1179,3488],[11,-91]],[[1515,3376],[-35,100]],[[2593,3406],[-116,114]],[[1310,3498],[-51,-117]],[[3867,3380],[-10,16]],[[3857,3396],[-2,5]],[[3855,3401],[11,62]],[[3924,3524],[66,-236]],[[2490,3366],[-127,127]],[[3855,3401],[-95,-13]],[[3327,3452],[-12,-18]],[[3315,3434],[-85,-52]],[[3230,3382],[-18,47]],[[2012,3412],[-46,59]],[[1392,3446],[23,-105]],[[2913,3398],[27,113]],[[2940,3511],[92,0]],[[3081,3426],[-53,-52]],[[3400,3365],[-85,69]],[[3453,3474],[-33,-94]],[[2753,3466],[35,-35]],[[2788,3431],[68,-27]],[[3229,3366],[1,16]],[[3804,3317],[-16,-4]],[[3857,3396],[-23,-19]],[[3378,3747],[-99,51]],[[3317,4018],[-57,13]],[[3260,4031],[-31,80]],[[3229,4111],[110,-12]],[[3457,3963],[-37,12]],[[3420,3975],[-64,40]],[[3564,3998],[53,16]],[[3617,4014],[22,-13]],[[3402,3902],[-14,56]],[[3388,3958],[1,7]],[[3389,3965],[31,10]],[[3337,3924],[51,34]],[[3160,3969],[29,-18]],[[3189,3951],[0,-35]],[[3165,3915],[-54,15]],[[3189,3951],[59,18]],[[3248,3969],[6,-53]],[[3248,3969],[141,-4]],[[3187,4053],[73,-22]],[[3196,4163],[33,-52]],[[3115,4092],[56,70]],[[3530,4121],[85,9]],[[3615,4130],[-2,-21]],[[3613,4109],[4,-95]],[[3615,4130],[-9,107]],[[3606,4237],[117,-39]],[[3723,4198],[5,-59]],[[3728,4139],[-115,-30]],[[3490,4132],[55,76]],[[3545,4208],[61,29]],[[3372,4245],[173,-37]],[[3728,4139],[32,-14]],[[3760,4125],[-5,-31]],[[2776,3672],[125,-97],[-20,-51]],[[2881,3524],[-93,-93]],[[2881,3524],[59,-13]],[[1046,3571],[-67,-84]],[[979,3487],[-50,22]],[[930,3534],[69,134]],[[1007,3463],[-28,24]],[[2653,4129],[-115,-26]],[[1732,4723],[43,21]],[[1775,4744],[47,-40]],[[1999,4718],[48,-73]],[[1481,4638],[80,81]],[[1561,4719],[19,-24]],[[4138,4206],[-136,23]],[[3996,4297],[146,-31]],[[3926,4361],[28,-37]],[[1192,4109],[-20,-17]],[[1152,4084],[-14,2]],[[1128,4081],[-28,-32]],[[4118,4154],[-72,-35],[-113,68]],[[3852,4223],[-44,-142],[66,-51]],[[3760,4125],[74,90]],[[1168,3917],[-23,-39]],[[2147,4014],[156,-1]],[[2282,3978],[-50,-54],[-107,48]],[[2312,3908],[-89,-139]],[[1251,3792],[-51,-48]],[[901,3694],[11,3],[7,26],[13,24],[-13,19]],[[600,3821],[-5,-18],[17,-3],[-6,-25],[11,-15],[-15,-7],[4,-68]],[[647,3577],[-43,-66]],[[604,3511],[-118,-11]],[[486,3500],[-116,-42],[-181,-10],[-189,156],[119,148],[240,-27],[105,54],[44,-43],[59,97]],[[542,3350],[62,161]],[[969,3395],[-136,-4]],[[917,3323],[-109,5]],[[3723,4198],[86,36]],[[449,3461],[37,39]],[[1957,5514],[-126,95],[-89,-21]],[[1742,5588],[42,110],[-187,120],[40,81],[-143,88],[-112,-80]],[[1382,5907],[-2,5]],[[1380,5912],[-148,75]],[[1232,5987],[-53,11]],[[1179,5998],[-33,66]],[[1146,6064],[-70,92],[-238,84],[113,164],[109,0],[193,84],[121,-5],[77,-100],[115,-49],[111,-123],[130,-67],[305,109],[150,-30],[62,-79],[-49,-162],[-107,-51],[-29,-94],[-86,-13],[16,-137],[89,-16],[33,-111],[-123,-86],[-111,40]],[[1742,5588],[-96,81]],[[1646,5669],[-224,203]],[[1422,5872],[-19,7]],[[1403,5879],[-21,28]],[[1232,5987],[-32,-65]],[[1200,5922],[-84,-38]],[[1116,5884],[63,114]],[[1380,5912],[-129,-43]],[[1251,5869],[-3,-2]],[[1248,5867],[-48,55]],[[1248,5867],[2,-8]],[[1250,5859],[-53,-49]],[[1197,5810],[-100,33]],[[1097,5843],[19,41]],[[1403,5879],[-74,-14]],[[1329,5865],[-78,4]],[[1422,5872],[-23,-171]],[[1399,5701],[-18,-8]],[[1381,5693],[-44,41]],[[1337,5734],[-23,48]],[[1314,5782],[3,7]],[[1317,5789],[20,59]],[[1337,5848],[-8,17]],[[1646,5669],[-4,-15]],[[1642,5654],[-101,-34]],[[1541,5620],[-142,81]],[[1337,5848],[-45,-14]],[[1292,5834],[-42,25]],[[1292,5834],[-38,-46]],[[1254,5788],[-28,-24]],[[1226,5764],[-5,-3]],[[1221,5761],[-24,49]],[[1317,5789],[-63,-1]],[[1221,5761],[6,-37]],[[1227,5724],[-78,-21]],[[1149,5703],[-108,65]],[[1041,5768],[-21,92]],[[1020,5860],[77,-17]],[[1314,5782],[-88,-18]],[[1337,5734],[-24,-12]],[[1313,5722],[-76,-1]],[[1237,5721],[-10,3]],[[1237,5721],[-11,-100]],[[1226,5621],[-45,-16]],[[1181,5605],[-32,98]],[[1381,5693],[-5,-63]],[[1376,5630],[-50,25]],[[1326,5655],[-13,67]],[[1326,5655],[-21,-55]],[[1305,5600],[-79,21]],[[1541,5620],[-80,-29]],[[1461,5591],[-23,-5]],[[1438,5586],[-62,44]],[[1957,5514],[52,-96]],[[2009,5418],[-155,-64]],[[1854,5354],[-150,133]],[[1704,5487],[-40,13]],[[1664,5500],[-92,77],[70,77]],[[1664,5500],[-38,-61],[-140,47]],[[1486,5486],[-18,25]],[[1468,5511],[-7,80]],[[1305,5600],[21,-45]],[[1326,5555],[-39,-42]],[[1287,5513],[-84,57]],[[1203,5570],[-22,35]],[[1468,5511],[-95,-36]],[[1373,5475],[-26,16]],[[1347,5491],[16,48]],[[1363,5539],[75,47]],[[1381,5440],[42,-19]],[[1423,5421],[-1,-2]],[[1422,5419],[-23,-93]],[[1399,5326],[-14,-12]],[[1385,5314],[-93,97]],[[1292,5411],[89,29]],[[1704,5487],[-26,-72]],[[1678,5415],[-57,-41]],[[1621,5374],[-62,-32]],[[1559,5342],[-67,29]],[[1492,5371],[-70,48]],[[1423,5421],[63,65]],[[1854,5354],[-21,-14]],[[1833,5340],[-70,-76]],[[1763,5264],[-85,151]],[[1492,5371],[62,-118]],[[1554,5253],[8,-18]],[[1562,5235],[-84,11]],[[1478,5246],[-19,19]],[[1459,5265],[-37,52]],[[1422,5317],[-23,9]],[[1385,5314],[-21,-22]],[[1364,5292],[-130,2]],[[1234,5294],[58,117]],[[1763,5264],[-67,-18]],[[1696,5246],[-30,16]],[[1666,5262],[-27,50]],[[1639,5312],[-18,62]],[[2009,5418],[40,-170]],[[2049,5248],[-109,0]],[[1940,5248],[-107,92]],[[1559,5342],[28,-50]],[[1587,5292],[-13,-16]],[[1574,5276],[-20,-23]],[[1940,5248],[-92,-54]],[[1848,5194],[-24,-57]],[[1824,5137],[-87,33]],[[1737,5170],[-41,76]],[[1459,5265],[2,-31]],[[1461,5234],[29,-45]],[[1490,5189],[-113,-3]],[[1377,5186],[-41,21]],[[1336,5207],[-13,12]],[[1323,5219],[99,98]],[[1364,5292],[-62,-72]],[[1302,5220],[-49,-17]],[[1253,5203],[-19,91]],[[1574,5276],[48,-44]],[[1622,5232],[17,-58]],[[1639,5174],[-39,-36]],[[1600,5138],[-40,23]],[[1560,5161],[-2,24]],[[1558,5185],[4,50]],[[2049,5248],[100,-45]],[[2149,5203],[-25,-75]],[[2124,5128],[-46,18]],[[2078,5146],[-93,-59],[-102,18]],[[1883,5105],[-35,89]],[[1737,5170],[-42,-37]],[[1695,5133],[-48,34]],[[1647,5167],[-8,7]],[[1622,5232],[44,30]],[[1558,5185],[-68,4]],[[1461,5234],[17,12]],[[1203,4962],[-29,1]],[[1174,4963],[-63,52]],[[1111,5015],[48,106]],[[1159,5121],[38,-16]],[[1197,5105],[6,-143]],[[1377,5186],[9,-88]],[[1386,5098],[-21,-14]],[[1365,5084],[-53,-6]],[[1312,5078],[-22,53]],[[1290,5131],[46,76]],[[1560,5161],[-44,-68]],[[1516,5093],[-77,7]],[[1439,5100],[-53,-2]],[[2149,5203],[133,-61]],[[2282,5142],[-22,-101]],[[2260,5041],[-99,-72]],[[2161,4969],[-46,-1]],[[2115,4968],[-29,52]],[[2086,5020],[38,108]],[[1883,5105],[55,-108]],[[1938,4997],[-19,-31]],[[1919,4966],[-46,59]],[[1873,5025],[-73,34]],[[1800,5059],[24,78]],[[1800,5059],[1,-5]],[[1801,5054],[-71,24]],[[1730,5078],[-17,16]],[[1713,5094],[-18,39]],[[1647,5167],[12,-32]],[[1659,5135],[-24,1],[22,-17]],[[1657,5119],[15,-48]],[[1672,5071],[-30,-6]],[[1642,5065],[-22,41]],[[1620,5106],[-20,32]],[[1312,5078],[-38,-21]],[[1274,5057],[-61,59]],[[1213,5116],[77,15]],[[1620,5106],[-104,-18]],[[1516,5088],[0,5]],[[2078,5146],[-26,-121]],[[2052,5025],[-114,-28]],[[1659,5135],[-2,-16]],[[1197,5105],[16,11]],[[1274,5057],[-22,-89]],[[1252,4968],[-34,-8]],[[1218,4960],[-15,2]],[[2086,5020],[-34,5]],[[2282,5142],[171,-112],[-145,-176]],[[2308,4854],[-31,17]],[[2277,4871],[-36,41]],[[2241,4912],[19,129]],[[1516,5088],[2,-155]],[[1518,4933],[-29,-18]],[[1489,4915],[-43,18]],[[1446,4933],[-28,71]],[[1418,5004],[21,96]],[[1418,5004],[-39,12]],[[1379,5016],[-14,68]],[[1379,5016],[-34,-76]],[[1345,4940],[-93,28]],[[1642,5065],[-20,-60]],[[1622,5005],[-34,-11]],[[1588,4994],[-48,-55]],[[1540,4939],[-22,-6]],[[1801,5054],[-68,-94]],[[1733,4960],[-20,11]],[[1713,4971],[-11,29]],[[1702,5000],[28,78]],[[1873,5025],[-27,-122]],[[1846,4903],[-63,-8]],[[1783,4895],[-64,11]],[[1719,4906],[14,54]],[[1174,4963],[-89,-63],[40,-139]],[[1125,4761],[-263,-25]],[[862,4736],[54,29],[87,197],[108,53]],[[1446,4933],[-80,-54]],[[1366,4879],[-21,61]],[[1622,5005],[80,-5]],[[1713,4971],[-75,-26]],[[1638,4945],[-50,49]],[[2241,4912],[-80,57]],[[1919,4966],[26,-36]],[[1945,4930],[-60,-46]],[[1885,4884],[-39,19]],[[2115,4968],[-32,-83]],[[2083,4885],[-26,-32]],[[2057,4853],[-112,77]],[[1638,4945],[-43,-75]],[[1595,4870],[-55,69]],[[1366,4879],[-12,-64]],[[1354,4815],[-121,22],[-15,123]],[[1148,4711],[-23,50]],[[1354,4815],[20,5]],[[1374,4820],[35,-67]],[[1409,4753],[-10,-10]],[[1719,4906],[-4,-43]],[[1715,4863],[-71,-5]],[[1644,4858],[-49,12]],[[2277,4871],[-44,-19]],[[2233,4852],[-150,33]],[[1644,4858],[-16,-39]],[[1628,4819],[-38,-40]],[[1590,4779],[-33,-1]],[[1557,4778],[-65,102]],[[1492,4880],[-3,35]],[[1492,4880],[-118,-60]],[[1894,4777],[8,37]],[[1902,4814],[-17,70]],[[2057,4853],[-14,-19]],[[2043,4834],[-17,-18]],[[2026,4816],[-44,-43]],[[1902,4814],[-116,-14]],[[1786,4800],[-43,17]],[[1743,4817],[40,78]],[[1557,4778],[-14,-21]],[[1543,4757],[-134,-4]],[[2233,4852],[24,-81]],[[2257,4771],[-214,63]],[[1715,4863],[4,-40]],[[1719,4823],[-2,-28]],[[1717,4795],[-89,24]],[[2308,4854],[-32,-107]],[[2276,4747],[-19,24]],[[2152,4737],[-85,50]],[[2067,4787],[-41,29]],[[2276,4747],[-1,-23]],[[1668,4718],[-78,61]],[[1717,4795],[14,-67]],[[1719,4823],[24,-6]],[[1786,4800],[-11,-56]],[[2067,4787],[-7,-143]],[[713,4527],[149,209]],[[1543,4757],[18,-38]],[[1159,5121],[94,82]],[[1302,5220],[21,-1]],[[1381,5440],[-8,35]],[[1363,5539],[-37,16]],[[1347,5491],[-60,22]],[[1713,5094],[-41,-23]],[[2683,4512],[100,-77]],[[1639,5312],[-52,-20]],[[1020,5860],[-8,92],[134,112]],[[1203,5570],[-157,65],[-5,133]],[[675,3683],[71,66],[-38,70]],[[708,3819],[59,3],[13,4],[20,-9],[-17,-3],[9,-8],[7,1],[0,4],[4,-2],[17,-10],[-2,-7],[5,-14],[8,0],[4,18],[3,1],[1,3],[27,-12],[2,-11],[6,-10],[16,0],[9,1],[7,-3],[4,-4],[9,5],[2,-10],[5,-1],[1,-4],[5,-4],[-3,-8],[-4,-2],[0,-9],[-6,-5],[-7,-25],[-5,-4],[-6,0],[-8,5],[-1,0],[-7,12],[-2,-1],[-2,-4],[-5,-1],[-1,4],[-3,1],[-5,-6],[-3,0],[-4,3],[-13,-32],[-40,8],[-32,38],[-100,-38]],[[675,3683],[-37,1],[-1,10],[-7,-9],[2,-4],[-2,-5],[-5,-3],[-4,9],[-12,0],[-3,3],[-2,2],[-4,0],[-2,57],[1,2],[4,-2],[-2,9],[4,5],[12,2],[-2,13],[-4,-1],[-5,3],[0,9],[2,3],[4,0],[-4,4],[4,9],[-11,0],[-7,-2],[1,5],[7,7],[-2,6],[0,5],[5,7],[7,2],[24,4],[25,0],[9,-8],[10,5],[16,3],[4,-5],[-1,-6],[9,-4]]],"transform":{"scale":[0.005241910951802714,0.004671791745832643],"translate":[68.14184033516352,6.766373153037801]},"objects":{"india-udit":{"type":"GeometryCollection","geometries":[{"arcs":[[0,1,2,3,4,5,6,7]],"type":"Polygon","properties":{"district":"Aizawl","dt_code":"261","st_nm":"Mizoram","st_code":"15","year":"2011_c"}},{"arcs":[[[-7,8,9,10]],[[11,12,13]]],"type":"MultiPolygon","properties":{"district":"Champhai","dt_code":"262","st_nm":"Mizoram","st_code":"15","year":"2011_c"}},{"arcs":[[-4,14,15,16]],"type":"Polygon","properties":{"district":"Kolasib","dt_code":"263","st_nm":"Mizoram","st_code":"15","year":"2011_c"}},{"arcs":[[17,18,19]],"type":"Polygon","properties":{"district":"Lawngtlai","dt_code":"264","st_nm":"Mizoram","st_code":"15","year":"2011_c"}},{"arcs":[[-2,20,21,22,-20,23,24]],"type":"Polygon","properties":{"district":"Lunglei","dt_code":"265","st_nm":"Mizoram","st_code":"15","year":"2011_c"}},{"arcs":[[-3,-25,25,26,27,28,-15]],"type":"Polygon","properties":{"district":"Mamit","dt_code":"266","st_nm":"Mizoram","st_code":"15","year":"2011_c"}},{"arcs":[[-18,-23,29,30]],"type":"Polygon","properties":{"district":"Saiha","dt_code":"267","st_nm":"Mizoram","st_code":"15","year":"2011_c"}},{"arcs":[[-1,31,-12,32,33,-21]],"type":"Polygon","properties":{"district":"Serchhip","dt_code":"268","st_nm":"Mizoram","st_code":"15","year":"2011_c"}},{"arcs":[[-8,-11,34,-13,-32]],"type":"Polygon","properties":{"district":"Khawzawl","dt_code":"996","st_nm":"Mizoram","st_code":"15","year":"2019"}},{"arcs":[[-22,-34,35,-30]],"type":"Polygon","properties":{"district":"Hnahthial","dt_code":"994","st_nm":"Mizoram","st_code":"15","year":"2019"}},{"arcs":[[36,37,38,39,40,41,42]],"type":"Polygon","properties":{"district":"Thiruvallur","dt_code":"602","st_nm":"Tamil Nadu","st_code":"33","year":"2011_c"}},{"arcs":[[-43,43,44]],"type":"Polygon","properties":{"district":"Chennai","dt_code":"603","st_nm":"Tamil Nadu","st_code":"33","year":"2018"}},{"arcs":[[45,46,47,48,49,50,51,52,53]],"type":"Polygon","properties":{"district":"Krishnagiri","dt_code":"631","st_nm":"Tamil Nadu","st_code":"33","year":"2011_c"}},{"arcs":[[-47,54,55,56,57,58,59,60,61]],"type":"Polygon","properties":{"district":"Tiruvannamalai","dt_code":"606","st_nm":"Tamil Nadu","st_code":"33","year":"2011_c"}},{"arcs":[[-48,-62,62,63,64]],"type":"Polygon","properties":{"district":"Dharmapuri","dt_code":"630","st_nm":"Tamil Nadu","st_code":"33","year":"2011_c"}},{"arcs":[[-64,65,66,67,68,69]],"type":"Polygon","properties":{"district":"Salem","dt_code":"608","st_nm":"Tamil Nadu","st_code":"33","year":"2011_c"}},{"arcs":[[-70,70,71,72,73,74,75]],"type":"Polygon","properties":{"district":"Erode","dt_code":"610","st_nm":"Tamil Nadu","st_code":"33","year":"2011_c"}},{"arcs":[[-75,76,77,78,79,80]],"type":"Polygon","properties":{"district":"Nilgiris","dt_code":"611","st_nm":"Tamil Nadu","st_code":"33","year":"2011_c"}},{"arcs":[[-69,81,82,-71]],"type":"Polygon","properties":{"district":"Namakkal","dt_code":"609","st_nm":"Tamil Nadu","st_code":"33","year":"2011_c"}},{"arcs":[[-67,83,84,85,86]],"type":"Polygon","properties":{"district":"Perambalur","dt_code":"615","st_nm":"Tamil Nadu","st_code":"33","year":"2011_c"}},{"arcs":[[-74,87,88,89,90,91,-77]],"type":"Polygon","properties":{"district":"Coimbatore","dt_code":"632","st_nm":"Tamil Nadu","st_code":"33","year":"2011_c"}},{"arcs":[[-68,-87,92,93,94,95,96,97,98,-82]],"type":"Polygon","properties":{"district":"Tiruchirappalli","dt_code":"614","st_nm":"Tamil Nadu","st_code":"33","year":"2011_c"}},{"arcs":[[-86,99,100,-93]],"type":"Polygon","properties":{"district":"Ariyalur","dt_code":"616","st_nm":"Tamil Nadu","st_code":"33","year":"2011_c"}},{"arcs":[[-73,101,102,103,-88]],"type":"Polygon","properties":{"district":"Tiruppur","dt_code":"633","st_nm":"Tamil Nadu","st_code":"33","year":"2011_c"}},{"arcs":[[-94,-101,104,105,106,107,108,109]],"type":"Polygon","properties":{"district":"Thanjavur","dt_code":"620","st_nm":"Tamil Nadu","st_code":"33","year":"2011_c"}},{"arcs":[[-72,-83,-99,110,-102]],"type":"Polygon","properties":{"district":"Karur","dt_code":"613","st_nm":"Tamil Nadu","st_code":"33","year":"2011_c"}},{"arcs":[[-107,111,112,113]],"type":"Polygon","properties":{"district":"Thiruvarur","dt_code":"619","st_nm":"Tamil Nadu","st_code":"33","year":"2011_c"}},{"arcs":[[-98,114,115,116,-103,-111]],"type":"Polygon","properties":{"district":"Dindigul","dt_code":"612","st_nm":"Tamil Nadu","st_code":"33","year":"2011_c"}},{"arcs":[[-97,117,118,119,-115]],"type":"Polygon","properties":{"district":"Madurai","dt_code":"623","st_nm":"Tamil Nadu","st_code":"33","year":"2011_c"}},{"arcs":[[-116,-120,120,121]],"type":"Polygon","properties":{"district":"Theni","dt_code":"624","st_nm":"Tamil Nadu","st_code":"33","year":"2011_c"}},{"arcs":[[-119,122,123,124,125,126,-121]],"type":"Polygon","properties":{"district":"Virudhunagar","dt_code":"625","st_nm":"Tamil Nadu","st_code":"33","year":"2011_c"}},{"arcs":[[-125,127,128,129,130]],"type":"Polygon","properties":{"district":"Thoothukkudi","dt_code":"627","st_nm":"Tamil Nadu","st_code":"33","year":"2011_c"}},{"arcs":[[131,132,133]],"type":"Polygon","properties":{"district":"Kanyakumari","dt_code":"629","st_nm":"Tamil Nadu","st_code":"33","year":"2011_c"}},{"arcs":[[-60,134,135,136,137,138]],"type":"Polygon","properties":{"district":"Viluppuram","dt_code":"607","st_nm":"Tamil Nadu","st_code":"33","year":"2019"}},{"arcs":[[-85,139,-138,140,141,142,-105,-100]],"type":"Polygon","properties":{"district":"Cuddalore","dt_code":"617","st_nm":"Tamil Nadu","st_code":"33","year":"2011_c"}},{"arcs":[[-95,-110,143,144,145]],"type":"Polygon","properties":{"district":"Pudukkottai","dt_code":"621","st_nm":"Tamil Nadu","st_code":"33","year":"2011_c"}},{"arcs":[[-96,-146,146,-123,-118]],"type":"Polygon","properties":{"district":"Sivaganga","dt_code":"622","st_nm":"Tamil Nadu","st_code":"33","year":"2011_c"}},{"arcs":[[-124,-147,-145,147,-128]],"type":"Polygon","properties":{"district":"Ramanathapuram","dt_code":"626","st_nm":"Tamil Nadu","st_code":"33","year":"2011_c"}},{"arcs":[[[-106,-143,148,149,-112]],[[-108,-114,150,151]]],"type":"MultiPolygon","properties":{"district":"Nagapattinam","dt_code":"618","st_nm":"Tamil Nadu","st_code":"33","year":"2011_c"}},{"arcs":[[-61,-139,-140,-84,-66,-63]],"type":"Polygon","properties":{"district":"Kallakurichi","dt_code":"729","st_nm":"Tamil Nadu","st_code":"33","year":"2019"}},{"arcs":[[-126,-131,152,153,154,155]],"type":"Polygon","properties":{"district":"Tenkasi","dt_code":"0","st_nm":"Tamil Nadu","st_code":"33","year":"2019"}},{"arcs":[[-130,156,-134,157,158,-153]],"type":"Polygon","properties":{"district":"Tirunelveli","dt_code":"628","st_nm":"Tamil Nadu","st_code":"33","year":"2019"}},{"arcs":[[-56,159,160,161]],"type":"Polygon","properties":{"district":"Vellore","dt_code":"605","st_nm":"Tamil Nadu","st_code":"33","year":"2019"}},{"arcs":[[-39,162,-57,-162,163]],"type":"Polygon","properties":{"district":"Ranipet","dt_code":"0","st_nm":"Tamil Nadu","st_code":"33","year":"2019"}},{"arcs":[[-46,164,-160,-55]],"type":"Polygon","properties":{"district":"Tirupathur","dt_code":"0","st_nm":"Tamil Nadu","st_code":"33","year":"2019"}},{"arcs":[[-38,165,-58,-163]],"type":"Polygon","properties":{"district":"Kancheepuram","dt_code":"604","st_nm":"Tamil Nadu","st_code":"33","year":"2019"}},{"arcs":[[-37,-45,166,-135,-59,-166]],"type":"Polygon","properties":{"district":"Chengalpattu","dt_code":"0","st_nm":"Tamil Nadu","st_code":"33","year":"2019"}},{"arcs":[[167,168,169,170,171]],"type":"Polygon","properties":{"district":"Burhanpur","dt_code":"467","st_nm":"Madhya Pradesh","st_code":"23","year":"2011_c"}},{"arcs":[[172,173,174,175]],"type":"Polygon","properties":{"district":"Gondia","dt_code":"507","st_nm":"Maharashtra","st_code":"27","year":"2011_c"}},{"arcs":[[-175,176,177,178,179]],"type":"Polygon","properties":{"district":"Bhandara","dt_code":"506","st_nm":"Maharashtra","st_code":"27","year":"2011_c"}},{"arcs":[[-170,180,181,182,183,184,185]],"type":"Polygon","properties":{"district":"Jalgaon","dt_code":"499","st_nm":"Maharashtra","st_code":"27","year":"2011_c"}},{"arcs":[[186,187,188,189,190,191]],"type":"Polygon","properties":{"district":"Mahasamund","dt_code":"411","st_nm":"Chhattisgarh","st_code":"22","year":"2011_c"}},{"arcs":[[192,193,194,195]],"type":"Polygon","properties":{"district":"Wardha","dt_code":"504","st_nm":"Maharashtra","st_code":"27","year":"2011_c"}},{"arcs":[[-169,196,197,198,199,200,201,-181]],"type":"Polygon","properties":{"district":"Buldhana","dt_code":"500","st_nm":"Maharashtra","st_code":"27","year":"2011_c"}},{"arcs":[[202,203,204,205,206,207,208,209]],"type":"Polygon","properties":{"district":"Valsad","dt_code":"491","st_nm":"Gujarat","st_code":"24","year":"2011_c"}},{"arcs":[[-198,210,211]],"type":"Polygon","properties":{"district":"Akola","dt_code":"501","st_nm":"Maharashtra","st_code":"27","year":"2011_c"}},{"arcs":[[212,213,214,215,216]],"type":"Polygon","properties":{"district":"Bhadrak","dt_code":"378","st_nm":"Odisha","st_code":"21","year":"2011_c"}},{"arcs":[[217,218,219,220]],"type":"Polygon","properties":{"district":"Dhenkanal","dt_code":"383","st_nm":"Odisha","st_code":"21","year":"2011_c"}},{"arcs":[[-213,221,222,-218,223]],"type":"Polygon","properties":{"district":"Jajpur","dt_code":"382","st_nm":"Odisha","st_code":"21","year":"2011_c"}},{"arcs":[[224,225,226,227,228]],"type":"Polygon","properties":{"district":"Subarnapur","dt_code":"392","st_nm":"Odisha","st_code":"21","year":"2011_c"}},{"arcs":[[-188,229,230,231,232]],"type":"Polygon","properties":{"district":"Nuapada","dt_code":"394","st_nm":"Odisha","st_code":"21","year":"2011_c"}},{"arcs":[[-227,233,234,235,-231,236]],"type":"Polygon","properties":{"district":"Balangir","dt_code":"393","st_nm":"Odisha","st_code":"21","year":"2011_c"}},{"arcs":[[-183,237,238,239,240,-207,241,242,243]],"type":"Polygon","properties":{"district":"Nashik","dt_code":"516","st_nm":"Maharashtra","st_code":"27","year":"2011_c"}},{"arcs":[[-226,244,245,246,-234]],"type":"Polygon","properties":{"district":"Boudh","dt_code":"391","st_nm":"Odisha","st_code":"21","year":"2011_c"}},{"arcs":[[-174,247,248,249,250,251,252,253,254,-177]],"type":"Polygon","properties":{"district":"Gadchiroli","dt_code":"508","st_nm":"Maharashtra","st_code":"27","year":"2011_c"}},{"arcs":[[-199,-212,255,256,257]],"type":"Polygon","properties":{"district":"Washim","dt_code":"502","st_nm":"Maharashtra","st_code":"27","year":"2011_c"}},{"arcs":[[-219,-223,258,259,260,261,262,263]],"type":"Polygon","properties":{"district":"Cuttack","dt_code":"381","st_nm":"Odisha","st_code":"21","year":"2011_c"}},{"arcs":[[-178,-255,264,265,266,-194,267]],"type":"Polygon","properties":{"district":"Chandrapur","dt_code":"509","st_nm":"Maharashtra","st_code":"27","year":"2011_c"}},{"arcs":[[-195,-267,268,269,270,-257,271]],"type":"Polygon","properties":{"district":"Yavatmal","dt_code":"510","st_nm":"Maharashtra","st_code":"27","year":"2011_c"}},{"arcs":[[-235,-247,272,273,274,275,276]],"type":"Polygon","properties":{"district":"Kandhamal","dt_code":"390","st_nm":"Odisha","st_code":"21","year":"2011_c"}},{"arcs":[[-201,277,278,279,280]],"type":"Polygon","properties":{"district":"Jalna","dt_code":"514","st_nm":"Maharashtra","st_code":"27","year":"2011_c"}},{"arcs":[[-246,281,-263,282,283,-273]],"type":"Polygon","properties":{"district":"Nayagarh","dt_code":"385","st_nm":"Odisha","st_code":"21","year":"2011_c"}},{"arcs":[[-249,284,285,286,287,288]],"type":"Polygon","properties":{"district":"Uttar Bastar Kanker","dt_code":"413","st_nm":"Chhattisgarh","st_code":"22","year":"2011_c"}},{"arcs":[[-262,289,290,-283]],"type":"Polygon","properties":{"district":"Khordha","dt_code":"386","st_nm":"Odisha","st_code":"21","year":"2011_c"}},{"arcs":[[-232,-236,-277,291,292,293,294]],"type":"Polygon","properties":{"district":"Kalahandi","dt_code":"395","st_nm":"Odisha","st_code":"21","year":"2011_c"}},{"arcs":[[-260,295,296,297]],"type":"Polygon","properties":{"district":"Jagatsinghpur","dt_code":"380","st_nm":"Odisha","st_code":"21","year":"2011_c"}},{"arcs":[[-261,-298,298,299,-290]],"type":"Polygon","properties":{"district":"Puri","dt_code":"387","st_nm":"Odisha","st_code":"21","year":"2011_c"}},{"arcs":[[-239,300,301,302,303,304,305]],"type":"Polygon","properties":{"district":"Ahmednagar","dt_code":"522","st_nm":"Maharashtra","st_code":"27","year":"2011_c"}},{"arcs":[[-294,306,307,308,309,310]],"type":"Polygon","properties":{"district":"Nabarangapur","dt_code":"397","st_nm":"Odisha","st_code":"21","year":"2011_c"}},{"arcs":[[-200,-258,-271,311,312,-278]],"type":"Polygon","properties":{"district":"Hingoli","dt_code":"512","st_nm":"Maharashtra","st_code":"27","year":"2011_c"}},{"arcs":[[-276,313,314,315,316,-292]],"type":"Polygon","properties":{"district":"Rayagada","dt_code":"396","st_nm":"Odisha","st_code":"21","year":"2011_c"}},{"arcs":[[-270,317,318,319,320,321,322,323,-312]],"type":"Polygon","properties":{"district":"Nanded","dt_code":"511","st_nm":"Maharashtra","st_code":"27","year":"2011_c"}},{"arcs":[[-250,-289,324,325,326]],"type":"Polygon","properties":{"district":"Narayanpur","dt_code":"415","st_nm":"Chhattisgarh","st_code":"22","year":"2011_c"}},{"arcs":[[-279,-313,-324,327,328]],"type":"Polygon","properties":{"district":"Parbhani","dt_code":"513","st_nm":"Maharashtra","st_code":"27","year":"2011_c"}},{"arcs":[[-305,329,330,331,332]],"type":"Polygon","properties":{"district":"Pune","dt_code":"521","st_nm":"Maharashtra","st_code":"27","year":"2011_c"}},{"arcs":[[-280,-329,333,334,-302,335]],"type":"Polygon","properties":{"district":"Beed","dt_code":"523","st_nm":"Maharashtra","st_code":"27","year":"2011_c"}},{"arcs":[[336,337,338]],"type":"Polygon","properties":{"district":"Mumbai","dt_code":"519","st_nm":"Maharashtra","st_code":"27","year":"2011_c"}},{"arcs":[[-293,-317,339,340,341,342,-307]],"type":"Polygon","properties":{"district":"Koraput","dt_code":"398","st_nm":"Odisha","st_code":"21","year":"2011_c"}},{"arcs":[[-315,343,344,345,346]],"type":"Polygon","properties":{"district":"Srikakulam","dt_code":"542","st_nm":"Andhra Pradesh","st_code":"37","year":"2011_c"}},{"arcs":[[-316,-347,347,348,-340]],"type":"Polygon","properties":{"district":"Vizianagaram","dt_code":"543","st_nm":"Andhra Pradesh","st_code":"37","year":"2011_c"}},{"arcs":[[-323,349,350,-334,-328]],"type":"Polygon","properties":{"district":"Latur","dt_code":"524","st_nm":"Maharashtra","st_code":"27","year":"2011_c"}},{"arcs":[[-303,-335,-351,351,352,353]],"type":"Polygon","properties":{"district":"Osmanabad","dt_code":"525","st_nm":"Maharashtra","st_code":"27","year":"2011_c"}},{"arcs":[[-342,354,355,356,357]],"type":"Polygon","properties":{"district":"Malkangiri","dt_code":"399","st_nm":"Odisha","st_code":"21","year":"2011_c"}},{"arcs":[[-304,-354,358,359,360,361,-330]],"type":"Polygon","properties":{"district":"Solapur","dt_code":"526","st_nm":"Maharashtra","st_code":"27","year":"2011_c"}},{"arcs":[[-341,-349,362,363,-355]],"type":"Polygon","properties":{"district":"Visakhapatnam","dt_code":"544","st_nm":"Andhra Pradesh","st_code":"37","year":"2011_c"}},{"arcs":[[-322,364,365,366,-352,-350]],"type":"Polygon","properties":{"district":"Bidar","dt_code":"558","st_nm":"Karnataka","st_code":"29","year":"2011_c"}},{"arcs":[[-331,-362,367,368,369]],"type":"Polygon","properties":{"district":"Satara","dt_code":"527","st_nm":"Maharashtra","st_code":"27","year":"2011_c"}},{"arcs":[[-369,370,371,372,373,374]],"type":"Polygon","properties":{"district":"Ratnagiri","dt_code":"528","st_nm":"Maharashtra","st_code":"27","year":"2011_c"}},{"arcs":[[-353,-367,375,376,377,378,379,-359]],"type":"Polygon","properties":{"district":"Kalaburagi","dt_code":"579","st_nm":"Karnataka","st_code":"29","year":"2011_c"}},{"arcs":[[-361,380,381,382,-371,-368]],"type":"Polygon","properties":{"district":"Sangli","dt_code":"531","st_nm":"Maharashtra","st_code":"27","year":"2011_c"}},{"arcs":[[-372,-383,383,384]],"type":"Polygon","properties":{"district":"Kolhapur","dt_code":"530","st_nm":"Maharashtra","st_code":"27","year":"2011_c"}},{"arcs":[[385,386,387,388,389]],"type":"Polygon","properties":{"district":"Krishna","dt_code":"547","st_nm":"Andhra Pradesh","st_code":"37","year":"2011_c"}},{"arcs":[[-382,390,391,392,393,394,395,396,-384]],"type":"Polygon","properties":{"district":"Belagavi","dt_code":"555","st_nm":"Karnataka","st_code":"29","year":"2011_c"}},{"arcs":[[-379,397,398,399]],"type":"Polygon","properties":{"district":"Yadgir","dt_code":"580","st_nm":"Karnataka","st_code":"29","year":"2011_c"}},{"arcs":[[-392,400,401,402,403]],"type":"Polygon","properties":{"district":"Bagalkote","dt_code":"556","st_nm":"Karnataka","st_code":"29","year":"2011_c"}},{"arcs":[[-373,-385,-397,404,405]],"type":"Polygon","properties":{"district":"Sindhudurg","dt_code":"529","st_nm":"Maharashtra","st_code":"27","year":"2011_c"}},{"arcs":[[-386,406,407,408,409,410]],"type":"Polygon","properties":{"district":"Guntur","dt_code":"548","st_nm":"Andhra Pradesh","st_code":"37","year":"2011_c"}},{"arcs":[[-356,-364,411,412,413,414],[415]],"type":"Polygon","properties":{"district":"East Godavari","dt_code":"545","st_nm":"Andhra Pradesh","st_code":"37","year":"2011_c"}},{"arcs":[[-399,416,417,418,419,420,-402,421]],"type":"Polygon","properties":{"district":"Raichur","dt_code":"559","st_nm":"Karnataka","st_code":"29","year":"2011_c"}},{"arcs":[[-408,422,423,424,425,426]],"type":"Polygon","properties":{"district":"Prakasam","dt_code":"549","st_nm":"Andhra Pradesh","st_code":"37","year":"2011_c"}},{"arcs":[[-419,427,428,429,-426,430,431,432]],"type":"Polygon","properties":{"district":"Kurnool","dt_code":"552","st_nm":"Andhra Pradesh","st_code":"37","year":"2011_c"}},{"arcs":[[-403,-421,433,434]],"type":"Polygon","properties":{"district":"Koppal","dt_code":"560","st_nm":"Karnataka","st_code":"29","year":"2011_c"}},{"arcs":[[-393,-404,-435,435,436,437]],"type":"Polygon","properties":{"district":"Gadag","dt_code":"561","st_nm":"Karnataka","st_code":"29","year":"2011_c"}},{"arcs":[[-396,438,439,440,-405]],"type":"Polygon","properties":{"district":"North Goa","dt_code":"585","st_nm":"Goa","st_code":"30","year":"2011_c"}},{"arcs":[[-420,-433,441,442,443,444,-436,-434]],"type":"Polygon","properties":{"district":"Ballari","dt_code":"565","st_nm":"Karnataka","st_code":"29","year":"2011_c"}},{"arcs":[[-394,-438,445,446]],"type":"Polygon","properties":{"district":"Dharwad","dt_code":"562","st_nm":"Karnataka","st_code":"29","year":"2011_c"}},{"arcs":[[-395,-447,447,448,449,450,451,-439]],"type":"Polygon","properties":{"district":"Uttara Kannada","dt_code":"563","st_nm":"Karnataka","st_code":"29","year":"2011_c"}},{"arcs":[[-440,-452,452]],"type":"Polygon","properties":{"district":"South Goa","dt_code":"586","st_nm":"Goa","st_code":"30","year":"2011_c"}},{"arcs":[[-437,-445,453,454,-448,-446]],"type":"Polygon","properties":{"district":"Haveri","dt_code":"564","st_nm":"Karnataka","st_code":"29","year":"2011_c"}},{"arcs":[[-432,455,456,457,458,459,460,461,-442]],"type":"Polygon","properties":{"district":"Anantapur","dt_code":"553","st_nm":"Andhra Pradesh","st_code":"37","year":"2011_c"}},{"arcs":[[-41,462,463,-424,464]],"type":"Polygon","properties":{"district":"S.P.S. Nellore","dt_code":"550","st_nm":"Andhra Pradesh","st_code":"37","year":"2011_c"}},{"arcs":[[-443,-462,465,-460,466,467,468]],"type":"Polygon","properties":{"district":"Chitradurga","dt_code":"566","st_nm":"Karnataka","st_code":"29","year":"2011_c"}},{"arcs":[[-444,-469,469,470,-454]],"type":"Polygon","properties":{"district":"Davanagere","dt_code":"567","st_nm":"Karnataka","st_code":"29","year":"2011_c"}},{"arcs":[[-449,-455,-471,471,472]],"type":"Polygon","properties":{"district":"Shivamogga","dt_code":"568","st_nm":"Karnataka","st_code":"29","year":"2011_c"}},{"arcs":[[-450,-473,473,474,475]],"type":"Polygon","properties":{"district":"Udupi","dt_code":"569","st_nm":"Karnataka","st_code":"29","year":"2011_c"}},{"arcs":[[-468,476,477,478,-474,-472,-470]],"type":"Polygon","properties":{"district":"Chikkamagaluru","dt_code":"570","st_nm":"Karnataka","st_code":"29","year":"2011_c"}},{"arcs":[[-458,479,480,481,482]],"type":"Polygon","properties":{"district":"Chikkaballapura","dt_code":"582","st_nm":"Karnataka","st_code":"29","year":"2011_c"}},{"arcs":[[-478,483,484,485,486,487]],"type":"Polygon","properties":{"district":"Hassan","dt_code":"574","st_nm":"Karnataka","st_code":"29","year":"2011_c"}},{"arcs":[[-53,488,-481,489]],"type":"Polygon","properties":{"district":"Kolar","dt_code":"581","st_nm":"Karnataka","st_code":"29","year":"2011_c"}},{"arcs":[[-52,490,491,492,-482,-489]],"type":"Polygon","properties":{"district":"Bengaluru Rural","dt_code":"583","st_nm":"Karnataka","st_code":"29","year":"2011_c"}},{"arcs":[[-475,-479,-488,493,494,495]],"type":"Polygon","properties":{"district":"Dakshina Kannada","dt_code":"575","st_nm":"Karnataka","st_code":"29","year":"2011_c"}},{"arcs":[[-51,496,-491]],"type":"Polygon","properties":{"district":"Bengaluru Urban","dt_code":"572","st_nm":"Karnataka","st_code":"29","year":"2011_c"}},{"arcs":[[-495,497,498,499]],"type":"Polygon","properties":{"district":"Kasaragod","dt_code":"588","st_nm":"Kerala","st_code":"32","year":"2011_c"}},{"arcs":[[-487,500,501,502,-498,-494]],"type":"Polygon","properties":{"district":"Kodagu","dt_code":"576","st_nm":"Karnataka","st_code":"29","year":"2011_c"}},{"arcs":[[-65,-76,-81,503,504,505,506,-49]],"type":"Polygon","properties":{"district":"Chamarajanagara","dt_code":"578","st_nm":"Karnataka","st_code":"29","year":"2011_c"}},{"arcs":[[-80,507,508,509,-502,510,-504]],"type":"Polygon","properties":{"district":"Wayanad","dt_code":"590","st_nm":"Kerala","st_code":"32","year":"2011_c"}},{"arcs":[[-509,511,512,513]],"type":"Polygon","properties":{"district":"Kozhikode","dt_code":"591","st_nm":"Kerala","st_code":"32","year":"2011_c"}},{"arcs":[[514,515,-512,-508,-79,516]],"type":"Polygon","properties":{"district":"Malappuram","dt_code":"592","st_nm":"Kerala","st_code":"32","year":"2011_c"}},{"arcs":[[-78,-92,517,-517]],"type":"Polygon","properties":{"district":"Palakkad","dt_code":"593","st_nm":"Kerala","st_code":"32","year":"2011_c"}},{"arcs":[[-91,518,519,-515,-518]],"type":"Polygon","properties":{"district":"Thrissur","dt_code":"594","st_nm":"Kerala","st_code":"32","year":"2011_c"}},{"arcs":[[-89,-104,-117,-122,-127,-156,520,521,522]],"type":"Polygon","properties":{"district":"Idukki","dt_code":"596","st_nm":"Kerala","st_code":"32","year":"2011_c"}},{"arcs":[[-523,523,524,525,-519,-90]],"type":"Polygon","properties":{"district":"Ernakulam","dt_code":"595","st_nm":"Kerala","st_code":"32","year":"2011_c"}},{"arcs":[[-525,526,527,528,529]],"type":"Polygon","properties":{"district":"Alappuzha","dt_code":"598","st_nm":"Kerala","st_code":"32","year":"2011_c"}},{"arcs":[[-522,530,-527,-524]],"type":"Polygon","properties":{"district":"Kottayam","dt_code":"597","st_nm":"Kerala","st_code":"32","year":"2011_c"}},{"arcs":[[-155,531,-528,-531,-521]],"type":"Polygon","properties":{"district":"Pathanamthitta","dt_code":"599","st_nm":"Kerala","st_code":"32","year":"2011_c"}},{"arcs":[[-154,-159,532,533,-529,-532]],"type":"Polygon","properties":{"district":"Kollam","dt_code":"600","st_nm":"Kerala","st_code":"32","year":"2011_c"}},{"arcs":[[534,-533,-158,-133]],"type":"Polygon","properties":{"district":"Thiruvananthapuram","dt_code":"601","st_nm":"Kerala","st_code":"32","year":"2011_c"}},{"arcs":[[-389,535,536,-413,537]],"type":"Polygon","properties":{"district":"West Godavari","dt_code":"546","st_nm":"Andhra Pradesh","st_code":"37","year":"2011_c"}},{"arcs":[[-326,538,539,540,541]],"type":"Polygon","properties":{"district":"Dakshin Bastar Dantewada","dt_code":"416","st_nm":"Chhattisgarh","st_code":"22","year":"2011_c"}},{"arcs":[[-308,-343,-358,542,-540,543]],"type":"Polygon","properties":{"district":"Bastar","dt_code":"414","st_nm":"Chhattisgarh","st_code":"22","year":"2011_c"}},{"arcs":[[-288,544,-309,-544,-539,-325]],"type":"Polygon","properties":{"district":"Kondagaon","dt_code":"722","st_nm":"Chhattisgarh","st_code":"22","year":"update2014"}},{"arcs":[[-189,-233,-295,-311,545,546]],"type":"Polygon","properties":{"district":"Gariaband","dt_code":"720","st_nm":"Chhattisgarh","st_code":"22","year":"update2014"}},{"arcs":[[-190,-547,547,548,549,550]],"type":"Polygon","properties":{"district":"Raipur","dt_code":"410","st_nm":"Chhattisgarh","st_code":"22","year":"2011_c"}},{"arcs":[[-549,551,552,553,554]],"type":"Polygon","properties":{"district":"Durg","dt_code":"409","st_nm":"Chhattisgarh","st_code":"22","year":"2011_c"}},{"arcs":[[-240,-306,-333,555,-338,556,557]],"type":"Polygon","properties":{"district":"Thane","dt_code":"517","st_nm":"Maharashtra","st_code":"27","year":"2011_c"}},{"arcs":[[-266,558,559,-318,-269]],"type":"Polygon","properties":{"district":"Adilabad","dt_code":"532","st_nm":"Telangana","st_code":"36","year":"2016_c"}},{"arcs":[[560,561]],"type":"Polygon","properties":{"district":"Hyderabad","dt_code":"536","st_nm":"Telangana","st_code":"36","year":"2016_c"}},{"arcs":[[562,563,564,565,566,567]],"type":"Polygon","properties":{"district":"Jagtial","dt_code":"737","st_nm":"Telangana","st_code":"36","year":"2016_c"}},{"arcs":[[568,569,570,571,572,573]],"type":"Polygon","properties":{"district":"Jangaon","dt_code":"752","st_nm":"Telangana","st_code":"36","year":"2016_c"}},{"arcs":[[574,575,576,577,578]],"type":"Polygon","properties":{"district":"Mulugu","dt_code":"780","st_nm":"Telangana","st_code":"36","year":"2019"}},{"arcs":[[-418,579,580,-428]],"type":"Polygon","properties":{"district":"Jogulamba Gadwal","dt_code":"744","st_nm":"Telangana","st_code":"36","year":"2016_c"}},{"arcs":[[-321,581,582,583,584,585,-365]],"type":"Polygon","properties":{"district":"Kamareddy","dt_code":"736","st_nm":"Telangana","st_code":"36","year":"2016_c"}},{"arcs":[[-564,586,587,588,589,590]],"type":"Polygon","properties":{"district":"Karimnagar","dt_code":"534","st_nm":"Telangana","st_code":"36","year":"2016_c"}},{"arcs":[[-388,591,592,593,-536]],"type":"Polygon","properties":{"district":"Khammam","dt_code":"541","st_nm":"Telangana","st_code":"36","year":"2016_c"}},{"arcs":[[-254,594,595,-559,-265]],"type":"Polygon","properties":{"district":"Komaram Bheem","dt_code":"733","st_nm":"Telangana","st_code":"36","year":"2016_c"}},{"arcs":[[-570,596,-577,597,-593,598]],"type":"Polygon","properties":{"district":"Mahabubabad","dt_code":"751","st_nm":"Telangana","st_code":"36","year":"2016_c"}},{"arcs":[[599,600,601,602,603]],"type":"Polygon","properties":{"district":"Mahabubnagar","dt_code":"538","st_nm":"Telangana","st_code":"36","year":"2016_c"}},{"arcs":[[-253,604,605,-568,606,-595]],"type":"Polygon","properties":{"district":"Mancherial","dt_code":"735","st_nm":"Telangana","st_code":"36","year":"2016_c"}},{"arcs":[[-585,607,608,609]],"type":"Polygon","properties":{"district":"Medak","dt_code":"535","st_nm":"Telangana","st_code":"36","year":"2016_c"}},{"arcs":[[-562,610,611,-609,612,613,614]],"type":"Polygon","properties":{"district":"Medchal Malkajgiri","dt_code":"742","st_nm":"Telangana","st_code":"36","year":"2016_c"}},{"arcs":[[-409,-427,-430,615,-603,616,617]],"type":"Polygon","properties":{"district":"Nagarkurnool","dt_code":"746","st_nm":"Telangana","st_code":"36","year":"2016_c"}},{"arcs":[[-410,-618,618,619,620]],"type":"Polygon","properties":{"district":"Nalgonda","dt_code":"539","st_nm":"Telangana","st_code":"36","year":"2016_c"}},{"arcs":[[-319,-560,-596,-607,-567,621]],"type":"Polygon","properties":{"district":"Nirmal","dt_code":"734","st_nm":"Telangana","st_code":"36","year":"2016_c"}},{"arcs":[[-320,-622,-566,622,-582]],"type":"Polygon","properties":{"district":"Nizamabad","dt_code":"533","st_nm":"Telangana","st_code":"36","year":"2016_c"}},{"arcs":[[-563,-606,623,-587]],"type":"Polygon","properties":{"district":"Peddapalli","dt_code":"738","st_nm":"Telangana","st_code":"36","year":"2016_c"}},{"arcs":[[-565,-591,624,-583,-623]],"type":"Polygon","properties":{"district":"Rajanna Sircilla","dt_code":"739","st_nm":"Telangana","st_code":"36","year":"2016_c"}},{"arcs":[[-561,-615,625,-619,-617,-602,626,627,-611]],"type":"Polygon","properties":{"district":"Ranga Reddy","dt_code":"537","st_nm":"Telangana","st_code":"36","year":"2016_c"}},{"arcs":[[-366,-586,-610,-612,-628,628,-376]],"type":"Polygon","properties":{"district":"Sangareddy","dt_code":"740","st_nm":"Telangana","st_code":"36","year":"2016_c"}},{"arcs":[[-573,629,-613,-608,-584,-625,-590,630]],"type":"Polygon","properties":{"district":"Siddipet","dt_code":"741","st_nm":"Telangana","st_code":"36","year":"2016_c"}},{"arcs":[[-387,-411,-621,631,-571,-599,-592]],"type":"Polygon","properties":{"district":"Suryapet","dt_code":"748","st_nm":"Telangana","st_code":"36","year":"2016_c"}},{"arcs":[[-377,-629,-627,-601,632]],"type":"Polygon","properties":{"district":"Vikarabad","dt_code":"743","st_nm":"Telangana","st_code":"36","year":"2016_c"}},{"arcs":[[-429,-581,633,-604,-616]],"type":"Polygon","properties":{"district":"Wanaparthy","dt_code":"745","st_nm":"Telangana","st_code":"36","year":"2016_c"}},{"arcs":[[-569,634,635,-578,-597]],"type":"Polygon","properties":{"district":"Warangal Rural","dt_code":"749","st_nm":"Telangana","st_code":"36","year":"2016_c"}},{"arcs":[[-574,-631,-589,636,-635]],"type":"Polygon","properties":{"district":"Warangal Urban","dt_code":"540","st_nm":"Telangana","st_code":"36","year":"2016_c"}},{"arcs":[[-572,-632,-620,-626,-614,-630]],"type":"Polygon","properties":{"district":"Yadadri Bhuvanagiri","dt_code":"747","st_nm":"Telangana","st_code":"36","year":"2016_c"}},{"arcs":[[637,638,639,640]],"type":"Polygon","properties":{"district":"South 24 Parganas","dt_code":"343","st_nm":"West Bengal","st_code":"19","year":"2011_c"}},{"arcs":[[641,642,643,644,645,646]],"type":"Polygon","properties":{"district":"Amreli","dt_code":"480","st_nm":"Gujarat","st_code":"24","year":"2011_c"}},{"arcs":[[-220,-264,-282,-245,-225,647,648,649,650]],"type":"Polygon","properties":{"district":"Angul","dt_code":"384","st_nm":"Odisha","st_code":"21","year":"2011_c"}},{"arcs":[[[-243,651,652,653]],[[654,655,656]]],"type":"MultiPolygon","properties":{"district":"Dang","dt_code":"489","st_nm":"Gujarat","st_code":"24","year":"2011_c"}},{"arcs":[[-287,657,-552,-548,-546,-310,-545]],"type":"Polygon","properties":{"district":"Dhamtari","dt_code":"412","st_nm":"Chhattisgarh","st_code":"22","year":"2011_c"}},{"arcs":[[-217,658,-296,-259,-222]],"type":"Polygon","properties":{"district":"Kendrapara","dt_code":"379","st_nm":"Odisha","st_code":"21","year":"2011_c"}},{"arcs":[[-209,659]],"type":"Polygon","properties":{"district":"Dadra and Nagar Haveli","dt_code":"496","st_nm":"Dadra and Nagar Haveli and Daman and Diu","st_code":"26","year":"2011_c"}},{"arcs":[[-208,-241,-558,660,-210,-660]],"type":"Polygon","properties":{"district":"Palghar","dt_code":"732","st_nm":"Maharashtra","st_code":"27","year":"update2014"}},{"arcs":[[-274,-284,-291,-300,661,-345,662]],"type":"Polygon","properties":{"district":"Ganjam","dt_code":"388","st_nm":"Odisha","st_code":"21","year":"2011_c"}},{"arcs":[[-275,-663,-344,-314]],"type":"Polygon","properties":{"district":"Gajapati","dt_code":"389","st_nm":"Odisha","st_code":"21","year":"2011_c"}},{"arcs":[[-425,-464,663,-456,-431]],"type":"Polygon","properties":{"district":"Y.S.R. Kadapa","dt_code":"551","st_nm":"Andhra Pradesh","st_code":"37","year":"2011_c"}},{"arcs":[[-459,-483,-493,664,665,-484,-477,-467]],"type":"Polygon","properties":{"district":"Tumakuru","dt_code":"571","st_nm":"Karnataka","st_code":"29","year":"2011_c"}},{"arcs":[[-164,-161,-165,-54,-490,-480,-457,-664,-463,-40]],"type":"Polygon","properties":{"district":"Chittoor","dt_code":"554","st_nm":"Andhra Pradesh","st_code":"37","year":"2011_c"}},{"arcs":[[-50,-507,666,-665,-492,-497]],"type":"Polygon","properties":{"district":"Ramanagara","dt_code":"584","st_nm":"Karnataka","st_code":"29","year":"2011_c"}},{"arcs":[[-485,-666,-667,-506,667]],"type":"Polygon","properties":{"district":"Mandya","dt_code":"573","st_nm":"Karnataka","st_code":"29","year":"2011_c"}},{"arcs":[[-486,-668,-505,-511,-501]],"type":"Polygon","properties":{"district":"Mysuru","dt_code":"577","st_nm":"Karnataka","st_code":"29","year":"2011_c"}},{"arcs":[[-499,-503,-510,-514,668],[669]],"type":"Polygon","properties":{"district":"Kannur","dt_code":"589","st_nm":"Kerala","st_code":"32","year":"2011_c"}},{"arcs":[[-137,670,-141]],"type":"Polygon","properties":{"district":"Puducherry","dt_code":"635","st_nm":"Puducherry","st_code":"34","year":"2011_c"}},{"arcs":[[-286,671,-553,-658]],"type":"Polygon","properties":{"district":"Balod","dt_code":"719","st_nm":"Chhattisgarh","st_code":"22","year":"update2014"}},{"arcs":[[-414,-537,-594,-598,-576,672,673]],"type":"Polygon","properties":{"district":"Bhadradri Kothagudem","dt_code":"753","st_nm":"Telangana","st_code":"36","year":"2016_c"}},{"arcs":[[674,675,676,677,678,679,680]],"type":"Polygon","properties":{"district":"Vadodara","dt_code":"486","st_nm":"Gujarat","st_code":"24","year":"2011_c"}},{"arcs":[[681,682,683,684,685,686]],"type":"Polygon","properties":{"district":"Paschim Medinipur","dt_code":"344","st_nm":"West Bengal","st_code":"19","year":"2011_c"}},{"arcs":[[687,688,689,690,691,692]],"type":"Polygon","properties":{"district":"Seoni","dt_code":"456","st_nm":"Madhya Pradesh","st_code":"23","year":"2011_c"}},{"arcs":[[693,694,695,696,697,698]],"type":"Polygon","properties":{"district":"Alirajpur","dt_code":"465","st_nm":"Madhya Pradesh","st_code":"23","year":"2011_c"}},{"arcs":[[-691,699,700,701,702,703]],"type":"Polygon","properties":{"district":"Chhindwara","dt_code":"455","st_nm":"Madhya Pradesh","st_code":"23","year":"2011_c"}},{"arcs":[[704,705,706,707,708]],"type":"Polygon","properties":{"district":"Harda","dt_code":"448","st_nm":"Madhya Pradesh","st_code":"23","year":"2011_c"}},{"arcs":[[-171,-186,709,710,711,712,713]],"type":"Polygon","properties":{"district":"Khargone","dt_code":"440","st_nm":"Madhya Pradesh","st_code":"23","year":"2011_c"}},{"arcs":[[-684,714,715,716]],"type":"Polygon","properties":{"district":"Purba Medinipur","dt_code":"345","st_nm":"West Bengal","st_code":"19","year":"2011_c"}},{"arcs":[[717,718,719,720,721,722]],"type":"Polygon","properties":{"district":"Mayurbhanj","dt_code":"376","st_nm":"Odisha","st_code":"21","year":"2011_c"}},{"arcs":[[-677,723,724,725]],"type":"Polygon","properties":{"district":"Bharuch","dt_code":"488","st_nm":"Gujarat","st_code":"24","year":"2011_c"}},{"arcs":[[-650,726,727,728,729,730,731,732,733]],"type":"Polygon","properties":{"district":"Sundargarh","dt_code":"374","st_nm":"Odisha","st_code":"21","year":"2011_c"}},{"arcs":[[734,735,736,737,738,739]],"type":"Polygon","properties":{"district":"Kabeerdham","dt_code":"407","st_nm":"Chhattisgarh","st_code":"22","year":"2011_c"}},{"arcs":[[-172,-714,740,-706,741,742]],"type":"Polygon","properties":{"district":"Khandwa","dt_code":"466","st_nm":"Madhya Pradesh","st_code":"23","year":"2011_c"}},{"arcs":[[743,744,745,746,747]],"type":"Polygon","properties":{"district":"Porbandar","dt_code":"478","st_nm":"Gujarat","st_code":"24","year":"2011_c"}},{"arcs":[[-176,-180,748,-689,749,-738,750]],"type":"Polygon","properties":{"district":"Balaghat","dt_code":"457","st_nm":"Madhya Pradesh","st_code":"23","year":"2011_c"}},{"arcs":[[-676,751,752,753,754,-724]],"type":"Polygon","properties":{"district":"Narmada","dt_code":"487","st_nm":"Gujarat","st_code":"24","year":"2011_c"}},{"arcs":[[-185,755,756,-695,757,-710]],"type":"Polygon","properties":{"district":"Barwani","dt_code":"441","st_nm":"Madhya Pradesh","st_code":"23","year":"2011_c"}},{"arcs":[[758,759,760,761]],"type":"Polygon","properties":{"district":"Janjgir Champa","dt_code":"405","st_nm":"Chhattisgarh","st_code":"22","year":"2011_c"}},{"arcs":[[-657,762,-753,763,-696,-757,764]],"type":"Polygon","properties":{"district":"Nandurbar","dt_code":"497","st_nm":"Maharashtra","st_code":"27","year":"2011_c"}},{"arcs":[[-214,-224,-221,-651,-734,765,-720,766]],"type":"Polygon","properties":{"district":"Kendujhar","dt_code":"375","st_nm":"Odisha","st_code":"21","year":"2011_c"}},{"arcs":[[-215,-767,-719,767,-685,-717,768]],"type":"Polygon","properties":{"district":"Balasore","dt_code":"377","st_nm":"Odisha","st_code":"21","year":"2011_c"}},{"arcs":[[-729,769,770,771]],"type":"Polygon","properties":{"district":"Jharsuguda","dt_code":"371","st_nm":"Odisha","st_code":"21","year":"2011_c"}},{"arcs":[[-550,-555,772,-736,773,774]],"type":"Polygon","properties":{"district":"Bametara","dt_code":"718","st_nm":"Chhattisgarh","st_code":"22","year":"update2014"}},{"arcs":[[-173,-751,-737,-773,-554,-672,-285,-248]],"type":"Polygon","properties":{"district":"Rajnandgaon","dt_code":"408","st_nm":"Chhattisgarh","st_code":"22","year":"2011_c"}},{"arcs":[[-168,-743,775,-701,776,-196,-272,-256,-211,-197]],"type":"Polygon","properties":{"district":"Amravati","dt_code":"503","st_nm":"Maharashtra","st_code":"27","year":"2011_c"}},{"arcs":[[-725,-755,777,778,779]],"type":"Polygon","properties":{"district":"Surat","dt_code":"492","st_nm":"Gujarat","st_code":"24","year":"2011_c"}},{"arcs":[[-184,-244,-654,780,-655,-765,-756]],"type":"Polygon","properties":{"district":"Dhule","dt_code":"498","st_nm":"Maharashtra","st_code":"27","year":"2011_c"}},{"arcs":[[-656,-781,-653,781,-778,-754,-763]],"type":"Polygon","properties":{"district":"Tapi","dt_code":"493","st_nm":"Gujarat","st_code":"24","year":"2011_c"}},{"arcs":[[-187,782,-771,783,-228,-237,-230]],"type":"Polygon","properties":{"district":"Bargarh","dt_code":"370","st_nm":"Odisha","st_code":"21","year":"2011_c"}},{"arcs":[[-179,-268,-193,-777,-700,-690,-749]],"type":"Polygon","properties":{"district":"Nagpur","dt_code":"505","st_nm":"Maharashtra","st_code":"27","year":"2011_c"}},{"arcs":[[-191,-551,-775,784,785,-760,786]],"type":"Polygon","properties":{"district":"Baloda Bazar","dt_code":"721","st_nm":"Chhattisgarh","st_code":"22","year":"update2014"}},{"arcs":[[-735,787,788,-785,-774]],"type":"Polygon","properties":{"district":"Mungeli","dt_code":"717","st_nm":"Chhattisgarh","st_code":"22","year":"update2014"}},{"arcs":[[-642,789,790,791,792]],"type":"Polygon","properties":{"district":"Botad","dt_code":"726","st_nm":"Gujarat","st_code":"24","year":"update2014"}},{"arcs":[[-675,793,794,-697,-764,-752]],"type":"Polygon","properties":{"district":"Chhota Udaipur","dt_code":"731","st_nm":"Gujarat","st_code":"24","year":"update2014"}},{"arcs":[[-645,795,796,797,798]],"type":"Polygon","properties":{"district":"Gir Somnath","dt_code":"729","st_nm":"Gujarat","st_code":"24","year":"update2014"}},{"arcs":[[-686,-768,-718,799,800,801]],"type":"Polygon","properties":{"district":"Jhargram","dt_code":"776","st_nm":"West Bengal","st_code":"19","year":"2017_c"}},{"arcs":[[-745,802,803,804,-790,-647,805]],"type":"Polygon","properties":{"district":"Rajkot","dt_code":"476","st_nm":"Gujarat","st_code":"24","year":"2011_c"}},{"arcs":[[-643,-793,806,807]],"type":"Polygon","properties":{"district":"Bhavnagar","dt_code":"481","st_nm":"Gujarat","st_code":"24","year":"2011_c"}},{"arcs":[[-702,-776,-742,-705,808]],"type":"Polygon","properties":{"district":"Betul","dt_code":"447","st_nm":"Madhya Pradesh","st_code":"23","year":"2011_c"}},{"arcs":[[-646,-799,809,-746,-806]],"type":"Polygon","properties":{"district":"Junagadh","dt_code":"479","st_nm":"Gujarat","st_code":"24","year":"2011_c"}},{"arcs":[[-649,810,-727]],"type":"Polygon","properties":{"district":"Deogarh","dt_code":"373","st_nm":"Odisha","st_code":"21","year":"2011_c"}},{"arcs":[[-744,811,812,813,-803]],"type":"Polygon","properties":{"district":"Jamnagar","dt_code":"477","st_nm":"Gujarat","st_code":"24","year":"2011_c"}},{"arcs":[[-748,814,-812]],"type":"Polygon","properties":{"district":"Devbhumi Dwarka","dt_code":"728","st_nm":"Gujarat","st_code":"24","year":"update2014"}},{"arcs":[[-182,-202,-281,-336,-301,-238]],"type":"Polygon","properties":{"district":"Aurangabad","dt_code":"515","st_nm":"Maharashtra","st_code":"27","year":"2011_c"}},{"arcs":[[-360,-380,-400,-422,-401,-391,-381]],"type":"Polygon","properties":{"district":"Vijayapura","dt_code":"557","st_nm":"Karnataka","st_code":"29","year":"2011_c"}},{"arcs":[[-251,-327,-542,815,-673,-575,816]],"type":"Polygon","properties":{"district":"Bijapur","dt_code":"417","st_nm":"Chhattisgarh","st_code":"22","year":"2011_c"}},{"arcs":[[-332,-370,-375,817,-339,-556]],"type":"Polygon","properties":{"district":"Raigad","dt_code":"520","st_nm":"Maharashtra","st_code":"27","year":"2011_c"}},{"arcs":[[-192,-787,-759,818,819,820,-730,-772,-783]],"type":"Polygon","properties":{"district":"Raigarh","dt_code":"403","st_nm":"Chhattisgarh","st_code":"22","year":"2011_c"}},{"arcs":[[-761,-786,-789,821,822,823,824]],"type":"Polygon","properties":{"district":"Bilaspur","dt_code":"406","st_nm":"Chhattisgarh","st_code":"22","year":"2011_c"}},{"arcs":[[-113,-150,825,-151]],"type":"Polygon","properties":{"district":"Karaikal","dt_code":"637","st_nm":"Puducherry","st_code":"34","year":"2011_c"}},{"arcs":[[-670]],"type":"Polygon","properties":{"district":"Mahe","dt_code":"636","st_nm":"Puducherry","st_code":"34","year":"2011_c"}},{"arcs":[[-416]],"type":"Polygon","properties":{"district":"Yanam","dt_code":"634","st_nm":"Puducherry","st_code":"34","year":"2011_c"}},{"arcs":[[-229,-784,-770,-728,-811,-648]],"type":"Polygon","properties":{"district":"Sambalpur","dt_code":"372","st_nm":"Odisha","st_code":"21","year":"2011_c"}},{"arcs":[[-206,826,-779,-782,-652,-242]],"type":"Polygon","properties":{"district":"Navsari","dt_code":"490","st_nm":"Gujarat","st_code":"24","year":"2011_c"}},{"arcs":[[827]],"type":"Polygon","properties":{"district":"Lakshadweep","dt_code":"587","st_nm":"Lakshadweep","st_code":"31","year":"2011_c"}},{"arcs":[[-204,828]],"type":"Polygon","properties":{"district":"Daman","dt_code":"495","st_nm":"Dadra and Nagar Haveli and Daman and Diu","st_code":"26","year":"2011_c"}},{"arcs":[[-797,829]],"type":"Polygon","properties":{"district":"Diu","dt_code":"494","st_nm":"Dadra and Nagar Haveli and Daman and Diu","st_code":"26","year":"2011_c"}},{"arcs":[[-252,-817,-579,-636,-637,-588,-624,-605]],"type":"Polygon","properties":{"district":"Jayashankar Bhupalapally","dt_code":"750","st_nm":"Telangana","st_code":"36","year":"2016_c"}},{"arcs":[[-378,-633,-600,-634,-580,-417,-398]],"type":"Polygon","properties":{"district":"Narayanpet","dt_code":"781","st_nm":"Telangana","st_code":"36","year":"2019"}},{"arcs":[[-357,-415,-674,-816,-541,-543]],"type":"Polygon","properties":{"district":"Sukma","dt_code":"723","st_nm":"Chhattisgarh","st_code":"22","year":"update2014"}},{"arcs":[[830,831,832,833,834,835,836,837]],"type":"Polygon","properties":{"district":"Upper Subansiri","dt_code":"249","st_nm":"Arunachal Pradesh","st_code":"12","year":"2011_c"}},{"arcs":[[838,839,840,841]],"type":"Polygon","properties":{"district":"Anjaw","dt_code":"260","st_nm":"Arunachal Pradesh","st_code":"12","year":"2011_c"}},{"arcs":[[842,843,844,845,846,847,848,849]],"type":"Polygon","properties":{"district":"Tinsukia","dt_code":"309","st_nm":"Assam","st_code":"18","year":"2011_c"}},{"arcs":[[-847,850,851,852,853,854]],"type":"Polygon","properties":{"district":"Dhemaji","dt_code":"308","st_nm":"Assam","st_code":"18","year":"2011_c"}},{"arcs":[[-839,855,856,-844,857,858]],"type":"Polygon","properties":{"district":"Changlang","dt_code":"253","st_nm":"Arunachal Pradesh","st_code":"12","year":"2011_c"}},{"arcs":[[-846,859,860,861,862,863,864,-851]],"type":"Polygon","properties":{"district":"Dibrugarh","dt_code":"310","st_nm":"Assam","st_code":"18","year":"2011_c"}},{"arcs":[[865,866,867]],"type":"Polygon","properties":{"district":"Tawang","dt_code":"245","st_nm":"Arunachal Pradesh","st_code":"12","year":"2011_c"}},{"arcs":[[868,869,870,871,872,873,874,875]],"type":"Polygon","properties":{"district":"Papum Pare","dt_code":"248","st_nm":"Arunachal Pradesh","st_code":"12","year":"2011_c"}},{"arcs":[[-852,-865,876,877,878,-870,879]],"type":"Polygon","properties":{"district":"Lakhimpur","dt_code":"307","st_nm":"Assam","st_code":"18","year":"2011_c"}},{"arcs":[[-845,-857,880,881,-860]],"type":"Polygon","properties":{"district":"Tirap","dt_code":"254","st_nm":"Arunachal Pradesh","st_code":"12","year":"2011_c"}},{"arcs":[[-863,882,883,884,885,886,887]],"type":"Polygon","properties":{"district":"Sivasagar","dt_code":"311","st_nm":"Assam","st_code":"18","year":"2011_c"}},{"arcs":[[-887,888,889,890,891]],"type":"Polygon","properties":{"district":"Jorhat","dt_code":"312","st_nm":"Assam","st_code":"18","year":"2011_c"}},{"arcs":[[-884,892,893,894,895,896]],"type":"Polygon","properties":{"district":"Mon","dt_code":"261","st_nm":"Nagaland","st_code":"13","year":"2011_c"}},{"arcs":[[897,898,899,900,901,902,903]],"type":"Polygon","properties":{"district":"Sonitpur","dt_code":"306","st_nm":"Assam","st_code":"18","year":"2011_c"}},{"arcs":[[-878,904,-891,905,906,907,908,909]],"type":"Polygon","properties":{"district":"Golaghat","dt_code":"313","st_nm":"Assam","st_code":"18","year":"2011_c"}},{"arcs":[[-885,-897,910,911]],"type":"Polygon","properties":{"district":"Longleng","dt_code":"268","st_nm":"Nagaland","st_code":"13","year":"2011_c"}},{"arcs":[[-886,-912,912,913,914,-889]],"type":"Polygon","properties":{"district":"Mokokchung","dt_code":"262","st_nm":"Nagaland","st_code":"13","year":"2011_c"}},{"arcs":[[-902,915,916,917,918]],"type":"Polygon","properties":{"district":"Udalguri","dt_code":"326","st_nm":"Assam","st_code":"18","year":"2011_c"}},{"arcs":[[919,920,921,922,923]],"type":"Polygon","properties":{"district":"Chirang","dt_code":"320","st_nm":"Assam","st_code":"18","year":"2011_c"}},{"arcs":[[-917,924,925,926,927,-924,928]],"type":"Polygon","properties":{"district":"Baksa","dt_code":"324","st_nm":"Assam","st_code":"18","year":"2011_c"}},{"arcs":[[-899,929,-909,930,931,932,933]],"type":"Polygon","properties":{"district":"Nagaon","dt_code":"305","st_nm":"Assam","st_code":"18","year":"2011_c"}},{"arcs":[[-922,934,935,936,937,938]],"type":"Polygon","properties":{"district":"Kokrajhar","dt_code":"300","st_nm":"Assam","st_code":"18","year":"2011_c"}},{"arcs":[[-901,939,940,941,-925,-916]],"type":"Polygon","properties":{"district":"Darrang","dt_code":"325","st_nm":"Assam","st_code":"18","year":"2011_c"}},{"arcs":[[-896,942,943,944,-913,-911]],"type":"Polygon","properties":{"district":"Tuensang","dt_code":"267","st_nm":"Nagaland","st_code":"13","year":"2011_c"}},{"arcs":[[-920,-928,945,946,947,948]],"type":"Polygon","properties":{"district":"Barpeta","dt_code":"303","st_nm":"Assam","st_code":"18","year":"2011_c"}},{"arcs":[[-927,949,-946]],"type":"Polygon","properties":{"district":"Nalbari","dt_code":"323","st_nm":"Assam","st_code":"18","year":"2011_c"}},{"arcs":[[-900,-934,950,951,952,-940]],"type":"Polygon","properties":{"district":"Morigaon","dt_code":"304","st_nm":"Assam","st_code":"18","year":"2011_c"}},{"arcs":[[-926,-942,953,954,955,956,957,-947,-950]],"type":"Polygon","properties":{"district":"Kamrup","dt_code":"321","st_nm":"Assam","st_code":"18","year":"2011_c"}},{"arcs":[[-921,-949,958,959,-935]],"type":"Polygon","properties":{"district":"Bongaigaon","dt_code":"319","st_nm":"Assam","st_code":"18","year":"2011_c"}},{"arcs":[[-936,-960,960,961,962,963]],"type":"Polygon","properties":{"district":"Dhubri","dt_code":"301","st_nm":"Assam","st_code":"18","year":"2011_c"}},{"arcs":[[-941,-953,964,-954]],"type":"Polygon","properties":{"district":"Kamrup Metropolitan","dt_code":"322","st_nm":"Assam","st_code":"18","year":"2011_c"}},{"arcs":[[-944,965,966,967]],"type":"Polygon","properties":{"district":"Kiphire","dt_code":"269","st_nm":"Nagaland","st_code":"13","year":"2011_c"}},{"arcs":[[-948,-958,968,969,970,-961,-959]],"type":"Polygon","properties":{"district":"Goalpara","dt_code":"302","st_nm":"Assam","st_code":"18","year":"2011_c"}},{"arcs":[[-952,971,972,973,974,-955,-965]],"type":"Polygon","properties":{"district":"Ribhoi","dt_code":"297","st_nm":"Meghalaya","st_code":"17","year":"2011_c"}},{"arcs":[[975,976,977,978,979,980,981,982]],"type":"Polygon","properties":{"district":"Dima Hasao","dt_code":"315","st_nm":"Assam","st_code":"18","year":"2011_c"}},{"arcs":[[983,984,985,986]],"type":"Polygon","properties":{"district":"Kamjong","dt_code":"770","st_nm":"Manipur","st_code":"14","year":"2016_c"}},{"arcs":[[-956,-975,987,988,989,990,991]],"type":"Polygon","properties":{"district":"West Khasi Hills","dt_code":"296","st_nm":"Meghalaya","st_code":"17","year":"2011_c"}},{"arcs":[[-978,992,993,994,995,996]],"type":"Polygon","properties":{"district":"Peren","dt_code":"271","st_nm":"Nagaland","st_code":"13","year":"2011_c"}},{"arcs":[[-996,997,998,999,1000,1001]],"type":"Polygon","properties":{"district":"Senapati","dt_code":"272","st_nm":"Manipur","st_code":"14","year":"2011_c"}},{"arcs":[[-981,1002,1003,1004]],"type":"Polygon","properties":{"district":"East Jaintia Hills","dt_code":"714","st_nm":"Meghalaya","st_code":"17","year":"update2014"}},{"arcs":[[-974,1005,1006,1007,-988]],"type":"Polygon","properties":{"district":"East Khasi Hills","dt_code":"298","st_nm":"Meghalaya","st_code":"17","year":"2011_c"}},{"arcs":[[-979,-997,-1002,1008,1009,1010,1011]],"type":"Polygon","properties":{"district":"Tamenglong","dt_code":"273","st_nm":"Manipur","st_code":"14","year":"2011_c"}},{"arcs":[[-990,1012,1013,1014,1015]],"type":"Polygon","properties":{"district":"South Garo Hills","dt_code":"295","st_nm":"Meghalaya","st_code":"17","year":"2011_c"}},{"arcs":[[-17,1016,1017,1018,-1003,-980,-1012,1019,1020,-5]],"type":"Polygon","properties":{"district":"Cachar","dt_code":"316","st_nm":"Assam","st_code":"18","year":"2011_c"}},{"arcs":[[1021,1022,1023,1024,1025]],"type":"Polygon","properties":{"district":"Imphal West","dt_code":"277","st_nm":"Manipur","st_code":"14","year":"2011_c"}},{"arcs":[[-1018,1026,-28,1027,1028]],"type":"Polygon","properties":{"district":"Karimganj","dt_code":"317","st_nm":"Assam","st_code":"18","year":"2011_c"}},{"arcs":[[-16,-29,-1027,-1017]],"type":"Polygon","properties":{"district":"Hailakandi","dt_code":"318","st_nm":"Assam","st_code":"18","year":"2011_c"}},{"arcs":[[-1024,1029,1030,1031,1032,1033]],"type":"Polygon","properties":{"district":"Kakching","dt_code":"768","st_nm":"Manipur","st_code":"14","year":"2016_c"}},{"arcs":[[-1025,-1034,1034,1035,1036]],"type":"Polygon","properties":{"district":"Bishnupur","dt_code":"275","st_nm":"Manipur","st_code":"14","year":"2011_c"}},{"arcs":[[-1032,1037,1038,1039]],"type":"Polygon","properties":{"district":"Chandel","dt_code":"280","st_nm":"Manipur","st_code":"14","year":"2011_c"}},{"arcs":[[-1040,1040,1041,1042,-1035,-1033]],"type":"Polygon","properties":{"district":"Churachandpur","dt_code":"274","st_nm":"Manipur","st_code":"14","year":"2011_c"}},{"arcs":[[-27,1043,1044,1045,1046,-1028]],"type":"Polygon","properties":{"district":"North Tripura","dt_code":"292","st_nm":"Tripura","st_code":"16","year":"2011_c"}},{"arcs":[[-1045,1047,1048,1049,1050,1051]],"type":"Polygon","properties":{"district":"Dhalai","dt_code":"291","st_nm":"Tripura","st_code":"16","year":"2011_c"}},{"arcs":[[1052,1053,1054,1055,1056]],"type":"Polygon","properties":{"district":"Sipahijala","dt_code":"707","st_nm":"Tripura","st_code":"16","year":"update2014"}},{"arcs":[[-1049,1057,1058,-1057,1059]],"type":"Polygon","properties":{"district":"Gomati","dt_code":"709","st_nm":"Tripura","st_code":"16","year":"update2014"}},{"arcs":[[-890,-915,1060,1061,1062,-906]],"type":"Polygon","properties":{"district":"Wokha","dt_code":"264","st_nm":"Nagaland","st_code":"13","year":"2011_c"}},{"arcs":[[-914,-945,-968,1063,1064,-1061]],"type":"Polygon","properties":{"district":"Zunheboto","dt_code":"263","st_nm":"Nagaland","st_code":"13","year":"2011_c"}},{"arcs":[[-967,1065,1066,-999,1067,-1064]],"type":"Polygon","properties":{"district":"Phek","dt_code":"266","st_nm":"Nagaland","st_code":"13","year":"2011_c"}},{"arcs":[[-970,1068,1069,-1015,1070,1071,1072]],"type":"Polygon","properties":{"district":"West Garo Hills","dt_code":"293","st_nm":"Meghalaya","st_code":"17","year":"2011_c"}},{"arcs":[[-991,-1016,-1070,1073]],"type":"Polygon","properties":{"district":"East Garo Hills","dt_code":"294","st_nm":"Meghalaya","st_code":"17","year":"2011_c"}},{"arcs":[[-995,1074,-1062,-1065,-1068,-998]],"type":"Polygon","properties":{"district":"Kohima","dt_code":"270","st_nm":"Nagaland","st_code":"13","year":"2011_c"}},{"arcs":[[-907,-1063,-1075,-994,1075]],"type":"Polygon","properties":{"district":"Dimapur","dt_code":"265","st_nm":"Nagaland","st_code":"13","year":"2011_c"}},{"arcs":[[-848,-855,1076,1077,1078,1079]],"type":"Polygon","properties":{"district":"East Siang","dt_code":"251","st_nm":"Arunachal Pradesh","st_code":"12","year":"2011_c"}},{"arcs":[[-840,-859,1080,-850,1081]],"type":"Polygon","properties":{"district":"Lohit","dt_code":"259","st_nm":"Arunachal Pradesh","st_code":"12","year":"2011_c"}},{"arcs":[[-836,1082,-874,1083,1084]],"type":"Polygon","properties":{"district":"Kurung Kumey","dt_code":"256","st_nm":"Arunachal Pradesh","st_code":"12","year":"2011_c"}},{"arcs":[[-876,1085,1086]],"type":"Polygon","properties":{"district":"Lower Subansiri","dt_code":"255","st_nm":"Arunachal Pradesh","st_code":"12","year":"2011_c"}},{"arcs":[[-867,1087,-1084,-873,1088,1089]],"type":"Polygon","properties":{"district":"East Kameng","dt_code":"247","st_nm":"Arunachal Pradesh","st_code":"12","year":"2011_c"}},{"arcs":[[-868,-1090,1090,-903,-919,1091]],"type":"Polygon","properties":{"district":"West Kameng","dt_code":"246","st_nm":"Arunachal Pradesh","st_code":"12","year":"2011_c"}},{"arcs":[[-973,1092,-982,-1005,1093,-1006]],"type":"Polygon","properties":{"district":"West Jaintia Hills","dt_code":"299","st_nm":"Meghalaya","st_code":"17","year":"2011_c"}},{"arcs":[[-989,-1008,1094,-1013]],"type":"Polygon","properties":{"district":"South West Khasi Hills","dt_code":"713","st_nm":"Meghalaya","st_code":"17","year":"update2014"}},{"arcs":[[-957,-992,-1074,-1069,-969]],"type":"Polygon","properties":{"district":"North Garo Hills","dt_code":"712","st_nm":"Meghalaya","st_code":"17","year":"update2014"}},{"arcs":[[-1072,1095,1096]],"type":"Polygon","properties":{"district":"South West Garo Hills","dt_code":"711","st_nm":"Meghalaya","st_code":"17","year":"update2014"}},{"arcs":[[-1050,-1060,-1056,1097,1098]],"type":"Polygon","properties":{"district":"Khowai","dt_code":"708","st_nm":"Tripura","st_code":"16","year":"update2014"}},{"arcs":[[-1055,1099,-1098]],"type":"Polygon","properties":{"district":"West Tripura","dt_code":"289","st_nm":"Tripura","st_code":"16","year":"2011_c"}},{"arcs":[[-1053,-1059,1100]],"type":"Polygon","properties":{"district":"South Tripura","dt_code":"290","st_nm":"Tripura","st_code":"16","year":"2011_c"}},{"arcs":[[-1046,-1052,1101]],"type":"Polygon","properties":{"district":"Unokoti","dt_code":"710","st_nm":"Tripura","st_code":"16","year":"update2014"}},{"arcs":[[-862,1102,-893,-883]],"type":"Polygon","properties":{"district":"Charaideo","dt_code":"755","st_nm":"Assam","st_code":"18","year":"2015_c"}},{"arcs":[[-864,-888,-892,-905,-877]],"type":"Polygon","properties":{"district":"Majuli","dt_code":"760","st_nm":"Assam","st_code":"18","year":"2016_c"}},{"arcs":[[-871,-879,-910,-930,-898,1103]],"type":"Polygon","properties":{"district":"Biswanath","dt_code":"756","st_nm":"Assam","st_code":"18","year":"2015_c"}},{"arcs":[[-932,1104,-976,1105]],"type":"Polygon","properties":{"district":"Hojai","dt_code":"757","st_nm":"Assam","st_code":"18","year":"2015_c"}},{"arcs":[[-962,-971,-1073,-1097,1106]],"type":"Polygon","properties":{"district":"South Salmara Mankachar","dt_code":"758","st_nm":"Assam","st_code":"18","year":"2015_c"}},{"arcs":[[-908,-1076,-993,-977,-1105,-931]],"type":"Polygon","properties":{"district":"Karbi Anglong","dt_code":"314","st_nm":"Assam","st_code":"18","year":"2011_c"}},{"arcs":[[-933,-1106,-983,-1093,-972,-951]],"type":"Polygon","properties":{"district":"West Karbi Anglong","dt_code":"759","st_nm":"Assam","st_code":"18","year":"2016_c"}},{"arcs":[[-835,1107,-1086,-875,-1083]],"type":"Polygon","properties":{"district":"Kra Daadi","dt_code":"763","st_nm":"Arunachal Pradesh","st_code":"12","year":"2015_c"}},{"arcs":[[-843,-1081,-858]],"type":"Polygon","properties":{"district":"Namsai","dt_code":"762","st_nm":"Arunachal Pradesh","st_code":"12","year":"2014_c"}},{"arcs":[[-861,-882,1108,-894,-1103]],"type":"Polygon","properties":{"district":"Longding","dt_code":"761","st_nm":"Arunachal Pradesh","st_code":"12","year":"2012_c"}},{"arcs":[[-1022,1109,1110]],"type":"Polygon","properties":{"district":"Imphal East","dt_code":"278","st_nm":"Manipur","st_code":"14","year":"2011_c"}},{"arcs":[[-1011,1111,1112,-1020]],"type":"Polygon","properties":{"district":"Jiribam","dt_code":"766","st_nm":"Manipur","st_code":"14","year":"2016_c"}},{"arcs":[[-984,1113,1114,-1110,-1026,-1037,1115,-1009,-1001,1116]],"type":"Polygon","properties":{"district":"Kangpokpi","dt_code":"767","st_nm":"Manipur","st_code":"14","year":"2016_c"}},{"arcs":[[-1023,-1111,-1115,1117,-1030]],"type":"Polygon","properties":{"district":"Thoubal","dt_code":"276","st_nm":"Manipur","st_code":"14","year":"2011_c"}},{"arcs":[[-987,1118,-1038,-1031,-1118,-1114]],"type":"Polygon","properties":{"district":"Tengnoupal","dt_code":"769","st_nm":"Manipur","st_code":"14","year":"2016_c"}},{"arcs":[[-985,-1117,-1000,-1067,1119]],"type":"Polygon","properties":{"district":"Ukhrul","dt_code":"279","st_nm":"Manipur","st_code":"14","year":"2011_c"}},{"arcs":[[-1010,-1116,-1036,-1043,1120,-1112]],"type":"Polygon","properties":{"district":"Noney","dt_code":"771","st_nm":"Manipur","st_code":"14","year":"2016_c"}},{"arcs":[[-6,-1021,-1113,-1121,-1042,1121,-9]],"type":"Polygon","properties":{"district":"Pherzawl","dt_code":"772","st_nm":"Manipur","st_code":"14","year":"2016_c"}},{"arcs":[[-1079,1122,1123,1124,1125,1126]],"type":"Polygon","properties":{"district":"Upper Siang","dt_code":"252","st_nm":"Arunachal Pradesh","st_code":"12","year":"2011_c"}},{"arcs":[[-833,1127,1128,1129,-1077,-854,1130]],"type":"Polygon","properties":{"district":"Lower Siang","dt_code":"779","st_nm":"Arunachal Pradesh","st_code":"12","year":"2018"}},{"arcs":[[-1126,1131,1132]],"type":"Polygon","properties":{"district":"Upper Dibang Valley","dt_code":"257","st_nm":"Arunachal Pradesh","st_code":"12","year":"2011_c"}},{"arcs":[[-841,-1082,-849,-1080,-1127,-1133,1133]],"type":"Polygon","properties":{"district":"Lower Dibang Valley","dt_code":"258","st_nm":"Arunachal Pradesh","st_code":"12","year":"2011_c"}},{"arcs":[[-1078,-1130,1134,1135,-1123]],"type":"Polygon","properties":{"district":"Siang","dt_code":"764","st_nm":"Arunachal Pradesh","st_code":"12","year":"2015_c"}},{"arcs":[[-838,1136,-1124,-1136,1137]],"type":"Polygon","properties":{"district":"Shi Yomi","dt_code":"785","st_nm":"Arunachal Pradesh","st_code":"12","year":"2018"}},{"arcs":[[-872,-1104,-904,-1091,-1089]],"type":"Polygon","properties":{"district":"Pakke Kessang","dt_code":"783","st_nm":"Arunachal Pradesh","st_code":"12","year":"2018"}},{"arcs":[[-831,-1138,-1135,-1129,1138]],"type":"Polygon","properties":{"district":"West Siang","dt_code":"250","st_nm":"Arunachal Pradesh","st_code":"12","year":"2011_c"}},{"arcs":[[-832,-1139,-1128]],"type":"Polygon","properties":{"district":"Lepa Rada","dt_code":"784","st_nm":"Arunachal Pradesh","st_code":"12","year":"2018"}},{"arcs":[[-834,-1131,-853,-880,-869,-1087,-1108]],"type":"Polygon","properties":{"district":"Kamle","dt_code":"778","st_nm":"Arunachal Pradesh","st_code":"12","year":"2018"}},{"arcs":[[1139]],"type":"Polygon","properties":{"district":"North and Middle Andaman","dt_code":"639","st_nm":"Andaman and Nicobar Islands","st_code":"35","year":"2011_c"}},{"arcs":[[1140]],"type":"Polygon","properties":{"district":"South Andaman","dt_code":"640","st_nm":"Andaman and Nicobar Islands","st_code":"35","year":"2011_c"}},{"arcs":[[1141]],"type":"Polygon","properties":{"district":"Nicobars","dt_code":"638","st_nm":"Andaman and Nicobar Islands","st_code":"35","year":"2011_c"}},{"arcs":[[1142,1143,1144,1145,1146,1147]],"type":"Polygon","properties":{"district":"Amroha","dt_code":"137","st_nm":"Uttar Pradesh","st_code":"09","year":"2011_c"}},{"arcs":[[1148,1149,1150,1151,1152,1153]],"type":"Polygon","properties":{"district":"Churu","dt_code":"102","st_nm":"Rajasthan","st_code":"08","year":"2011_c"}},{"arcs":[[-1147,1154,1155,1156,1157]],"type":"Polygon","properties":{"district":"Hapur","dt_code":"705","st_nm":"Uttar Pradesh","st_code":"09","year":"update2014"}},{"arcs":[[1158,1159,1160,1161,1162,1163,1164]],"type":"Polygon","properties":{"district":"Delhi","st_nm":"Delhi","st_code":"07","year":"2011_c"}},{"arcs":[[1165,-1162,1166,1167,1168,1169]],"type":"Polygon","properties":{"district":"Jhajjar","dt_code":"083","st_nm":"Haryana","st_code":"06","year":"2011_c"}},{"arcs":[[1170,1171,1172,1173,1174]],"type":"Polygon","properties":{"district":"Bareilly","dt_code":"150","st_nm":"Uttar Pradesh","st_code":"09","year":"2011_c"}},{"arcs":[[-1171,1175,1176,1177,1178]],"type":"Polygon","properties":{"district":"Pilibhit","dt_code":"151","st_nm":"Uttar Pradesh","st_code":"09","year":"2011_c"}},{"arcs":[[-1146,1179,1180,1181,-1155]],"type":"Polygon","properties":{"district":"Bulandshahr","dt_code":"142","st_nm":"Uttar Pradesh","st_code":"09","year":"2011_c"}},{"arcs":[[-1156,-1182,1182,1183,1184,-1159,1185]],"type":"Polygon","properties":{"district":"Gautam Buddha Nagar","dt_code":"141","st_nm":"Uttar Pradesh","st_code":"09","year":"2011_c"}},{"arcs":[[-1178,1186,1187,1188,1189,1190]],"type":"Polygon","properties":{"district":"Lakhimpur Kheri","dt_code":"153","st_nm":"Uttar Pradesh","st_code":"09","year":"2011_c"}},{"arcs":[[-1150,1191,1192,1193]],"type":"Polygon","properties":{"district":"Jhunjhunu","dt_code":"103","st_nm":"Rajasthan","st_code":"08","year":"2011_c"}},{"arcs":[[-1167,-1161,1194,1195,1196,1197]],"type":"Polygon","properties":{"district":"Gurugram","dt_code":"086","st_nm":"Haryana","st_code":"06","year":"2011_c"}},{"arcs":[[-1185,1198,-1195,-1160]],"type":"Polygon","properties":{"district":"Faridabad","dt_code":"088","st_nm":"Haryana","st_code":"06","year":"2011_c"}},{"arcs":[[-1193,1199,1200,1201,1202,1203,1204]],"type":"Polygon","properties":{"district":"Mahendragarh","dt_code":"084","st_nm":"Haryana","st_code":"06","year":"2011_c"}},{"arcs":[[-1168,-1198,1205,1206,-1202,1207]],"type":"Polygon","properties":{"district":"Rewari","dt_code":"085","st_nm":"Haryana","st_code":"06","year":"2011_c"}},{"arcs":[[-1173,1208,1209,1210,1211,1212,1213,1214]],"type":"Polygon","properties":{"district":"Budaun","dt_code":"149","st_nm":"Uttar Pradesh","st_code":"09","year":"2011_c"}},{"arcs":[[1215,1216,1217,1218]],"type":"Polygon","properties":{"district":"Jaisalmer","dt_code":"114","st_nm":"Rajasthan","st_code":"08","year":"2011_c"}},{"arcs":[[-1188,1219,1220,1221,1222,1223]],"type":"Polygon","properties":{"district":"Bahraich","dt_code":"180","st_nm":"Uttar Pradesh","st_code":"09","year":"2011_c"}},{"arcs":[[-1197,1224,1225,1226,1227,-1206]],"type":"Polygon","properties":{"district":"Nuh","dt_code":"087","st_nm":"Haryana","st_code":"06","year":"2011_c"}},{"arcs":[[-1172,-1179,-1191,1228,1229,-1209]],"type":"Polygon","properties":{"district":"Shahjahanpur","dt_code":"152","st_nm":"Uttar Pradesh","st_code":"09","year":"2011_c"}},{"arcs":[[-1151,-1194,-1205,1230,1231]],"type":"Polygon","properties":{"district":"Sikar","dt_code":"111","st_nm":"Rajasthan","st_code":"08","year":"2011_c"}},{"arcs":[[-1184,1232,1233,-1225,-1196,-1199]],"type":"Polygon","properties":{"district":"Palwal","dt_code":"089","st_nm":"Haryana","st_code":"06","year":"2011_c"}},{"arcs":[[-1203,-1207,-1228,1234,1235,1236]],"type":"Polygon","properties":{"district":"Alwar","dt_code":"104","st_nm":"Rajasthan","st_code":"08","year":"2011_c"}},{"arcs":[[1237,1238,1239,1240]],"type":"Polygon","properties":{"district":"North Sikkim","dt_code":"241","st_nm":"Sikkim","st_code":"11","year":"2011_c"}},{"arcs":[[-1181,1241,-1212,1242,1243,1244,-1233,-1183]],"type":"Polygon","properties":{"district":"Aligarh","dt_code":"143","st_nm":"Uttar Pradesh","st_code":"09","year":"2011_c"}},{"arcs":[[-1211,1245,1246,1247,-1243]],"type":"Polygon","properties":{"district":"Kasganj","dt_code":"202","st_nm":"Uttar Pradesh","st_code":"09","year":"2011_c"}},{"arcs":[[-1226,-1234,-1245,1248,1249,1250]],"type":"Polygon","properties":{"district":"Mathura","dt_code":"145","st_nm":"Uttar Pradesh","st_code":"09","year":"2011_c"}},{"arcs":[[-1204,-1237,1251,1252,1253,1254,-1231]],"type":"Polygon","properties":{"district":"Jaipur","dt_code":"110","st_nm":"Rajasthan","st_code":"08","year":"2011_c"}},{"arcs":[[-1221,1255,1256,1257]],"type":"Polygon","properties":{"district":"Shrawasti","dt_code":"181","st_nm":"Uttar Pradesh","st_code":"09","year":"2011_c"}},{"arcs":[[-1217,1258,1259,1260,1261]],"type":"Polygon","properties":{"district":"Jodhpur","dt_code":"113","st_nm":"Rajasthan","st_code":"08","year":"2011_c"}},{"arcs":[[-1189,-1224,1262,1263,1264]],"type":"Polygon","properties":{"district":"Sitapur","dt_code":"154","st_nm":"Uttar Pradesh","st_code":"09","year":"2011_c"}},{"arcs":[[-1227,-1251,1265,1266,1267,1268,-1235]],"type":"Polygon","properties":{"district":"Bharatpur","dt_code":"105","st_nm":"Rajasthan","st_code":"08","year":"2011_c"}},{"arcs":[[-1244,-1248,1269,1270,-1249]],"type":"Polygon","properties":{"district":"Hathras","dt_code":"144","st_nm":"Uttar Pradesh","st_code":"09","year":"2011_c"}},{"arcs":[[-1152,-1232,-1255,1271,1272,-1260,1273]],"type":"Polygon","properties":{"district":"Nagaur","dt_code":"112","st_nm":"Rajasthan","st_code":"08","year":"2011_c"}},{"arcs":[[-1247,1274,1275,1276,1277,-1270]],"type":"Polygon","properties":{"district":"Etah","dt_code":"201","st_nm":"Uttar Pradesh","st_code":"09","year":"2011_c"}},{"arcs":[[-1190,-1265,1278,1279,1280,1281,1282,-1229]],"type":"Polygon","properties":{"district":"Hardoi","dt_code":"155","st_nm":"Uttar Pradesh","st_code":"09","year":"2011_c"}},{"arcs":[[-1210,-1230,-1283,1283,1284,-1275,-1246]],"type":"Polygon","properties":{"district":"Farrukhabad","dt_code":"159","st_nm":"Uttar Pradesh","st_code":"09","year":"2011_c"}},{"arcs":[[-1239,1285,1286,1287]],"type":"Polygon","properties":{"district":"West Sikkim","dt_code":"242","st_nm":"Sikkim","st_code":"11","year":"2011_c"}},{"arcs":[[-1238,1288,1289,1290,-1286]],"type":"Polygon","properties":{"district":"South Sikkim","dt_code":"243","st_nm":"Sikkim","st_code":"11","year":"2011_c"}},{"arcs":[[-1241,1291,1292,-1289]],"type":"Polygon","properties":{"district":"East Sikkim","dt_code":"244","st_nm":"Sikkim","st_code":"11","year":"2011_c"}},{"arcs":[[-1277,1293,1294,1295]],"type":"Polygon","properties":{"district":"Firozabad","dt_code":"147","st_nm":"Uttar Pradesh","st_code":"09","year":"2011_c"}},{"arcs":[[1296,1297,1298,1299,1300]],"type":"Polygon","properties":{"district":"West Champaran","dt_code":"203","st_nm":"Bihar","st_code":"10","year":"2011_c"}},{"arcs":[[1301,1302,1303,1304,1305,1306,1307]],"type":"Polygon","properties":{"district":"Siddharthnagar","dt_code":"184","st_nm":"Uttar Pradesh","st_code":"09","year":"2011_c"}},{"arcs":[[-1276,-1285,1308,1309,-1294]],"type":"Polygon","properties":{"district":"Mainpuri","dt_code":"148","st_nm":"Uttar Pradesh","st_code":"09","year":"2011_c"}},{"arcs":[[-1299,1310,1311,-1308,1312]],"type":"Polygon","properties":{"district":"Maharajganj","dt_code":"187","st_nm":"Uttar Pradesh","st_code":"09","year":"2011_c"}},{"arcs":[[-1250,-1271,-1278,-1296,1313,1314,1315,1316,-1266]],"type":"Polygon","properties":{"district":"Agra","dt_code":"146","st_nm":"Uttar Pradesh","st_code":"09","year":"2011_c"}},{"arcs":[[-1222,-1258,1317,-1305,1318,1319,1320]],"type":"Polygon","properties":{"district":"Gonda","dt_code":"183","st_nm":"Uttar Pradesh","st_code":"09","year":"2011_c"}},{"arcs":[[-1223,-1321,1321,1322,1323,1324,-1263]],"type":"Polygon","properties":{"district":"Barabanki","dt_code":"176","st_nm":"Uttar Pradesh","st_code":"09","year":"2011_c"}},{"arcs":[[-1287,-1291,1325,1326,1327,1328,1329,1330]],"type":"Polygon","properties":{"district":"Darjeeling","dt_code":"327","st_nm":"West Bengal","st_code":"19","year":"2011_c"}},{"arcs":[[-1236,-1269,1331,1332,1333,-1252]],"type":"Polygon","properties":{"district":"Dausa","dt_code":"109","st_nm":"Rajasthan","st_code":"08","year":"2011_c"}},{"arcs":[[-1298,1334,1335,1336,-1311]],"type":"Polygon","properties":{"district":"Kushinagar","dt_code":"189","st_nm":"Uttar Pradesh","st_code":"09","year":"2011_c"}},{"arcs":[[-1282,1337,1338,1339,1340,-1309,-1284]],"type":"Polygon","properties":{"district":"Kannauj","dt_code":"160","st_nm":"Uttar Pradesh","st_code":"09","year":"2011_c"}},{"arcs":[[-1264,-1325,1341,1342,-1279]],"type":"Polygon","properties":{"district":"Lucknow","dt_code":"157","st_nm":"Uttar Pradesh","st_code":"09","year":"2011_c"}},{"arcs":[[-1327,1343,1344,1345,1346,1347]],"type":"Polygon","properties":{"district":"Jalpaiguri","dt_code":"328","st_nm":"West Bengal","st_code":"19","year":"2011_c"}},{"arcs":[[-1304,1348,1349,1350,-1319]],"type":"Polygon","properties":{"district":"Basti","dt_code":"185","st_nm":"Uttar Pradesh","st_code":"09","year":"2011_c"}},{"arcs":[[-1302,-1312,-1337,1351,1352,1353,1354,1355]],"type":"Polygon","properties":{"district":"Gorakhpur","dt_code":"188","st_nm":"Uttar Pradesh","st_code":"09","year":"2011_c"}},{"arcs":[[-1303,-1356,1356,-1349]],"type":"Polygon","properties":{"district":"Sant Kabir Nagar","dt_code":"186","st_nm":"Uttar Pradesh","st_code":"09","year":"2011_c"}},{"arcs":[[-1268,1357,1358,1359,1360,-1332]],"type":"Polygon","properties":{"district":"Karauli","dt_code":"107","st_nm":"Rajasthan","st_code":"08","year":"2011_c"}},{"arcs":[[-1301,1361,1362,1363,1364,1365]],"type":"Polygon","properties":{"district":"East Champaran","dt_code":"204","st_nm":"Bihar","st_code":"10","year":"2011_c"}},{"arcs":[[-1280,-1343,1366,1367,1368]],"type":"Polygon","properties":{"district":"Unnao","dt_code":"156","st_nm":"Uttar Pradesh","st_code":"09","year":"2011_c"}},{"arcs":[[-1295,-1310,-1341,1369,1370,1371,-1314]],"type":"Polygon","properties":{"district":"Etawah","dt_code":"161","st_nm":"Uttar Pradesh","st_code":"09","year":"2011_c"}},{"arcs":[[-1267,-1317,1372,-1358]],"type":"Polygon","properties":{"district":"Dholpur","dt_code":"106","st_nm":"Rajasthan","st_code":"08","year":"2011_c"}},{"arcs":[[-1281,-1369,1373,1374,1375,-1338]],"type":"Polygon","properties":{"district":"Kanpur Nagar","dt_code":"164","st_nm":"Uttar Pradesh","st_code":"09","year":"2011_c"}},{"arcs":[[-1340,1376,1377,-1370]],"type":"Polygon","properties":{"district":"Auraiya","dt_code":"162","st_nm":"Uttar Pradesh","st_code":"09","year":"2011_c"}},{"arcs":[[-1316,1378,1379,1380,1381,-1359,-1373]],"type":"Polygon","properties":{"district":"Morena","dt_code":"419","st_nm":"Madhya Pradesh","st_code":"23","year":"2011_c"}},{"arcs":[[-1218,-1262,1382,1383,1384,1385]],"type":"Polygon","properties":{"district":"Barmer","dt_code":"115","st_nm":"Rajasthan","st_code":"08","year":"2011_c"}},{"arcs":[[-1320,-1351,1386,1387,1388,-1322]],"type":"Polygon","properties":{"district":"Ayodhya","dt_code":"177","st_nm":"Uttar Pradesh","st_code":"09","year":"2011_c"}},{"arcs":[[-1339,-1376,1389,1390,-1377]],"type":"Polygon","properties":{"district":"Kanpur Dehat","dt_code":"163","st_nm":"Uttar Pradesh","st_code":"09","year":"2011_c"}},{"arcs":[[-1315,-1372,1391,1392,1393,1394,-1379]],"type":"Polygon","properties":{"district":"Bhind","dt_code":"420","st_nm":"Madhya Pradesh","st_code":"23","year":"2011_c"}},{"arcs":[[-1333,-1361,1395,1396,1397,1398]],"type":"Polygon","properties":{"district":"Sawai Madhopur","dt_code":"108","st_nm":"Rajasthan","st_code":"08","year":"2011_c"}},{"arcs":[[-1336,1399,1400,1401,1402,-1352]],"type":"Polygon","properties":{"district":"Deoria","dt_code":"190","st_nm":"Uttar Pradesh","st_code":"09","year":"2011_c"}},{"arcs":[[-1363,1403,1404,1405,1406,1407]],"type":"Polygon","properties":{"district":"Sitamarhi","dt_code":"206","st_nm":"Bihar","st_code":"10","year":"2011_c"}},{"arcs":[[-1253,-1334,-1399,1408,1409,1410]],"type":"Polygon","properties":{"district":"Tonk","dt_code":"120","st_nm":"Rajasthan","st_code":"08","year":"2011_c"}},{"arcs":[[-1364,-1408,1411]],"type":"Polygon","properties":{"district":"Sheohar","dt_code":"205","st_nm":"Bihar","st_code":"10","year":"2011_c"}},{"arcs":[[-1388,1412,1413,1414,1415,1416]],"type":"Polygon","properties":{"district":"Sultanpur","dt_code":"179","st_nm":"Uttar Pradesh","st_code":"09","year":"2011_c"}},{"arcs":[[-1261,-1273,1417,1418,1419,1420,1421,1422,1423,-1383]],"type":"Polygon","properties":{"district":"Pali","dt_code":"118","st_nm":"Rajasthan","st_code":"08","year":"2011_c"}},{"arcs":[[-1297,-1366,1424,1425,1426,-1400,-1335]],"type":"Polygon","properties":{"district":"Gopalganj","dt_code":"217","st_nm":"Bihar","st_code":"10","year":"2011_c"}},{"arcs":[[-1350,-1357,-1355,1427,-1413,-1387]],"type":"Polygon","properties":{"district":"Ambedkar Nagar","dt_code":"178","st_nm":"Uttar Pradesh","st_code":"09","year":"2011_c"}},{"arcs":[[-1324,1428,1429,1430,-1367,-1342]],"type":"Polygon","properties":{"district":"Rae Bareli","dt_code":"158","st_nm":"Uttar Pradesh","st_code":"09","year":"2011_c"}},{"arcs":[[-1371,-1378,-1391,1431,1432,-1392]],"type":"Polygon","properties":{"district":"Jalaun","dt_code":"165","st_nm":"Uttar Pradesh","st_code":"09","year":"2011_c"}},{"arcs":[[-1354,1433,1434,1435,-1414,-1428]],"type":"Polygon","properties":{"district":"Azamgarh","dt_code":"191","st_nm":"Uttar Pradesh","st_code":"09","year":"2011_c"}},{"arcs":[[-1380,-1395,1436,1437]],"type":"Polygon","properties":{"district":"Gwalior","dt_code":"421","st_nm":"Madhya Pradesh","st_code":"23","year":"2011_c"}},{"arcs":[[-1360,-1382,1438,1439,1440,-1396]],"type":"Polygon","properties":{"district":"Sheopur","dt_code":"418","st_nm":"Madhya Pradesh","st_code":"23","year":"2011_c"}},{"arcs":[[-1353,-1403,1441,1442,-1434]],"type":"Polygon","properties":{"district":"Mau","dt_code":"192","st_nm":"Uttar Pradesh","st_code":"09","year":"2011_c"}},{"arcs":[[-1368,-1431,1443,1444,1445,1446,-1374]],"type":"Polygon","properties":{"district":"Fatehpur","dt_code":"172","st_nm":"Uttar Pradesh","st_code":"09","year":"2011_c"}},{"arcs":[[-1402,1447,1448,1449,1450,1451,-1442]],"type":"Polygon","properties":{"district":"Ballia","dt_code":"193","st_nm":"Uttar Pradesh","st_code":"09","year":"2011_c"}},{"arcs":[[-1415,-1436,1452,1453,1454,1455,1456]],"type":"Polygon","properties":{"district":"Jaunpur","dt_code":"194","st_nm":"Uttar Pradesh","st_code":"09","year":"2011_c"}},{"arcs":[[-1410,1457,1458,1459,1460,1461,1462,1463,1464]],"type":"Polygon","properties":{"district":"Bhilwara","dt_code":"122","st_nm":"Rajasthan","st_code":"08","year":"2011_c"}},{"arcs":[[1465,1466,1467,1468,1469,1470]],"type":"Polygon","properties":{"district":"Samastipur","dt_code":"221","st_nm":"Bihar","st_code":"10","year":"2011_c"}},{"arcs":[[-1384,-1424,1471,1472,1473]],"type":"Polygon","properties":{"district":"Jalore","dt_code":"116","st_nm":"Rajasthan","st_code":"08","year":"2011_c"}},{"arcs":[[-1398,1474,1475,-1458,-1409]],"type":"Polygon","properties":{"district":"Bundi","dt_code":"121","st_nm":"Rajasthan","st_code":"08","year":"2011_c"}},{"arcs":[[1476,1477,1478,1479,1480]],"type":"Polygon","properties":{"district":"Katihar","dt_code":"212","st_nm":"Bihar","st_code":"10","year":"2011_c"}},{"arcs":[[-1393,-1433,1481,1482,1483,1484,1485,1486,1487,1488,1489]],"type":"Polygon","properties":{"district":"Jhansi","dt_code":"166","st_nm":"Uttar Pradesh","st_code":"09","year":"2011_c"}},{"arcs":[[-1381,-1438,1490,-1489,1491,1492,1493,1494,1495,-1439]],"type":"Polygon","properties":{"district":"Shivpuri","dt_code":"423","st_nm":"Madhya Pradesh","st_code":"23","year":"2011_c"}},{"arcs":[[-1397,-1441,1496,1497,1498,1499,-1475]],"type":"Polygon","properties":{"district":"Kota","dt_code":"127","st_nm":"Rajasthan","st_code":"08","year":"2011_c"}},{"arcs":[[-1446,1500,1501,1502,1503,1504,1505]],"type":"Polygon","properties":{"district":"Banda","dt_code":"170","st_nm":"Uttar Pradesh","st_code":"09","year":"2011_c"}},{"arcs":[[-1435,-1443,-1452,1506,1507,1508,1509,-1453]],"type":"Polygon","properties":{"district":"Ghazipur","dt_code":"195","st_nm":"Uttar Pradesh","st_code":"09","year":"2011_c"}},{"arcs":[[-1444,1510,1511,1512]],"type":"Polygon","properties":{"district":"Kaushambi","dt_code":"174","st_nm":"Uttar Pradesh","st_code":"09","year":"2011_c"}},{"arcs":[[-1466,1513,1514,1515,1516,1517,1518]],"type":"Polygon","properties":{"district":"Khagaria","dt_code":"223","st_nm":"Bihar","st_code":"10","year":"2011_c"}},{"arcs":[[-1450,1519,1520,1521,1522,1523]],"type":"Polygon","properties":{"district":"Bhojpur","dt_code":"231","st_nm":"Bihar","st_code":"10","year":"2011_c"}},{"arcs":[[-1456,1524,1525,1526,1527,-1512,1528]],"type":"Polygon","properties":{"district":"Prayagraj","dt_code":"175","st_nm":"Uttar Pradesh","st_code":"09","year":"2011_c"}},{"arcs":[[-1451,-1524,1529,1530,-1507]],"type":"Polygon","properties":{"district":"Buxar","dt_code":"232","st_nm":"Bihar","st_code":"10","year":"2011_c"}},{"arcs":[[1531,1532,1533]],"type":"Polygon","properties":{"district":"Dakshin Dinajpur","dt_code":"331","st_nm":"West Bengal","st_code":"19","year":"2011_c"}},{"arcs":[[-1477,1534,-1533,1535,1536,1537]],"type":"Polygon","properties":{"district":"Malda","dt_code":"332","st_nm":"West Bengal","st_code":"19","year":"2011_c"}},{"arcs":[[-1485,1538,1539,1540]],"type":"Polygon","properties":{"district":"Tikamgarh","dt_code":"424","st_nm":"Madhya Pradesh","st_code":"23","year":"2011_c"}},{"arcs":[[-1454,-1510,1541,1542,1543]],"type":"Polygon","properties":{"district":"Varanasi","dt_code":"197","st_nm":"Uttar Pradesh","st_code":"09","year":"2011_c"}},{"arcs":[[-1406,1544,1545,-1514,-1471,1546]],"type":"Polygon","properties":{"district":"Darbhanga","dt_code":"215","st_nm":"Bihar","st_code":"10","year":"2011_c"}},{"arcs":[[-1515,-1546,1547,1548,1549]],"type":"Polygon","properties":{"district":"Saharsa","dt_code":"214","st_nm":"Bihar","st_code":"10","year":"2011_c"}},{"arcs":[[-1423,1550,1551,1552,-1472]],"type":"Polygon","properties":{"district":"Sirohi","dt_code":"117","st_nm":"Rajasthan","st_code":"08","year":"2011_c"}},{"arcs":[[-1445,-1513,-1528,1553,1554,-1501]],"type":"Polygon","properties":{"district":"Chitrakoot","dt_code":"171","st_nm":"Uttar Pradesh","st_code":"09","year":"2011_c"}},{"arcs":[[-1509,1555,1556,1557,-1542]],"type":"Polygon","properties":{"district":"Chandauli","dt_code":"196","st_nm":"Uttar Pradesh","st_code":"09","year":"2011_c"}},{"arcs":[[-1455,-1544,1558,-1525]],"type":"Polygon","properties":{"district":"Bhadohi","dt_code":"198","st_nm":"Uttar Pradesh","st_code":"09","year":"2011_c"}},{"arcs":[[-1440,-1496,1559,1560,-1497]],"type":"Polygon","properties":{"district":"Baran","dt_code":"128","st_nm":"Rajasthan","st_code":"08","year":"2011_c"}},{"arcs":[[-1478,-1538,1561,1562,1563,1564]],"type":"Polygon","properties":{"district":"Sahibganj","dt_code":"352","st_nm":"Jharkhand","st_code":"20","year":"2011_c"}},{"arcs":[[-1508,-1531,1565,1566,-1556]],"type":"Polygon","properties":{"district":"Kaimur","dt_code":"233","st_nm":"Bihar","st_code":"10","year":"2011_c"}},{"arcs":[[-1523,1567,1568,1569,1570,1571,-1566,-1530]],"type":"Polygon","properties":{"district":"Rohtas","dt_code":"234","st_nm":"Bihar","st_code":"10","year":"2011_c"}},{"arcs":[[-1422,1572,1573,1574,1575,1576,1577,-1551]],"type":"Polygon","properties":{"district":"Udaipur","dt_code":"130","st_nm":"Rajasthan","st_code":"08","year":"2011_c"}},{"arcs":[[-1564,1578,1579,1580,1581]],"type":"Polygon","properties":{"district":"Godda","dt_code":"351","st_nm":"Jharkhand","st_code":"20","year":"2011_c"}},{"arcs":[[-1526,-1559,-1543,-1558,1582,1583,1584]],"type":"Polygon","properties":{"district":"Mirzapur","dt_code":"199","st_nm":"Uttar Pradesh","st_code":"09","year":"2011_c"}},{"arcs":[[-1487,1585,-1540,1586,1587,1588,-1493,1589]],"type":"Polygon","properties":{"district":"Lalitpur","dt_code":"167","st_nm":"Uttar Pradesh","st_code":"09","year":"2011_c"}},{"arcs":[[1590,1591,1592,1593,1594,1595,1596]],"type":"Polygon","properties":{"district":"Jamui","dt_code":"238","st_nm":"Bihar","st_code":"10","year":"2011_c"}},{"arcs":[[-1460,1597,1598,1599,1600]],"type":"Polygon","properties":{"district":"Neemuch","dt_code":"432","st_nm":"Madhya Pradesh","st_code":"23","year":"2011_c"}},{"arcs":[[-1581,1601,1602,-1591,1603,1604]],"type":"Polygon","properties":{"district":"Banka","dt_code":"225","st_nm":"Bihar","st_code":"10","year":"2011_c"}},{"arcs":[[-1527,-1585,1605,1606,1607,-1554]],"type":"Polygon","properties":{"district":"Rewa","dt_code":"430","st_nm":"Madhya Pradesh","st_code":"23","year":"2011_c"}},{"arcs":[[-1502,-1555,-1608,1608,1609,1610,1611,1612]],"type":"Polygon","properties":{"district":"Satna","dt_code":"429","st_nm":"Madhya Pradesh","st_code":"23","year":"2011_c"}},{"arcs":[[-1495,1613,1614,1615,1616,1617,-1560]],"type":"Polygon","properties":{"district":"Guna","dt_code":"458","st_nm":"Madhya Pradesh","st_code":"23","year":"2011_c"}},{"arcs":[[-1594,1618,1619,1620,1621,1622]],"type":"Polygon","properties":{"district":"Nawada","dt_code":"237","st_nm":"Bihar","st_code":"10","year":"2011_c"}},{"arcs":[[-1621,1623,1624,1625,1626,1627,1628,1629,1630]],"type":"Polygon","properties":{"district":"Gaya","dt_code":"236","st_nm":"Bihar","st_code":"10","year":"2011_c"}},{"arcs":[[-1494,-1589,1631,1632,-1614]],"type":"Polygon","properties":{"district":"Ashoknagar","dt_code":"459","st_nm":"Madhya Pradesh","st_code":"23","year":"2011_c"}},{"arcs":[[-1498,-1561,-1618,1633,1634,1635,1636]],"type":"Polygon","properties":{"district":"Jhalawar","dt_code":"129","st_nm":"Rajasthan","st_code":"08","year":"2011_c"}},{"arcs":[[-1537,1637,1638,1639,1640,1641,-1562]],"type":"Polygon","properties":{"district":"Murshidabad","dt_code":"333","st_nm":"West Bengal","st_code":"19","year":"2011_c"}},{"arcs":[[-1557,-1567,-1572,1642,1643,1644,-1583]],"type":"Polygon","properties":{"district":"Sonbhadra","dt_code":"200","st_nm":"Uttar Pradesh","st_code":"09","year":"2011_c"}},{"arcs":[[-1563,-1642,1645,1646,-1579]],"type":"Polygon","properties":{"district":"Pakur","dt_code":"353","st_nm":"Jharkhand","st_code":"20","year":"2011_c"}},{"arcs":[[-1499,-1637,1647,1648,-1599,1649]],"type":"Polygon","properties":{"district":"Mandsaur","dt_code":"433","st_nm":"Madhya Pradesh","st_code":"23","year":"2011_c"}},{"arcs":[[-1518,1650,-1604,-1597,1651,1652]],"type":"Polygon","properties":{"district":"Munger","dt_code":"226","st_nm":"Bihar","st_code":"10","year":"2011_c"}},{"arcs":[[-1593,1653,1654,1655,1656,1657,1658,-1619]],"type":"Polygon","properties":{"district":"Giridih","dt_code":"349","st_nm":"Jharkhand","st_code":"20","year":"2011_c"}},{"arcs":[[-1580,-1647,1659,1660,1661,-1602]],"type":"Polygon","properties":{"district":"Dumka","dt_code":"362","st_nm":"Jharkhand","st_code":"20","year":"2011_c"}},{"arcs":[[-1584,-1645,1662,1663,1664,1665,-1606]],"type":"Polygon","properties":{"district":"Singrauli","dt_code":"463","st_nm":"Madhya Pradesh","st_code":"23","year":"2011_c"}},{"arcs":[[-1641,1666,1667,1668,-1660,-1646]],"type":"Polygon","properties":{"district":"Birbhum","dt_code":"334","st_nm":"West Bengal","st_code":"19","year":"2011_c"}},{"arcs":[[-1592,-1603,-1662,1669,-1654]],"type":"Polygon","properties":{"district":"Deoghar","dt_code":"350","st_nm":"Jharkhand","st_code":"20","year":"2011_c"}},{"arcs":[[-1570,1670,-1627,1671,1672,1673]],"type":"Polygon","properties":{"district":"Palamu","dt_code":"358","st_nm":"Jharkhand","st_code":"20","year":"2011_c"}},{"arcs":[[-1607,-1666,1674,1675,-1609]],"type":"Polygon","properties":{"district":"Sidhi","dt_code":"462","st_nm":"Madhya Pradesh","st_code":"23","year":"2011_c"}},{"arcs":[[-1626,1676,1677,1678,-1672]],"type":"Polygon","properties":{"district":"Chatra","dt_code":"347","st_nm":"Jharkhand","st_code":"20","year":"2011_c"}},{"arcs":[[-1571,-1674,1679,1680,-1643]],"type":"Polygon","properties":{"district":"Garhwa","dt_code":"346","st_nm":"Jharkhand","st_code":"20","year":"2011_c"}},{"arcs":[[-1588,1681,1682,1683,1684,1685,-1632]],"type":"Polygon","properties":{"district":"Sagar","dt_code":"427","st_nm":"Madhya Pradesh","st_code":"23","year":"2011_c"}},{"arcs":[[1686,1687,1688,1689]],"type":"Polygon","properties":{"district":"Patan","dt_code":"470","st_nm":"Gujarat","st_code":"24","year":"2011_c"}},{"arcs":[[-1683,1690,1691,1692,1693,1694]],"type":"Polygon","properties":{"district":"Damoh","dt_code":"428","st_nm":"Madhya Pradesh","st_code":"23","year":"2011_c"}},{"arcs":[[1695,1696,1697,1698,1699]],"type":"Polygon","properties":{"district":"Shajapur","dt_code":"436","st_nm":"Madhya Pradesh","st_code":"23","year":"2011_c"}},{"arcs":[[-1615,-1633,-1686,1700,1701]],"type":"Polygon","properties":{"district":"Vidisha","dt_code":"443","st_nm":"Madhya Pradesh","st_code":"23","year":"2011_c"}},{"arcs":[[1702,1703,1704,1705,1706,-1688]],"type":"Polygon","properties":{"district":"Mehsana","dt_code":"471","st_nm":"Gujarat","st_code":"24","year":"2011_c"}},{"arcs":[[-1617,1707,1708,-1700,1709,-1634]],"type":"Polygon","properties":{"district":"Rajgarh","dt_code":"442","st_nm":"Madhya Pradesh","st_code":"23","year":"2011_c"}},{"arcs":[[-1610,-1676,1710,1711,1712]],"type":"Polygon","properties":{"district":"Shahdol","dt_code":"460","st_nm":"Madhya Pradesh","st_code":"23","year":"2011_c"}},{"arcs":[[-1639,1713,1714,1715,1716]],"type":"Polygon","properties":{"district":"Nadia","dt_code":"336","st_nm":"West Bengal","st_code":"19","year":"2011_c"}},{"arcs":[[-1655,-1670,-1661,-1669,1717,1718]],"type":"Polygon","properties":{"district":"Jamtara","dt_code":"363","st_nm":"Jharkhand","st_code":"20","year":"2011_c"}},{"arcs":[[-1576,1719,1720,1721,1722]],"type":"Polygon","properties":{"district":"Dungarpur","dt_code":"124","st_nm":"Rajasthan","st_code":"08","year":"2011_c"}},{"arcs":[[-1612,1723,1724,-1693,1725]],"type":"Polygon","properties":{"district":"Katni","dt_code":"450","st_nm":"Madhya Pradesh","st_code":"23","year":"2011_c"}},{"arcs":[[-1656,-1719,1726,1727,1728]],"type":"Polygon","properties":{"district":"Dhanbad","dt_code":"354","st_nm":"Jharkhand","st_code":"20","year":"2011_c"}},{"arcs":[[-1721,1729,1730,1731,1732,1733]],"type":"Polygon","properties":{"district":"Banswara","dt_code":"125","st_nm":"Rajasthan","st_code":"08","year":"2011_c"}},{"arcs":[[-1611,-1713,1734,1735,1736,-1724]],"type":"Polygon","properties":{"district":"Umaria","dt_code":"431","st_nm":"Madhya Pradesh","st_code":"23","year":"2011_c"}},{"arcs":[[-1673,-1679,1737,1738,1739,1740,-1680]],"type":"Polygon","properties":{"district":"Latehar","dt_code":"359","st_nm":"Jharkhand","st_code":"20","year":"2011_c"}},{"arcs":[[-1636,1741,1742,1743,-1731,1744,-1648]],"type":"Polygon","properties":{"district":"Ratlam","dt_code":"434","st_nm":"Madhya Pradesh","st_code":"23","year":"2011_c"}},{"arcs":[[-1657,-1729,1745,1746,1747]],"type":"Polygon","properties":{"district":"Bokaro","dt_code":"355","st_nm":"Jharkhand","st_code":"20","year":"2011_c"}},{"arcs":[[-1747,1748,1749,1750]],"type":"Polygon","properties":{"district":"Ramgarh","dt_code":"361","st_nm":"Jharkhand","st_code":"20","year":"2011_c"}},{"arcs":[[-1616,-1702,1751,1752,-1708]],"type":"Polygon","properties":{"district":"Bhopal","dt_code":"444","st_nm":"Madhya Pradesh","st_code":"23","year":"2011_c"}},{"arcs":[[-1640,-1717,1753,1754,1755,-1667]],"type":"Polygon","properties":{"district":"Purba Bardhaman","dt_code":"335","st_nm":"West Bengal","st_code":"19","year":"2011_c"}},{"arcs":[[-824,1756,-1711,-1675,-1665,1757,1758]],"type":"Polygon","properties":{"district":"Koriya","dt_code":"400","st_nm":"Chhattisgarh","st_code":"22","year":"2011_c"}},{"arcs":[[1759,-1698,1760,1761,1762,-1742]],"type":"Polygon","properties":{"district":"Ujjain","dt_code":"435","st_nm":"Madhya Pradesh","st_code":"23","year":"2011_c"}},{"arcs":[[-1705,1763,1764,1765,1766]],"type":"Polygon","properties":{"district":"Gandhinagar","dt_code":"473","st_nm":"Gujarat","st_code":"24","year":"2011_c"}},{"arcs":[[-792,1767,-1706,-1767,1768,1769,1770,-807]],"type":"Polygon","properties":{"district":"Ahmedabad","dt_code":"474","st_nm":"Gujarat","st_code":"24","year":"2011_c"}},{"arcs":[[-1685,1771,1772,1773,-1752,-1701]],"type":"Polygon","properties":{"district":"Raisen","dt_code":"446","st_nm":"Madhya Pradesh","st_code":"23","year":"2011_c"}},{"arcs":[[-801,1774,1775,1776,-1749,-1746,-1728,1777,1778]],"type":"Polygon","properties":{"district":"Purulia","dt_code":"340","st_nm":"West Bengal","st_code":"19","year":"2011_c"}},{"arcs":[[-708,1779,-1696,-1709,-1753,-1774,1780]],"type":"Polygon","properties":{"district":"Sehore","dt_code":"445","st_nm":"Madhya Pradesh","st_code":"23","year":"2011_c"}},{"arcs":[[-1678,1781,-1750,-1777,1782,1783,1784,1785,-1738]],"type":"Polygon","properties":{"district":"Ranchi","dt_code":"364","st_nm":"Jharkhand","st_code":"20","year":"2011_c"}},{"arcs":[[-687,-802,-1779,1786,-1755,1787]],"type":"Polygon","properties":{"district":"Bankura","dt_code":"339","st_nm":"West Bengal","st_code":"19","year":"2011_c"}},{"arcs":[[-1739,-1786,1788]],"type":"Polygon","properties":{"district":"Lohardaga","dt_code":"356","st_nm":"Jharkhand","st_code":"20","year":"2011_c"}},{"arcs":[[-681,1789,1790,1791,-794]],"type":"Polygon","properties":{"district":"Panchmahal","dt_code":"484","st_nm":"Gujarat","st_code":"24","year":"2011_c"}},{"arcs":[[-693,1792,-1694,-1725,-1737,1793,1794]],"type":"Polygon","properties":{"district":"Jabalpur","dt_code":"451","st_nm":"Madhya Pradesh","st_code":"23","year":"2011_c"}},{"arcs":[[-1740,-1789,-1785,1795,1796,1797,1798]],"type":"Polygon","properties":{"district":"Gumla","dt_code":"366","st_nm":"Jharkhand","st_code":"20","year":"2011_c"}},{"arcs":[[-698,-795,-1792,1799,-1733,1800]],"type":"Polygon","properties":{"district":"Dahod","dt_code":"485","st_nm":"Gujarat","st_code":"24","year":"2011_c"}},{"arcs":[[-707,-741,-713,1801,-1761,-1697,-1780]],"type":"Polygon","properties":{"district":"Dewas","dt_code":"437","st_nm":"Madhya Pradesh","st_code":"23","year":"2011_c"}},{"arcs":[[-823,1802,-1735,-1712,-1757]],"type":"Polygon","properties":{"district":"Anuppur","dt_code":"461","st_nm":"Madhya Pradesh","st_code":"23","year":"2011_c"}},{"arcs":[[-699,-1801,-1732,-1744,1803]],"type":"Polygon","properties":{"district":"Jhabua","dt_code":"464","st_nm":"Madhya Pradesh","st_code":"23","year":"2011_c"}},{"arcs":[[-640,1804,1805,1806,-1715,1807]],"type":"Polygon","properties":{"district":"North 24 Parganas","dt_code":"337","st_nm":"West Bengal","st_code":"19","year":"2011_c"}},{"arcs":[[-740,1808,-1794,-1736,-1803,-822,-788]],"type":"Polygon","properties":{"district":"Dindori","dt_code":"453","st_nm":"Madhya Pradesh","st_code":"23","year":"2011_c"}},{"arcs":[[-682,-1788,-1754,-1716,-1807,1809]],"type":"Polygon","properties":{"district":"Hooghly","dt_code":"338","st_nm":"West Bengal","st_code":"19","year":"2011_c"}},{"arcs":[[-1784,1810,1811,1812,-1796]],"type":"Polygon","properties":{"district":"Khunti","dt_code":"365","st_nm":"Jharkhand","st_code":"20","year":"2011_c"}},{"arcs":[[-692,-704,1813,-1772,-1684,-1695,-1793]],"type":"Polygon","properties":{"district":"Narsinghpur","dt_code":"452","st_nm":"Madhya Pradesh","st_code":"23","year":"2011_c"}},{"arcs":[[-694,-1804,-1743,-1763,1814,-711,-758]],"type":"Polygon","properties":{"district":"Dhar","dt_code":"438","st_nm":"Madhya Pradesh","st_code":"23","year":"2011_c"}},{"arcs":[[-731,-821,1815,1816,-1798,1817]],"type":"Polygon","properties":{"district":"Jashpur","dt_code":"402","st_nm":"Chhattisgarh","st_code":"22","year":"2011_c"}},{"arcs":[[-712,-1815,-1762,-1802]],"type":"Polygon","properties":{"district":"Indore","dt_code":"439","st_nm":"Madhya Pradesh","st_code":"23","year":"2011_c"}},{"arcs":[[-722,1818,-1811,-1783,-1776,1819]],"type":"Polygon","properties":{"district":"Saraikela-Kharsawan","dt_code":"369","st_nm":"Jharkhand","st_code":"20","year":"2011_c"}},{"arcs":[[-688,-1795,-1809,-739,-750]],"type":"Polygon","properties":{"district":"Mandla","dt_code":"454","st_nm":"Madhya Pradesh","st_code":"23","year":"2011_c"}},{"arcs":[[-723,-1820,-1775,-800]],"type":"Polygon","properties":{"district":"East Singhbhum","dt_code":"357","st_nm":"Jharkhand","st_code":"20","year":"2011_c"}},{"arcs":[[-703,-809,-709,-1781,-1773,-1814]],"type":"Polygon","properties":{"district":"Hoshangabad","dt_code":"449","st_nm":"Madhya Pradesh","st_code":"23","year":"2011_c"}},{"arcs":[[-762,-825,-1759,1820,1821,-819]],"type":"Polygon","properties":{"district":"Korba","dt_code":"404","st_nm":"Chhattisgarh","st_code":"22","year":"2011_c"}},{"arcs":[[-721,-766,-733,1822,-1812,-1819]],"type":"Polygon","properties":{"district":"West Singhbhum","dt_code":"368","st_nm":"Jharkhand","st_code":"20","year":"2011_c"}},{"arcs":[[-638,1823,-715,-683,-1810,-1806,1824]],"type":"Polygon","properties":{"district":"Howrah","dt_code":"341","st_nm":"West Bengal","st_code":"19","year":"2011_c"}},{"arcs":[[-732,-1818,-1797,-1813,-1823]],"type":"Polygon","properties":{"district":"Simdega","dt_code":"367","st_nm":"Jharkhand","st_code":"20","year":"2011_c"}},{"arcs":[[-639,-1825,-1805]],"type":"Polygon","properties":{"district":"Kolkata","dt_code":"342","st_nm":"West Bengal","st_code":"19","year":"2011_c"}},{"arcs":[[-1620,-1659,1825,-1624]],"type":"Polygon","properties":{"district":"Koderma","dt_code":"348","st_nm":"Jharkhand","st_code":"20","year":"2011_c"}},{"arcs":[[-1625,-1826,-1658,-1748,-1751,-1782,-1677]],"type":"Polygon","properties":{"district":"Hazaribagh","dt_code":"360","st_nm":"Jharkhand","st_code":"20","year":"2011_c"}},{"arcs":[[-1469,1826,1827,1828]],"type":"Polygon","properties":{"district":"Vaishali","dt_code":"220","st_nm":"Bihar","st_code":"10","year":"2011_c"}},{"arcs":[[-1467,-1519,-1653,1829,1830]],"type":"Polygon","properties":{"district":"Begusarai","dt_code":"222","st_nm":"Bihar","st_code":"10","year":"2011_c"}},{"arcs":[[-1479,-1565,-1582,-1605,-1651,-1517,1831,1832]],"type":"Polygon","properties":{"district":"Bhagalpur","dt_code":"224","st_nm":"Bihar","st_code":"10","year":"2011_c"}},{"arcs":[[-1596,1833,1834,1835,-1830,-1652]],"type":"Polygon","properties":{"district":"Lakhisarai","dt_code":"227","st_nm":"Bihar","st_code":"10","year":"2011_c"}},{"arcs":[[-1595,-1623,1836,-1834]],"type":"Polygon","properties":{"district":"Sheikhpura","dt_code":"228","st_nm":"Bihar","st_code":"10","year":"2011_c"}},{"arcs":[[-1522,1837,1838,-1629,1839,-1568]],"type":"Polygon","properties":{"district":"Arwal","dt_code":"240","st_nm":"Bihar","st_code":"10","year":"2011_c"}},{"arcs":[[-1630,-1839,1840,1841]],"type":"Polygon","properties":{"district":"Jehanabad","dt_code":"239","st_nm":"Bihar","st_code":"10","year":"2011_c"}},{"arcs":[[-1622,-1631,-1842,1842,-1835,-1837]],"type":"Polygon","properties":{"district":"Nalanda","dt_code":"229","st_nm":"Bihar","st_code":"10","year":"2011_c"}},{"arcs":[[-1468,-1831,-1836,-1843,-1841,-1838,-1521,1843,-1827]],"type":"Polygon","properties":{"district":"Patna","dt_code":"230","st_nm":"Bihar","st_code":"10","year":"2011_c"}},{"arcs":[[-1426,1844,-1828,-1844,-1520,-1449,1845]],"type":"Polygon","properties":{"district":"Saran","dt_code":"219","st_nm":"Bihar","st_code":"10","year":"2011_c"}},{"arcs":[[-1401,-1427,-1846,-1448]],"type":"Polygon","properties":{"district":"Siwan","dt_code":"218","st_nm":"Bihar","st_code":"10","year":"2011_c"}},{"arcs":[[-1412,-1407,-1547,-1470,-1829,-1845,-1425,-1365]],"type":"Polygon","properties":{"district":"Muzaffarpur","dt_code":"216","st_nm":"Bihar","st_code":"10","year":"2011_c"}},{"arcs":[[-1516,-1550,1846,1847,1848,-1832]],"type":"Polygon","properties":{"district":"Madhepura","dt_code":"213","st_nm":"Bihar","st_code":"10","year":"2011_c"}},{"arcs":[[-1848,1849,1850,1851,1852]],"type":"Polygon","properties":{"district":"Araria","dt_code":"209","st_nm":"Bihar","st_code":"10","year":"2011_c"}},{"arcs":[[-1549,1853,1854,-1850,-1847]],"type":"Polygon","properties":{"district":"Supaul","dt_code":"208","st_nm":"Bihar","st_code":"10","year":"2011_c"}},{"arcs":[[-1405,1855,-1854,-1548,-1545]],"type":"Polygon","properties":{"district":"Madhubani","dt_code":"207","st_nm":"Bihar","st_code":"10","year":"2011_c"}},{"arcs":[[-1480,-1833,-1849,-1853,1856,1857]],"type":"Polygon","properties":{"district":"Purnia","dt_code":"211","st_nm":"Bihar","st_code":"10","year":"2011_c"}},{"arcs":[[-1664,1858,1859,-1821,-1758]],"type":"Polygon","properties":{"district":"Surajpur","dt_code":"715","st_nm":"Chhattisgarh","st_code":"22","year":"update2014"}},{"arcs":[[-820,-1822,-1860,1860,-1816]],"type":"Polygon","properties":{"district":"Surguja","dt_code":"401","st_nm":"Chhattisgarh","st_code":"22","year":"2011_c"}},{"arcs":[[-1577,-1723,1861,1862,-1765,1863]],"type":"Polygon","properties":{"district":"Aravalli","dt_code":"725","st_nm":"Gujarat","st_code":"24","year":"update2014"}},{"arcs":[[-1722,-1734,-1800,-1791,1864,-1862]],"type":"Polygon","properties":{"district":"Mahisagar","dt_code":"730","st_nm":"Gujarat","st_code":"24","year":"update2014"}},{"arcs":[[-1323,-1389,-1417,1865,-1429]],"type":"Polygon","properties":{"district":"Amethi","dt_code":"706","st_nm":"Uttar Pradesh","st_code":"09","year":"update2014"}},{"arcs":[[-1157,-1186,-1165,1866,1867]],"type":"Polygon","properties":{"district":"Ghaziabad","dt_code":"140","st_nm":"Uttar Pradesh","st_code":"09","year":"2011_c"}},{"arcs":[[-1635,-1710,-1699,-1760]],"type":"Polygon","properties":{"district":"Agar Malwa","dt_code":"724","st_nm":"Madhya Pradesh","st_code":"23","year":"update2014"}},{"arcs":[[-1145,1868,-1213,-1242,-1180]],"type":"Polygon","properties":{"district":"Sambhal","dt_code":"754","st_nm":"Uttar Pradesh","st_code":"09","year":"2011_c"}},{"arcs":[[-1169,-1208,-1201,1869,1870]],"type":"Polygon","properties":{"district":"Charkhi Dadri","dt_code":"765","st_nm":"Haryana","st_code":"06","year":"2016_c"}},{"arcs":[[-938,1871,-1346,1872]],"type":"Polygon","properties":{"district":"Alipurduar","dt_code":"774","st_nm":"West Bengal","st_code":"19","year":"2014_c"}},{"arcs":[[-1668,-1756,-1787,-1778,-1727,-1718]],"type":"Polygon","properties":{"district":"Paschim Bardhaman","dt_code":"777","st_nm":"West Bengal","st_code":"19","year":"2017_c"}},{"arcs":[[-1290,-1293,1873,-1344,-1326]],"type":"Polygon","properties":{"district":"Kalimpong","dt_code":"775","st_nm":"West Bengal","st_code":"19","year":"2017_c"}},{"arcs":[[-1254,-1411,-1465,1874,-1463,1875,-1418,-1272]],"type":"Polygon","properties":{"district":"Ajmer","dt_code":"119","st_nm":"Rajasthan","st_code":"08","year":"2011_c"}},{"arcs":[[-937,-964,1877,-1347,-1872]],"type":"Polygon","properties":{"district":"Cooch Behar","dt_code":"329","st_nm":"West Bengal","st_code":"19","year":"2011_c"}},{"arcs":[[-1329,1878,-1534,-1535,-1481,-1858,1879]],"type":"Polygon","properties":{"district":"Uttar Dinajpur","dt_code":"330","st_nm":"West Bengal","st_code":"19","year":"2011_c"}},{"arcs":[[[-1394,-1490,-1491,-1437]],[[-1488,-1590,-1492]]],"type":"MultiPolygon","properties":{"district":"Datia","dt_code":"422","st_nm":"Madhya Pradesh","st_code":"23","year":"2011_c"}},{"arcs":[[-1419,-1876,-1462,1880,-1573,-1421,-1877]],"type":"Polygon","properties":{"district":"Rajsamand","dt_code":"123","st_nm":"Rajasthan","st_code":"08","year":"2011_c"}},{"arcs":[[-1483,1881,-1505,1882]],"type":"Polygon","properties":{"district":"Mahoba","dt_code":"169","st_nm":"Uttar Pradesh","st_code":"09","year":"2011_c"}},{"arcs":[[-1883,-1504,1883,-1691,-1682,-1587,-1539,-1484]],"type":"Polygon","properties":{"district":"Chhatarpur","dt_code":"425","st_nm":"Madhya Pradesh","st_code":"23","year":"2011_c"}},{"arcs":[[[-1459,-1476,-1500,-1650,-1598]],[[-1461,-1601,1884,-1574,-1881]]],"type":"MultiPolygon","properties":{"district":"Chittorgarh","dt_code":"126","st_nm":"Rajasthan","st_code":"08","year":"2011_c"}},{"arcs":[[-1503,-1613,-1726,-1692,-1884]],"type":"Polygon","properties":{"district":"Panna","dt_code":"426","st_nm":"Madhya Pradesh","st_code":"23","year":"2011_c"}},{"arcs":[[-1552,-1578,-1864,-1764,-1704,1885]],"type":"Polygon","properties":{"district":"Sabarkantha","dt_code":"472","st_nm":"Gujarat","st_code":"24","year":"2011_c"}},{"arcs":[[-1385,-1474,1886,-1690,1887,1888,1889]],"type":"Polygon","properties":{"district":"Kutch","dt_code":"468","st_nm":"Gujarat","st_code":"24","year":"2011_c"}},{"arcs":[[-791,-805,1890,-1888,-1689,-1707,-1768]],"type":"Polygon","properties":{"district":"Surendranagar","dt_code":"475","st_nm":"Gujarat","st_code":"24","year":"2011_c"}},{"arcs":[[-680,1891,-1769,-1766,-1863,-1865,-1790]],"type":"Polygon","properties":{"district":"Kheda","dt_code":"483","st_nm":"Gujarat","st_code":"24","year":"2011_c"}},{"arcs":[[-679,1892,-1770,-1892]],"type":"Polygon","properties":{"district":"Anand","dt_code":"482","st_nm":"Gujarat","st_code":"24","year":"2011_c"}},{"arcs":[[-1330,-1880,-1857,-1852,1893]],"type":"Polygon","properties":{"district":"Kishanganj","dt_code":"210","st_nm":"Bihar","st_code":"10","year":"2011_c"}},{"arcs":[[-804,-814,1894,-1889,-1891]],"type":"Polygon","properties":{"district":"Morbi","dt_code":"727","st_nm":"Gujarat","st_code":"24","year":"update2014"}},{"arcs":[[1895,1896,1897,1898,1899,1900,1901]],"type":"Polygon","properties":{"district":"Leh","dt_code":"003","st_nm":"Ladakh","st_code":"38","year":"2011_c"}},{"arcs":[[-1897,1902,1903,1904,1905]],"type":"Polygon","properties":{"district":"Kargil","dt_code":"004","st_nm":"Ladakh","st_code":"38","year":"2011_c"}},{"arcs":[[-1900,1906,1907,1908]],"type":"Polygon","properties":{"district":"Kupwara","dt_code":"001","st_nm":"Jammu and Kashmir","st_code":"01","year":"2011_c"}},{"arcs":[[-1899,1909,1910,1911,-1907]],"type":"Polygon","properties":{"district":"Bandipora","dt_code":"009","st_nm":"Jammu and Kashmir","st_code":"01","year":"2011_c"}},{"arcs":[[-1908,-1912,1912,1913,1914,1915]],"type":"Polygon","properties":{"district":"Baramulla","dt_code":"008","st_nm":"Jammu and Kashmir","st_code":"01","year":"2011_c"}},{"arcs":[[-1898,-1906,1916,1917,-1910]],"type":"Polygon","properties":{"district":"Ganderbal","dt_code":"011","st_nm":"Jammu and Kashmir","st_code":"01","year":"2011_c"}},{"arcs":[[-1905,1918,1919,1920,1921,1922,1923,1924,-1917]],"type":"Polygon","properties":{"district":"Anantnag","dt_code":"014","st_nm":"Jammu and Kashmir","st_code":"01","year":"2011_c"}},{"arcs":[[-1904,1925,1926,1927,-1919]],"type":"Polygon","properties":{"district":"Kishtwar","dt_code":"018","st_nm":"Jammu and Kashmir","st_code":"01","year":"2011_c"}},{"arcs":[[-1911,-1918,-1925,1928,1929,-1913]],"type":"Polygon","properties":{"district":"Srinagar","dt_code":"010","st_nm":"Jammu and Kashmir","st_code":"01","year":"2011_c"}},{"arcs":[[-1914,-1930,1930,1931,1932,1933]],"type":"Polygon","properties":{"district":"Budgam","dt_code":"002","st_nm":"Jammu and Kashmir","st_code":"01","year":"2011_c"}},{"arcs":[[-1924,1934,-1931,-1929]],"type":"Polygon","properties":{"district":"Pulwama","dt_code":"012","st_nm":"Jammu and Kashmir","st_code":"01","year":"2011_c"}},{"arcs":[[-1915,-1934,1935,1936,1937,1938,1939]],"type":"Polygon","properties":{"district":"Punch","dt_code":"005","st_nm":"Jammu and Kashmir","st_code":"01","year":"2011_c"}},{"arcs":[[-1923,1940,-1932,-1935]],"type":"Polygon","properties":{"district":"Shopiyan","dt_code":"013","st_nm":"Jammu and Kashmir","st_code":"01","year":"2011_c"}},{"arcs":[[1941,1942,1943,-1936,-1933,-1941,-1922]],"type":"Polygon","properties":{"district":"Kulgam","dt_code":"015","st_nm":"Jammu and Kashmir","st_code":"01","year":"2011_c"}},{"arcs":[[-1937,-1944,1944,1945,1946]],"type":"Polygon","properties":{"district":"Rajouri","dt_code":"006","st_nm":"Jammu and Kashmir","st_code":"01","year":"2011_c"}},{"arcs":[[-1921,1947,1948,1949,-1942]],"type":"Polygon","properties":{"district":"Ramban","dt_code":"017","st_nm":"Jammu and Kashmir","st_code":"01","year":"2011_c"}},{"arcs":[[-1943,-1950,1950,1951,-1945]],"type":"Polygon","properties":{"district":"Reasi","dt_code":"020","st_nm":"Jammu and Kashmir","st_code":"01","year":"2011_c"}},{"arcs":[[-1920,-1928,1952,1953,1954,-1948]],"type":"Polygon","properties":{"district":"Doda","dt_code":"016","st_nm":"Jammu and Kashmir","st_code":"01","year":"2011_c"}},{"arcs":[[-1896,1955,1956,1957,1958,1959,-1926,-1903]],"type":"Polygon","properties":{"district":"Lahaul and Spiti","dt_code":"025","st_nm":"Himachal Pradesh","st_code":"02","year":"2011_c"}},{"arcs":[[-1927,-1960,1960,1961,1962,-1953]],"type":"Polygon","properties":{"district":"Chamba","dt_code":"023","st_nm":"Himachal Pradesh","st_code":"02","year":"2011_c"}},{"arcs":[[-1946,-1952,1963,1964,1965,1966]],"type":"Polygon","properties":{"district":"Jammu","dt_code":"021","st_nm":"Jammu and Kashmir","st_code":"01","year":"2011_c"}},{"arcs":[[-1954,-1963,1967,1968,1969,1970]],"type":"Polygon","properties":{"district":"Kathua","dt_code":"007","st_nm":"Jammu and Kashmir","st_code":"01","year":"2011_c"}},{"arcs":[[1971,1972,1973,1974,1975,1976]],"type":"Polygon","properties":{"district":"Gurdaspur","dt_code":"035","st_nm":"Punjab","st_code":"03","year":"2011_c"}},{"arcs":[[-1959,1977,1978,1979,1980,1981,-1973,1982,-1961]],"type":"Polygon","properties":{"district":"Kangra","dt_code":"024","st_nm":"Himachal Pradesh","st_code":"02","year":"2011_c"}},{"arcs":[[-1958,1983,1984,1985,-1978]],"type":"Polygon","properties":{"district":"Kullu","dt_code":"026","st_nm":"Himachal Pradesh","st_code":"02","year":"2011_c"}},{"arcs":[[-1974,-1982,1986,1987,1988,1989,1990,1991]],"type":"Polygon","properties":{"district":"Hoshiarpur","dt_code":"038","st_nm":"Punjab","st_code":"03","year":"2011_c"}},{"arcs":[[-1976,1992,1993,1994]],"type":"Polygon","properties":{"district":"Amritsar","dt_code":"049","st_nm":"Punjab","st_code":"03","year":"2011_c"}},{"arcs":[[-1979,-1986,1995,1996,1997,1998]],"type":"Polygon","properties":{"district":"Mandi","dt_code":"027","st_nm":"Himachal Pradesh","st_code":"02","year":"2011_c"}},{"arcs":[[-1957,1999,2000,2001,-1984]],"type":"Polygon","properties":{"district":"Kinnaur","dt_code":"034","st_nm":"Himachal Pradesh","st_code":"02","year":"2011_c"}},{"arcs":[[-1981,2002,2003,2004,-1987]],"type":"Polygon","properties":{"district":"Una","dt_code":"029","st_nm":"Himachal Pradesh","st_code":"02","year":"2011_c"}},{"arcs":[[-1985,-2002,2005,2006,2007,2008,-1996]],"type":"Polygon","properties":{"district":"Shimla","dt_code":"033","st_nm":"Himachal Pradesh","st_code":"02","year":"2011_c"}},{"arcs":[[-1991,2009,2010,2011,2012,2013,2014]],"type":"Polygon","properties":{"district":"Jalandhar","dt_code":"037","st_nm":"Punjab","st_code":"03","year":"2011_c"}},{"arcs":[[-1994,2015,2016,2017]],"type":"Polygon","properties":{"district":"Tarn Taran","dt_code":"050","st_nm":"Punjab","st_code":"03","year":"2011_c"}},{"arcs":[[-1988,-2005,2018,2019,2020,2021,2022,2023]],"type":"Polygon","properties":{"district":"Rupnagar","dt_code":"051","st_nm":"Punjab","st_code":"03","year":"2011_c"}},{"arcs":[[-2001,2024,2025,2026,2027,2028,-2006]],"type":"Polygon","properties":{"district":"Uttarkashi","dt_code":"056","st_nm":"Uttarakhand","st_code":"05","year":"2011_c"}},{"arcs":[[-1997,-2009,2029,2030,2031,-2020,2032]],"type":"Polygon","properties":{"district":"Solan","dt_code":"031","st_nm":"Himachal Pradesh","st_code":"02","year":"2011_c"}},{"arcs":[[-1989,-2024,2033,-2011,2034]],"type":"Polygon","properties":{"district":"Shahid Bhagat Singh Nagar","dt_code":"039","st_nm":"Punjab","st_code":"03","year":"2011_c"}},{"arcs":[[2035,2036,2037,2038,2039]],"type":"Polygon","properties":{"district":"Fazilka","dt_code":"701","st_nm":"Punjab","st_code":"03","year":"update2014"}},{"arcs":[[-2013,2040,2041,2042,2043,2044]],"type":"Polygon","properties":{"district":"Moga","dt_code":"042","st_nm":"Punjab","st_code":"03","year":"2011_c"}},{"arcs":[[-2012,-2034,-2023,2045,2046,2047,-2041]],"type":"Polygon","properties":{"district":"Ludhiana","dt_code":"041","st_nm":"Punjab","st_code":"03","year":"2011_c"}},{"arcs":[[-2026,2048,2049,2050,2051,2052,2053]],"type":"Polygon","properties":{"district":"Chamoli","dt_code":"057","st_nm":"Uttarakhand","st_code":"05","year":"2011_c"}},{"arcs":[[-2007,-2029,2054,2055,2056,2057,2058]],"type":"Polygon","properties":{"district":"Dehradun","dt_code":"060","st_nm":"Uttarakhand","st_code":"05","year":"2011_c"}},{"arcs":[[-2008,-2059,2059,2060,2061,2062,-2030]],"type":"Polygon","properties":{"district":"Sirmaur","dt_code":"032","st_nm":"Himachal Pradesh","st_code":"02","year":"2011_c"}},{"arcs":[[-2021,-2032,2063,2064,2065,2066,2067,2068]],"type":"Polygon","properties":{"district":"S.A.S. Nagar","dt_code":"052","st_nm":"Punjab","st_code":"03","year":"2011_c"}},{"arcs":[[-2044,2069,2070,2071]],"type":"Polygon","properties":{"district":"Faridkot","dt_code":"045","st_nm":"Punjab","st_code":"03","year":"2011_c"}},{"arcs":[[-2022,-2069,2072,2073,-2046]],"type":"Polygon","properties":{"district":"Fatehgarh Sahib","dt_code":"040","st_nm":"Punjab","st_code":"03","year":"2011_c"}},{"arcs":[[-2028,2074,2075,-2055]],"type":"Polygon","properties":{"district":"Tehri Garhwal","dt_code":"059","st_nm":"Uttarakhand","st_code":"05","year":"2011_c"}},{"arcs":[[-2065,2076]],"type":"Polygon","properties":{"district":"Chandigarh","dt_code":"055","st_nm":"Chandigarh","st_code":"04","year":"2011_c"}},{"arcs":[[-2040,2077,-2071,2078,2079,2080]],"type":"Polygon","properties":{"district":"Sri Muktsar Sahib","dt_code":"044","st_nm":"Punjab","st_code":"03","year":"2011_c"}},{"arcs":[[-2027,-2054,2081,-2075]],"type":"Polygon","properties":{"district":"Rudraprayag","dt_code":"058","st_nm":"Uttarakhand","st_code":"05","year":"2011_c"}},{"arcs":[[-2050,2082,2083,2084,2085]],"type":"Polygon","properties":{"district":"Pithoragarh","dt_code":"062","st_nm":"Uttarakhand","st_code":"05","year":"2011_c"}},{"arcs":[[-2047,-2074,2086,2087,2088,2089,2090]],"type":"Polygon","properties":{"district":"Sangrur","dt_code":"053","st_nm":"Punjab","st_code":"03","year":"2011_c"}},{"arcs":[[-2042,-2048,-2091,2091,2092]],"type":"Polygon","properties":{"district":"Barnala","dt_code":"054","st_nm":"Punjab","st_code":"03","year":"2011_c"}},{"arcs":[[-2043,-2093,2093,2094,-2079,-2070]],"type":"Polygon","properties":{"district":"Bathinda","dt_code":"046","st_nm":"Punjab","st_code":"03","year":"2011_c"}},{"arcs":[[-2068,2095,2096,2097,2098,-2087,-2073]],"type":"Polygon","properties":{"district":"Patiala","dt_code":"048","st_nm":"Punjab","st_code":"03","year":"2011_c"}},{"arcs":[[-2061,2099,2100,2101,2102]],"type":"Polygon","properties":{"district":"Yamunanagar","dt_code":"071","st_nm":"Haryana","st_code":"06","year":"2011_c"}},{"arcs":[[-2058,2103,2104,2105,2106,-2100,-2060]],"type":"Polygon","properties":{"district":"Saharanpur","dt_code":"132","st_nm":"Uttar Pradesh","st_code":"09","year":"2011_c"}},{"arcs":[[-2037,2107,2108,2109]],"type":"Polygon","properties":{"district":"Ganganagar","dt_code":"099","st_nm":"Rajasthan","st_code":"08","year":"2011_c"}},{"arcs":[[-2090,2110,2111,-2094,-2092]],"type":"Polygon","properties":{"district":"Mansa","dt_code":"047","st_nm":"Punjab","st_code":"03","year":"2011_c"}},{"arcs":[[2112,-2102,2113,2114,-2097]],"type":"Polygon","properties":{"district":"Kurukshetra","dt_code":"072","st_nm":"Haryana","st_code":"06","year":"2011_c"}},{"arcs":[[-2051,-2086,2115]],"type":"Polygon","properties":{"district":"Bageshwar","dt_code":"063","st_nm":"Uttarakhand","st_code":"05","year":"2011_c"}},{"arcs":[[-2057,2116,2117,2118,-2104]],"type":"Polygon","properties":{"district":"Haridwar","dt_code":"068","st_nm":"Uttarakhand","st_code":"05","year":"2011_c"}},{"arcs":[[-2053,2119,2120,2121,-2117,-2056,-2076,-2082]],"type":"Polygon","properties":{"district":"Pauri Garhwal","dt_code":"061","st_nm":"Uttarakhand","st_code":"05","year":"2011_c"}},{"arcs":[[-2098,-2115,2122,2123]],"type":"Polygon","properties":{"district":"Kaithal","dt_code":"073","st_nm":"Haryana","st_code":"06","year":"2011_c"}},{"arcs":[[-2080,-2095,-2112,2124,2125]],"type":"Polygon","properties":{"district":"Sirsa","dt_code":"079","st_nm":"Haryana","st_code":"06","year":"2011_c"}},{"arcs":[[-1154,2126,-2108,-2036,-2081,-2126,2127,2128,2129]],"type":"Polygon","properties":{"district":"Hanumangarh","dt_code":"100","st_nm":"Rajasthan","st_code":"08","year":"2011_c"}},{"arcs":[[-2101,-2107,2130,2131,2132,-2123,-2114]],"type":"Polygon","properties":{"district":"Karnal","dt_code":"074","st_nm":"Haryana","st_code":"06","year":"2011_c"}},{"arcs":[[-2052,-2116,-2085,2133,2134,-2120]],"type":"Polygon","properties":{"district":"Almora","dt_code":"064","st_nm":"Uttarakhand","st_code":"05","year":"2011_c"}},{"arcs":[[-2088,-2099,-2124,-2133,2135,2136,2137,2138,2139]],"type":"Polygon","properties":{"district":"Jind","dt_code":"077","st_nm":"Haryana","st_code":"06","year":"2011_c"}},{"arcs":[[-2089,-2140,2140,-2128,-2125,-2111]],"type":"Polygon","properties":{"district":"Fatehabad","dt_code":"078","st_nm":"Haryana","st_code":"06","year":"2011_c"}},{"arcs":[[-1143,2141,2142,-2118,-2122,2143,2144,2145]],"type":"Polygon","properties":{"district":"Bijnor","dt_code":"134","st_nm":"Uttar Pradesh","st_code":"09","year":"2011_c"}},{"arcs":[[-2105,-2119,-2143,2146,2147,2148]],"type":"Polygon","properties":{"district":"Muzaffarnagar","dt_code":"133","st_nm":"Uttar Pradesh","st_code":"09","year":"2011_c"}},{"arcs":[[-2129,-2141,-2139,2149,2150]],"type":"Polygon","properties":{"district":"Hisar","dt_code":"080","st_nm":"Haryana","st_code":"06","year":"2011_c"}},{"arcs":[[-2121,-2135,2151,2152,-2144]],"type":"Polygon","properties":{"district":"Nainital","dt_code":"066","st_nm":"Uttarakhand","st_code":"05","year":"2011_c"}},{"arcs":[[-2132,2153,2154,2155,-2136]],"type":"Polygon","properties":{"district":"Panipat","dt_code":"075","st_nm":"Haryana","st_code":"06","year":"2011_c"}},{"arcs":[[-2084,2156,2157,-2152,-2134]],"type":"Polygon","properties":{"district":"Champawat","dt_code":"065","st_nm":"Uttarakhand","st_code":"05","year":"2011_c"}},{"arcs":[[-1175,2158,2159,-2145,-2153,-2158,2160,-1176]],"type":"Polygon","properties":{"district":"Udham Singh Nagar","dt_code":"067","st_nm":"Uttarakhand","st_code":"05","year":"2011_c"}},{"arcs":[[-1163,-1166,2161,-2137,-2156,2162]],"type":"Polygon","properties":{"district":"Sonipat","dt_code":"076","st_nm":"Haryana","st_code":"06","year":"2011_c"}},{"arcs":[[-1164,-2163,-2155,2163,-2148,2164,-1867]],"type":"Polygon","properties":{"district":"Baghpat","dt_code":"139","st_nm":"Uttar Pradesh","st_code":"09","year":"2011_c"}},{"arcs":[[-1148,-1158,-1868,-2165,-2147,-2142]],"type":"Polygon","properties":{"district":"Meerut","dt_code":"138","st_nm":"Uttar Pradesh","st_code":"09","year":"2011_c"}},{"arcs":[[-1144,-2146,-2160,2165,-1214,-1869]],"type":"Polygon","properties":{"district":"Moradabad","dt_code":"135","st_nm":"Uttar Pradesh","st_code":"09","year":"2011_c"}},{"arcs":[[-1153,-1274,-1259,-1216,2166,-2109,-2127]],"type":"Polygon","properties":{"district":"Bikaner","dt_code":"101","st_nm":"Rajasthan","st_code":"08","year":"2011_c"}},{"arcs":[[-1174,-1215,-2166,-2159]],"type":"Polygon","properties":{"district":"Rampur","dt_code":"136","st_nm":"Uttar Pradesh","st_code":"09","year":"2011_c"}},{"arcs":[[-1149,-2130,-2151,2167,-1870,-1200,-1192]],"type":"Polygon","properties":{"district":"Bhiwani","dt_code":"081","st_nm":"Haryana","st_code":"06","year":"2011_c"}},{"arcs":[[-1170,-1871,-2168,-2150,-2138,-2162]],"type":"Polygon","properties":{"district":"Rohtak","dt_code":"082","st_nm":"Haryana","st_code":"06","year":"2011_c"}},{"arcs":[[-2106,-2149,-2164,-2154,-2131]],"type":"Polygon","properties":{"district":"Shamli","dt_code":"704","st_nm":"Uttar Pradesh","st_code":"09","year":"update2014"}},{"arcs":[[-2014,-2045,-2072,-2078,-2039,2168,-2017,2169]],"type":"Polygon","properties":{"district":"Ferozepur","dt_code":"043","st_nm":"Punjab","st_code":"03","year":"2011_c"}},{"arcs":[[-1962,-1983,-1972,2170,-1968]],"type":"Polygon","properties":{"district":"Pathankot","dt_code":"773","st_nm":"Punjab","st_code":"03","year":"2011_c"}},{"arcs":[[-1949,-1955,-1971,2171,-1964,-1951]],"type":"Polygon","properties":{"district":"Udhampur","dt_code":"019","st_nm":"Jammu and Kashmir","st_code":"01","year":"2011_c"}},{"arcs":[[-1965,-2172,-1970,2172]],"type":"Polygon","properties":{"district":"Samba","dt_code":"022","st_nm":"Jammu and Kashmir","st_code":"01","year":"2011_c"}},{"arcs":[[[-1975,-1992,-2015,-2170,-2016,-1993]],[[-1990,-2035,-2010]]],"type":"MultiPolygon","properties":{"district":"Kapurthala","dt_code":"036","st_nm":"Punjab","st_code":"03","year":"2011_c"}},{"arcs":[[-2031,-2063,2173,-2066,-2077,-2064]],"type":"Polygon","properties":{"district":"Panchkula","dt_code":"069","st_nm":"Haryana","st_code":"06","year":"2011_c"}},{"arcs":[[-2062,-2103,-2113,-2096,-2067,-2174]],"type":"Polygon","properties":{"district":"Ambala","dt_code":"070","st_nm":"Haryana","st_code":"06","year":"2011_c"}},{"arcs":[[-1569,-1840,-1628,-1671]],"type":"Polygon","properties":{"district":"Aurangabad","dt_code":"235","st_nm":"Bihar","st_code":"10","year":"2011_c"}},{"arcs":[[-1644,-1681,-1741,-1799,-1817,-1861,-1859,-1663]],"type":"Polygon","properties":{"district":"Balrampur","dt_code":"716","st_nm":"Chhattisgarh","st_code":"22","year":"2011_c"}},{"arcs":[[-1257,2174,-1306,-1318]],"type":"Polygon","properties":{"district":"Balrampur","dt_code":"182","st_nm":"Uttar Pradesh","st_code":"09","year":"2011_c"}},{"arcs":[[-1375,-1447,-1506,-1882,-1482,-1432,-1390]],"type":"Polygon","properties":{"district":"Hamirpur","dt_code":"168","st_nm":"Uttar Pradesh","st_code":"09","year":"2011_c"}},{"arcs":[[-1980,-1999,2175,-2003]],"type":"Polygon","properties":{"district":"Hamirpur","dt_code":"028","st_nm":"Himachal Pradesh","st_code":"02","year":"2011_c"}},{"arcs":[[-1575,-1885,-1600,-1649,-1745,-1730,-1720]],"type":"Polygon","properties":{"district":"Pratapgarh","dt_code":"131","st_nm":"Rajasthan","st_code":"08","year":"2011_c"}},{"arcs":[[-1416,-1457,-1529,-1511,-1430,-1866]],"type":"Polygon","properties":{"district":"Pratapgarh","dt_code":"173","st_nm":"Uttar Pradesh","st_code":"09","year":"2011_c"}},{"arcs":[[-1998,-2033,-2019,-2004,-2176]],"type":"Polygon","properties":{"district":"Bilaspur","dt_code":"030","st_nm":"Himachal Pradesh","st_code":"02","year":"2011_c"}},{"arcs":[[-1486,-1541,-1586]],"type":"Polygon","properties":{"district":"Niwari","dt_code":"782","st_nm":"Madhya Pradesh","st_code":"23","year":"2018"}},{"arcs":[[-1901,-1909,-1916,-1940,2176]],"type":"Polygon","properties":{"district":"Muzaffarabad","dt_code":"992","st_nm":"Jammu and Kashmir","st_code":"01","year":"2011_c"}},{"arcs":[[-1938,-1947,-1967,2177]],"type":"Polygon","properties":{"district":"Mirpur","dt_code":"991","st_nm":"Jammu and Kashmir","st_code":"01","year":"2011_c"}},{"arcs":[[35,30,18,23,25,26,27,28,15,16,4,5,8,9,34,13,32]],"type":"Polygon","properties":{"st_nm":"Mizoram","st_code":"15"},"id":"Mizoram"},{"arcs":[[135,136,140,141,148,149,112,150,151,108,143,147,128,156,131,132,157,158,153,154,155,126,121,116,103,88,89,90,91,77,78,79,80,75,64,48,49,50,51,52,53,164,160,163,39,40,41,43,166]],"type":"Polygon","properties":{"st_nm":"Tamil Nadu","st_code":"33"},"id":"Tamil Nadu"},{"arcs":[[-185,755,756,695,696,697,-1801,-1732,-1731,1744,1648,1599,1600,-1460,1597,1649,-1499,-1637,-1636,-1635,-1634,1617,-1560,1495,1439,1440,-1396,-1360,-1359,-1373,-1316,-1315,-1372,1391,1392,-1490,-1489,-1488,-1590,1492,-1589,-1588,-1587,1539,-1586,-1486,-1485,-1484,-1883,-1504,-1503,-1502,-1555,-1554,-1527,-1585,-1584,-1645,1662,1663,1664,1674,1710,-1757,-823,-822,-788,-740,-739,-738,750,-176,-180,748,689,699,700,-776,742,167,168,169,-186]],"type":"Polygon","properties":{"st_nm":"Madhya Pradesh","st_code":"23"},"id":"Madhya Pradesh"},{"arcs":[[264,265,268,317,318,319,320,321,349,351,352,358,359,380,381,383,-397,404,405,373,817,336,556,660,-210,-660,-208,-207,241,242,-654,780,-655,-657,762,-753,763,-696,-757,-756,184,185,-170,-169,-168,-743,775,-701,-700,-690,-749,179,175,172,247,248,249,250,251,252,253]],"type":"Polygon","properties":{"st_nm":"Maharashtra","st_code":"27"},"id":"Maharashtra"},{"arcs":[[-310,-309,-308,-343,-358,-357,-415,-674,-673,-575,816,-251,-250,-249,-248,-173,-751,737,738,739,787,821,822,1756,-1711,-1675,-1665,-1664,-1663,-1644,-1681,-1741,-1799,-1798,1817,-731,-730,-772,-783,186,187,-233,-295,-311]],"type":"Polygon","properties":{"st_nm":"Chhattisgarh","st_code":"22"},"id":"Chhattisgarh"},{"arcs":[[725,677,1892,1770,807,643,795,796,797,809,746,814,812,1894,1889,-1385,-1474,-1473,-1553,-1552,-1578,-1577,-1723,-1722,-1734,-1733,1800,-698,-697,-764,752,-763,656,654,-781,653,-243,-242,206,207,208,209,202,203,204,826,779]],"type":"Polygon","properties":{"st_nm":"Gujarat","st_code":"24"},"id":"Gujarat"},{"arcs":[[720,721,722,717,767,-685,-717,768,215,658,296,298,661,-345,-344,314,315,339,340,354,355,356,357,342,307,308,309,310,294,232,-188,-187,782,771,729,730,731,732,765]],"type":"Polygon","properties":{"st_nm":"Odisha","st_code":"21","year":"2011_c"},"id":"Odisha"},{"arcs":[[-41,-40,-164,-161,-165,-54,-490,-480,457,458,459,460,461,-442,432,-419,427,428,429,426,408,409,410,386,387,535,536,413,414,-356,-355,-341,-340,-316,-315,343,344,345,347,362,411,537,389,406,422,464],[415]],"type":"Polygon","properties":{"st_nm":"Andhra Pradesh","st_code":"37","year":"2011_c"},"id":"Andhra Pradesh"},{"arcs":[[416,417,418,-433,441,-462,-461,-460,-459,-458,479,489,-53,-52,-51,-50,-49,-65,-76,-81,503,-511,501,502,-498,494,495,475,450,451,-439,395,396,-384,-382,-381,-360,-359,-353,-352,-350,-322,364,365,375,376,377,397]],"type":"Polygon","properties":{"st_nm":"Karnataka","st_code":"29","year":"2011_c"},"id":"Karnataka"},{"arcs":[[440,-405,-396,438,-452,452]],"type":"Polygon","properties":{"st_nm":"Goa","st_code":"30","year":"2011_c"},"id":"Goa"},{"arcs":[[-80,-79,-78,-92,-91,-90,-89,-104,-117,-122,-127,-156,-155,-154,-159,-158,-133,534,533,529,525,519,515,512,668,499,-495,497,-503,-502,510,-504],[669]],"type":"Polygon","properties":{"st_nm":"Kerala","st_code":"32","year":"2011_c"},"id":"Kerala"},{"arcs":[[-254,-253,-252,-817,574,672,673,-414,-537,-536,-388,-387,-411,-410,-409,-427,-430,-429,-428,-418,-417,-398,-378,-377,-376,-366,-365,-321,-320,-319,-318,-269,-266,-265]],"type":"Polygon","properties":{"st_nm":"Telangana","st_code":"36"},"id":"Telangana"},{"arcs":[[715,716,684,-768,-718,799,1774,1775,1776,-1749,-1746,-1728,-1727,-1718,1668,-1660,-1646,1641,-1562,1537,-1477,-1481,-1858,1879,1329,1330,-1287,-1291,-1290,-1293,1873,1344,1872,-938,-937,-964,1877,1347,1327,1878,1531,1535,1637,1713,1807,640,1823]],"type":"Polygon","properties":{"st_nm":"West Bengal","st_code":"19"},"id":"West Bengal"},{"arcs":[[[-204,828]],[[-209,659]],[[-797,829]]],"type":"MultiPolygon","properties":{"st_nm":"Dadra and Nagar Haveli and Daman and Diu","st_code":"26","year":"2011_c"},"id":"Dadra and Nagar Haveli and Daman and Diu"},{"arcs":[[[-113,-150,825,-151]],[[-137,670,-141]],[[-416]],[[-670]]],"type":"MultiPolygon","properties":{"st_nm":"Puducherry","st_code":"34","year":"2011_c"},"id":"Puducherry"},{"arcs":[[827]],"type":"Polygon","properties":{"district":"Lakshadweep","dt_code":"587","st_nm":"Lakshadweep","st_code":"31","year":"2011_c"},"id":"Lakshadweep"},{"arcs":[[-853,-880,869,870,-1104,-904,-903,-919,1091,865,1087,1084,836,1136,1124,1131,1133,841,855,880,1108,-894,-1103,-861,-860,-845,-844,-843,-850,-849,-848,-855,-854]],"type":"Polygon","properties":{"st_nm":"Arunachal Pradesh","st_code":"12"},"id":"Arunachal Pradesh"},{"arcs":[[1102,-893,883,884,885,888,889,905,906,-1076,-993,977,978,-1012,1019,1020,-5,-17,-16,-29,-28,1027,1028,1018,-1003,980,981,-1093,-972,951,964,954,955,956,968,969,-1073,-1097,1106,962,963,936,937,938,922,928,917,918,902,903,1103,-871,-870,879,852,853,854,847,848,849,842,843,844,859,860]],"type":"Polygon","properties":{"st_nm":"Assam","st_code":"18"},"id":"Assam"},{"arcs":[[965,1065,1066,-999,-998,995,996,-978,992,1075,-907,-906,-890,-889,-886,-885,-884,892,893,894,942]],"type":"Polygon","properties":{"st_nm":"Nagaland","st_code":"13","year":"2011_c"},"id":"Nagaland"},{"arcs":[[1093,1006,1094,1013,1070,1095,1096,1072,-970,-969,-957,-956,-955,-965,-952,971,1092,-982,-981,1002,1003]],"type":"Polygon","properties":{"st_nm":"Meghalaya","st_code":"17"},"id":"Meghalaya"},{"arcs":[[985,1118,1038,1040,1121,-9,-6,-1021,-1020,1011,-979,-997,-996,997,998,-1067,1119]],"type":"Polygon","properties":{"st_nm":"Manipur","st_code":"14"},"id":"Manipur"},{"arcs":[[1100,1053,1099,1098,1050,1101,1046,-1028,-27,1043,1047,1057]],"type":"Polygon","properties":{"st_nm":"Tripura","st_code":"16"},"id":"Tripura"},{"arcs":[[[1139]],[[1140]],[[1141]]],"type":"MultiPolygon","properties":{"st_nm":"Andaman and Nicobar Islands","st_code":"35","year":"2011_c"},"id":"Andaman and Nicobar Islands"},{"arcs":[[-2160,-2159,1174,1175,1176,1186,1219,1255,2174,1306,1312,-1299,-1298,1334,1399,1400,1447,1448,1449,1450,1506,1507,1555,-1567,-1572,1642,1643,1644,1583,1584,1526,1553,1554,1501,1502,1503,1882,1483,1484,1485,1585,-1540,1586,1587,1588,-1493,1589,1487,1488,1489,-1393,-1392,1371,1314,1315,1316,-1266,1250,-1226,-1234,-1233,1183,1184,-1159,-1165,-1164,-2163,-2155,-2154,-2131,2106,-2100,-2060,-2058,2103,-2119,-2118,-2122,2143,2144]],"type":"Polygon","properties":{"st_nm":"Uttar Pradesh","st_code":"09"},"id":"Uttar Pradesh"},{"arcs":[[-1205,-1204,-1203,-1207,-1228,-1227,-1251,1265,-1317,1372,1358,1359,1395,-1441,-1440,-1496,1559,-1618,1633,1634,1635,1636,1498,-1650,-1598,1459,-1601,-1600,-1649,-1745,1730,1731,1732,1733,1721,1722,1576,1577,1551,1552,1472,1473,1384,1385,1218,2166,2109,-2037,-2036,-2081,-2126,2127,2128,2129,1148,1191,1192]],"type":"Polygon","properties":{"st_nm":"Rajasthan","st_code":"08","year":"2011_c"},"id":"Rajasthan"},{"arcs":[[1158,1159,1160,1161,1162,1163,1164]],"type":"Polygon","properties":{"st_nm":"Delhi","st_code":"07"},"id":"Delhi"},{"arcs":[[-1163,-1162,-1161,-1160,-1185,-1184,1232,1233,1225,1226,1227,1206,1202,1203,1204,-1193,-1192,-1149,-2130,-2129,-2128,2125,-2080,-2095,-2112,-2111,-2089,-2088,-2099,-2098,-2097,-2096,-2067,-2066,-2077,-2064,-2031,-2063,-2062,-2061,2099,-2107,2130,2153,2154,2162]],"type":"Polygon","properties":{"st_nm":"Haryana","st_code":"06"},"id":"Haryana"},{"arcs":[[1286,1287,1239,1291,1292,1289,1290]],"type":"Polygon","properties":{"st_nm":"Sikkim","st_code":"11","year":"2011_c"},"id":"Sikkim"},{"arcs":[[1297,1298,1299,1361,1403,1855,1854,1850,1893,-1330,-1880,1857,1480,1476,1477,-1565,-1582,-1581,1601,1602,1591,1592,1618,1619,1623,1624,1625,1626,-1671,1569,1570,1571,1566,-1556,-1508,-1507,-1451,-1450,-1449,-1448,-1401,-1400,-1335]],"type":"Polygon","properties":{"st_nm":"Bihar","st_code":"10","year":"2011_c"},"id":"Bihar"},{"arcs":[[1659,-1669,1717,1726,1727,1745,1748,-1777,-1776,-1775,-800,-723,-722,-721,-766,-733,-732,-1818,1797,1798,1740,1680,-1643,-1571,-1570,1670,-1627,-1626,-1625,-1624,-1620,-1619,-1593,-1592,-1603,-1602,1580,1581,1564,-1478,-1538,1561,-1642,1645]],"type":"Polygon","properties":{"st_nm":"Jharkhand","st_code":"20","year":"2011_c"},"id":"Jharkhand"},{"arcs":[[1897,1898,1899,1900,1901,1895,1902,1903,1904,1905]],"type":"Polygon","properties":{"st_nm":"Ladakh","st_code":"38","year":"2011_c"},"id":"Ladakh"},{"arcs":[[-1898,-1906,-1905,-1904,1925,1926,1952,-1963,1967,1968,2172,1965,2177,1938,2176,-1901,-1900,-1899]],"type":"Polygon","properties":{"st_nm":"Jammu and Kashmir","st_code":"01","year":"2011_c"},"id":"Jammu and Kashmir"},{"arcs":[[2005,2006,-2059,2059,2060,2061,2062,2030,2031,-2020,-2019,2004,-1987,1981,-1973,1982,1961,1962,-1953,-1927,-1926,-1903,-1896,1955,1999,2000]],"type":"Polygon","properties":{"st_nm":"Himachal Pradesh","st_code":"02","year":"2011_c"},"id":"Himachal Pradesh"},{"arcs":[[-1962,-1983,1972,-1982,1986,-2005,2018,2019,-2032,2063,2064,2065,2066,2095,2096,2097,2098,2087,2088,2110,2111,2094,2079,2080,2035,2036,2037,2168,2017,1994,1976,2170,-1968]],"type":"Polygon","properties":{"st_nm":"Punjab","st_code":"03"},"id":"Punjab"},{"arcs":[[2082,2156,2160,-1176,-1175,2158,2159,-2145,-2144,2121,2117,2118,-2104,2057,2058,-2007,-2006,-2001,2024,2048]],"type":"Polygon","properties":{"st_nm":"Uttarakhand","st_code":"05","year":"2011_c"},"id":"Uttarakhand"},{"arcs":[[-2065,2076]],"type":"Polygon","properties":{"district":"Chandigarh","dt_code":"055","st_nm":"Chandigarh","st_code":"04","year":"2011_c"},"id":"Chandigarh"},{"arcs":[[2178,2179]],"type":"Polygon","properties":{"dt_code":"469","district":"Banaskantha","st_nm":"Gujarat","st_code":"24","year":"2011_c"}},{"arcs":[[-2179,2180]],"type":"Polygon","properties":{"dt_code":"746","district":"Vav-Tharad","st_nm":"Gujarat","st_code":"24","year":"update2025"}}]}}}